"date","c.hp1","c.hp3k1","c.hp25k1","c.hp125k1","c.hp221k1","c.hp400k1","c.hamilton13t1","c.hamilton20t1","c.hamilton24t1","c.hamilton28t1","c.linear2","c.quad2","c.poly3","c.poly4","c.poly5","c.poly6","c.bn2","c.bn3","c.bn4","c.stm1","c.ma1"
1975-07-01,0.72813024654684,1.28472302439077,2.34711431158435,2.58772902412423,2.62191472406653,2.64314869006392,5.92074610855299,2.621254009992,0.0207141803078486,-0.0312435439595333,0.572637304525188,1.59988959293395,0.301530928748662,-2.93412565257324,-3.35062566425704,-0.462868368709763,-0.905324736408139,0.0101596491119024,1.5962017326003,2.76933204041363,4.58750000000001
1975-10-01,0.103833339159195,0.650222907995271,1.81370614114691,2.12745637654871,2.17566707124908,2.20618125361096,6.06381558093679,2.50939169194024,0.263055119771607,-0.549563588528486,0.748638312852023,1.00263278388279,-0.323377317127324,-3.27412824530364,-3.12423986333381,0.059181448946191,-0.137712065793029,-0.790285767911606,0.00529252666225106,2.29487998065558,3.875
1976-01-01,-0.477522117010793,0.0327855370782117,1.23695159450763,1.60505865894157,1.66462319324454,1.70281114860019,5.60243863716579,3.48915664260579,0.317978318043771,-0.543801646045353,0.20585164835164,0.475998688811188,-0.820577836342736,-3.4457558944019,-2.75957788132207,0.617994334832701,-0.292625690037802,-0.0909113499617824,-0.926469809163491,1.75951724537839,3.19375000000001
1976-04-01,-0.931608950497832,-0.477722527639926,0.714238421341022,1.11862614921617,1.18681081376582,1.23099712391867,1.83396796513844,3.17295662143499,0.700844086394866,-0.390249327819618,0.54527972027973,-0.0740736875065124,-1.28675577276104,-3.55386582726733,-2.36803844245259,1.11011819959961,-0.277538044071051,-0.220487031311002,-0.121933265327142,1.26161986790237,2.43125000000001
1976-07-01,-1.35374587533842,-0.974037877345182,0.153571633792325,0.57395771153115,0.647403645807884,0.695464377463367,0.90073428790626,2.26938267709377,0.69856893212868,-0.201635406922918,0.968260098110839,-0.642421581929923,-1.71963005248112,-3.60370838206086,-1.95977074522098,1.5340792745195,-0.428119631534258,-0.189407504367457,-0.298311730552657,0.707533857436388,1.6125
1976-10-01,-1.74090465068355,-1.45039643144212,-0.437661864080738,-0.0234514752078212,0.0512814993773816,0.100635123072621,4.59149845377515,2.53022170822308,0.796016901091505,0.216557330811241,1.38258839492379,-0.962545329617896,-1.88194449746155,-3.39478490978701,-1.3691943814661,2.03345806047781,-0.624650028288458,-0.342689781505793,-0.24614286416375,0.103280858099538,0.999999999999986
1977-01-01,-1.85161318044183,-1.65458663321249,-0.784617911185791,-0.390934942214002,-0.317622123304957,-0.268758754760626,2.95071167421807,0.89095215190477,0.775131748386102,-0.275961186759716,1.37888307821505,-1.76434965290466,-2.45800171875241,-3.55853355426679,-1.1632125337953,2.12191552768667,-0.235907741410426,-0.513602501012537,-0.520853797896972,-0.269217667063771,-0.0500000000000114
1977-04-01,-2.37839555461055,-2.29134540186645,-1.62604658712908,-1.28501730385436,-1.21962561019328,-1.17566130389082,-1.28572810129815,1.56400710313301,0.388276060998976,-0.376606903440617,0.765607112410173,-2.28413087218966,-2.71717843291634,-3.40733677426881,-0.699734964687522,2.40006853826716,-1.35037941352557,-0.0973526910049131,-0.731788412841241,-1.16382531208286,-0.768749999999997
1977-07-01,-2.58647553137365,-2.61406281437847,-2.18944306918866,-1.92411862316828,-1.87172733558516,-1.83620453886807,-2.99001072385015,2.40026162233698,-0.251681074756505,-0.136040079026685,0.0510209080570334,-2.46645204560697,-2.63926187260549,-2.96179658476591,-0.0364060875184578,2.7841165551347,-1.0132301252881,-1.17575474387304,-0.16569328703235,-1.79998927637601,-1.125
1977-10-01,-2.45517538832702,-2.5894523841709,-2.41168544107239,-2.23318041621309,-2.19671629807263,-2.17178280467063,-1.31377832401797,1.60409854151689,0.369269644933368,0.0609222219407286,-0.957260228034876,-2.26309730529294,-2.21248928843951,-2.24802297184317,0.771787389966903,3.20559711615157,-0.512904732190701,-0.913449383119534,-1.26962598523454,-2.10429243716364,-1.08750000000001
1978-01-01,-1.97555056558834,-2.19578446104947,-2.23841559503111,-2.1433531877896,-2.12285963568866,-2.10871755430574,-1.24887873423012,1.99484865006858,0.623817969823804,0.536391532293948,-1.25543711278326,-1.80849993829447,-1.59179768809905,-1.4364912713723,1.55322223088282,3.50974276367216,0.129822170916081,-0.559450572647807,-0.926522642166822,-2.01011569803642,-0.700000000000003
1978-04-01,-1.30812516302673,-1.58642317134105,-1.80213651897569,-1.77691660122858,-1.77023705650144,-1.76555910075776,0.833927833371206,2.74227423433217,2.98663425731608,2.51551355228959,-1.02569418733802,-0.0735579415031395,0.138514000662511,0.267545637004901,2.98955038258552,4.28075700774085,0.277324824534273,-0.488696562427702,-0.691269595146366,-1.64142497782279,1.15625
1978-07-01,0.453849751579924,0.18210422387881,-0.0612389635978445,-0.0436542827163038,-0.0378416033319127,-0.0336500602723078,0.568246395142111,5.77742611176515,3.49652510006963,2.15902243863057,-1.40028582006664,-0.396295874822187,-0.15921375921377,-0.0200825632404502,2.49798395097514,3.27028760439568,2.55942847858603,0.333229458132806,-0.217446247975008,0.0835743447126873,0.993750000000006
1978-10-01,0.17347287291507,-0.0946936366151618,-0.381738537822628,-0.383278692639209,-0.380999914243361,-0.379204701042369,-1.00168718641413,3.7162219863272,3.11067652855739,3.14160031906567,-1.77023613086771,-0.0602159945317879,0.170112063375228,0.281057632130228,2.57162373336168,2.86445536076215,-0.228324842254162,2.11735424354632,0.531238712514045,-0.261867195339164,1.5625
1979-01-01,0.50506031834135,0.256416892721901,-0.0403608569635168,-0.048394611978182,-0.0470267081441875,-0.0457933792139613,-1.6825050017587,0.684186610963039,2.40611512865046,2.61772715030928,-1.6487012987013,-0.826806088648198,-0.534878911894225,-0.370693563598309,1.80054207580855,1.78292408885135,0.581550944395846,0.0486301044321055,1.98565517117035,0.0652633691152857,0.96875
1979-04-01,-0.200476211330667,-0.448968981645436,-0.8073199493586,-0.849923718304936,-0.856002311715216,-0.860070629824818,0.773937992358697,0.496048446969226,2.53067416366204,3.86852030826283,-2.11120984278879,0.628921711200192,0.851221879386443,0.910692120818695,2.80089084357374,2.3460649643543,-0.297521299817368,-0.425309030085532,0.959005194433407,-0.738372641367434,2.63124999999999
1979-07-01,1.15863322928708,0.958129142709822,0.656677448895607,0.633688628058138,0.632335930991886,0.631729841710069,1.13043270519978,2.00705921571868,4.27256597951754,4.03349340475852,-2.07419205267306,0.67586416747811,0.828778535107645,0.793659044550552,2.44203316698531,1.64717573995301,2.32237214551824,-0.610925212155736,0.0585332010030892,0.73312319573003,2.86874999999999
1979-10-01,1.10004472082026,0.948093912720921,0.709931824066999,0.709525102185452,0.713725206107981,0.717248566958474,1.25154054056348,1.02125525503905,2.22864293780334,3.50086334087958,-2.24080817916261,0.358173933427096,0.473053240026076,0.388754451788841,1.86847924441059,0.853313250459763,0.292108388561813,1.47634702109138,-0.694007582967618,0.796795038970359,2.7
1980-01-01,0.708839813555088,0.593698323860849,0.395856352152776,0.40717561868874,0.414520176928448,0.420465844728611,1.56009219591843,0.153638698831685,1.06630362497437,3.23544656464588,-1.7055883731833,0.697974254742576,0.748451910623515,0.588979631262205,1.88803236859445,0.670095923083835,0.0523009747881911,0.0712050134448184,2.25289769912325,0.48492781841189,3.18124999999999
1980-04-01,0.939859503051622,0.869295642324531,0.73832540885789,0.774732869772862,0.78851155269399,0.799377296176345,3.8925643619252,1.05147379719266,0.969769837824103,2.76155711847534,-1.06275218307738,2.07190387566527,1.9473191773417,1.59104088387133,2.59595680554573,1.08811365482239,1.19328902730203,-0.514305880182433,1.29033817188954,0.840732551101311,4.73124999999999
1980-07-01,2.06287070120192,2.07362580454362,2.11216402646538,2.22595545821747,2.25908958345175,2.28468153875158,3.7239326100847,-1.07631668595255,0.994731250120608,1.35358061890538,-0.326868449407385,1.41336845640402,1.17825151806241,0.719381687438414,1.5640367574821,-0.0549152090624716,1.62964862848975,0.782098329847726,0.0287927574906074,2.27012173687767,4.175
1980-10-01,1.2357119402638,1.29944996707434,1.4506775482152,1.61851790566516,1.6660056245141,1.70282450397526,2.92900143522832,-1.2739964934669,0.203313780383795,1.25768879948636,0.705812098568487,1.26533360332085,0.938160066492273,0.408611023853226,1.1445995975032,-0.514207773554887,-0.293884179407284,1.35344779586608,1.39987139383361,1.64635228299359,4.09375
1981-01-01,0.946545157065756,1.0514361124999,1.29770760945156,1.51458388441988,1.57571949483288,1.62345357269719,3.31529503598482,0.105379766011623,-0.65230843334534,0.521228339978435,1.33589990212953,1.21685557944107,0.806816583890964,0.224840222594835,0.88342234803757,-0.773972122209557,0.218960732507048,-0.314202269257156,2.25497864413586,1.52765714954195,4.04375
1981-04-01,0.774158917483561,0.911739606741037,1.2426172942706,1.50688525406272,1.58176526737505,1.64071343356042,5.18456031202038,1.73070548136197,0.605999632438383,0.729339009185239,1.76791088528434,2.51650549554223,1.92492806264447,1.18099135576045,1.65132461824747,-0.11448148656666,0.713643093469021,-0.16456813946988,0.758477192202498,1.50600527965084,5.34375
1981-07-01,1.81820678869347,2.02013990598495,2.52628993703334,2.8866481618299,2.9880681819243,3.06837803870138,2.9895330373805,1.78920950734241,-0.608656050504706,-0.465054807136028,1.69431105240812,2.05628052781219,1.32956091555383,0.493997934163517,0.873606176312933,-0.881289467177794,1.52696316430374,0.446457439279563,0.723604243060161,2.86203559569202,4.825
1981-10-01,1.1732233570773,1.41540109478353,2.04982013482298,2.48919301960548,2.61377104866534,2.7132377335089,5.20278660927444,1.92766216551436,-0.666273388842853,-1.20359871436035,1.31630519306943,1.81347962382445,0.978010245813422,0.091631030298231,0.435526329119483,-1.24816041946866,-0.0189049834299435,1.21592894502088,1.34149029368507,2.44516238585189,4.50000000000001
1982-01-01,0.791259169279769,1.05762618770741,1.79052451530178,2.29937862057778,2.44550447924816,2.56325886293195,7.18140641146495,2.83373813647799,1.15864008400278,-0.235773206718989,0.935410869641792,2.39894024514811,1.41566093082946,0.438965929445899,0.708753733462558,-0.947571220391083,0.368514593613423,-0.0922095233480951,3.30487582392345,2.23848374924347,5.03125000000001
1982-04-01,1.18771274086166,1.4879226141235,2.35233089586903,2.95178882064201,3.1256783673924,3.26702578465046,5.98536526149141,4.31373398428701,2.03296501252289,1.08898691377152,0.850221314266264,2.82797464707578,1.67227462327608,0.58625707777891,0.770219832011875,-0.869458628570541,1.13733409813424,0.235456110456682,1.02810716230412,2.86994702231495,5.51875000000001
1982-07-01,1.39816187819552,1.73603906012136,2.75092453502964,3.45611915634784,3.66266037929165,3.83198591028653,4.0611895980289,4.29653438929232,2.93705859543246,2.02332339141103,1.15971519117587,3.11461219939481,1.77418652720196,0.576066949605504,0.681708514669438,-0.930724752856406,1.0664324093262,0.986538852089081,1.76544305243075,3.35063069887289,5.83750000000001
1982-10-01,1.45520677666345,1.82956896833994,3.00129569431365,3.8217502651997,4.06453128236312,4.26528890353711,3.98228533033866,5.40530337423228,3.32698743810603,2.44812221467518,1.4632823698041,3.00011559268222,1.49331644751059,0.216783710549791,0.290982877630057,-1.2440869315097,0.861151250744385,0.895644562236342,2.80837322636616,3.69117357238692,5.75624999999999
1983-01-01,1.14850535396572,1.54608596346506,2.84965248805356,3.77951959211818,4.0581954554294,4.2907454832179,9.07817187678555,7.78386284677391,4.92107803000017,4.17963693878228,2.25997102476765,4.15363238936467,2.40422029529974,0.968777985704591,0.928526092524791,-0.620067701705878,1.0123523719478,0.875283880682356,4.24956532399733,3.62573847275766,6.91250000000001
1983-04-01,1.99686367927917,2.44260802649727,3.94812028443508,5.02852386830622,5.35511664790998,5.62988944772121,7.18319065768071,8.0396946186366,6.97174010032282,5.66077988738243,2.84789969462764,5.00360871292851,2.96224232079855,1.32594465719096,1.13932664288845,-0.449379169502791,2.58444807230254,1.0084791105539,4.96750652718657,4.84316315724148,7.86875000000001
1983-07-01,2.4705540121001,2.97736405792519,4.72737297624195,5.9877732333705,6.37160524001709,6.69707623469893,3.15056766731811,7.52825984789919,5.36530966995667,4.74575512880746,3.02957266192247,3.39648376259798,1.19419035222406,-0.468293279260905,-0.59156852429382,-1.99216102165936,1.04376490009511,1.66230402391517,1.90116367197564,5.76523875123806,6.30000000000001
1983-10-01,0.715464901774354,1.22219520127402,3.07213393772049,4.44976398759202,4.87585270595414,5.24066567630562,6.01035776492228,9.8228883428296,6.16892051099732,5.10872140961816,2.70487821948488,3.01330710797612,0.685667002557949,-0.955186173023932,-0.96599442432229,-2.14518023854163,-0.724437155767016,1.08200445670916,3.38051275042487,4.20464362866871,5.90625000000001
1984-01-01,0.255709642761047,0.74337991129471,2.64697808525312,4.12416790209906,4.58904970569229,4.99111396700985,5.00686169135454,4.96919915828401,5.83022483420777,4.2608173468338,2.07684368782782,1.6515700610141,-0.698801660620504,-2.19472002796743,-1.96585729099418,-2.81356814950274,-0.044879213611214,-0.713364866723459,1.19943158084802,3.86065988556447,4.5
1984-04-01,-0.996942862033663,-0.57296073693719,1.26830133618652,2.79074085949495,3.2809355325185,3.7097403774019,1.92739533161415,3.63636685034088,4.66727503789303,4.60337287201918,1.24590258783926,0.858425619544917,-1.45802102659248,-2.74996136348329,-2.23799667968183,-2.74563052027408,-0.82320302163768,-0.0260453996018963,-1.41423135692223,2.52087150172417,3.72500000000001
1984-07-01,-1.57636166295383,-1.23770192242506,0.475546967551963,2.01015693894222,2.51740770671624,2.96656114569933,0.321619081133235,2.60472817224225,4.93758302215329,5.49803587213293,0.310902842861601,0.767520098948665,-1.51038054825891,-2.60572160457343,-1.84529915817484,-2.0881029416478,-0.241579821659447,-0.781367684101531,-0.0747379619233794,1.74088845125816,3.60625
1984-10-01,-1.44472751150053,-1.18804362519639,0.389820309405167,1.92994055094113,2.45280063236164,2.92148991415078,2.7665883264698,7.34800490525353,7.46253624783182,6.86087433984821,-0.230802308802311,1.40894809480947,-0.876315631563159,-1.84191352316273,-0.930543826029592,-1.04195050261953,0.436369456517534,-0.301394861220193,-0.62678015601829,1.66225002220548,4.22500000000001
1985-01-01,-0.667644521501202,-0.466564497229854,1.02575742955358,2.59226652430134,3.13663575477239,3.63024136649304,4.17204863220302,4.55144015349809,4.83872869517369,7.53081941968767,-0.979625562556258,1.89609027373325,-0.429285850800952,-1.31131102975429,-0.314644159816311,-0.380105357031653,1.05944796090693,0.296260109342187,0.203683350143222,2.32113313994351,4.69375000000001
1985-04-01,-0.111430937593951,0.0544812305940638,1.49853458638106,3.10674697839842,3.67712419364112,4.1999320907447,2.90023355503558,4.35419461429129,5.82906436138272,8.02629648106409,-1.84145602795573,3.52138523389748,1.04843033879452,0.118540901228045,1.04649125104196,0.858168765200489,1.56326392859551,0.934313492622811,1.49951432961791,2.82861440391645,6.425
1985-07-01,1.37499828555441,1.55765104216029,3.07371682772099,4.78117586193433,5.3936293128283,5.95990950894928,3.27622362378341,7.0036430547849,5.48215801334783,7.28311022659463,-2.21243306512262,3.8061580195932,1.17366706204514,0.187989356831693,1.04457909894445,0.742726327127073,2.45333636309689,1.17761623828512,2.17402933872487,4.48341180621019,6.78749999999999
1985-10-01,1.49330276517396,1.69961161305694,3.30124425179491,5.11541267570941,5.77276934850678,6.38567834730691,4.58533950560737,8.35302563106096,9.99286130656675,8.43900191866878,-2.59572442120987,4.60288594900246,1.76577010642774,0.67762938783315,1.41761300291952,0.96607216105447,1.6504970215132,2.37576937230705,3.14606006447737,4.79685803723801,7.65624999999999
1986-01-01,2.03416716572747,2.28422532285691,4.02098398193161,5.96794923167472,6.67816776468787,7.34534325945172,4.24777360128279,5.34971890614602,6.97559846800792,8.35668293197121,-3.08675717486396,4.30922143893842,1.29625431877238,0.150469292066902,0.834534889692307,0.313101614436121,1.84566143401485,1.24733632395937,3.73541469648491,5.62338677811461,7.45625
1986-04-01,1.54170014092973,1.82064621764043,3.65714853354137,5.72215051949408,6.48220697445369,7.20188436506527,5.0239221412245,7.9268550964639,8.34271142812842,11.5623833729733,-3.40616490427811,7.69469229412803,4.29458649268207,2.84676152743886,3.20883830335896,2.34447831623966,3.83631049730061,2.23219695240957,10.2230371262739,5.35549410199675,11.03125
1986-07-01,4.31131411295091,4.71130711987242,6.88454746582804,9.1885032315997,10.0324037548899,10.8350391098099,6.49527871067113,11.8469265755688,12.9086765213935,13.7201011400332,-4.35437438597376,10.3211514724034,6.3829939544342,4.47873425497561,4.37740078350602,3.05897213321053,13.303996997946,4.30126231206269,23.6727121256904,8.77372644252318,13.90625
1986-10-01,6.02937251303014,6.60767598620238,9.28058525228164,11.9146818301604,12.8691627435424,13.7794107800404,10.008863789139,13.4562985220005,13.757218200337,14.3994624219357,-4.91951057034817,10.4081616126973,5.95087226548259,3.6498868733028,3.19551094846265,1.591129716061,6.35659762490016,9.20138981441614,12.6503208294123,11.4332548346892,14.2125
1987-01-01,5.26948017369142,5.99947483750677,9.13220477589736,12.0919545177097,13.1582163300704,14.1787428197426,7.87648057142279,9.2324987861811,10.7276034558171,13.1816987955585,-4.99285934309513,9.07919562598461,4.20996743198579,1.67340364760086,1.08025617785307,-0.548797525472565,1.7209719351579,4.49651187725457,15.2170556358891,11.546936848025,13.13125
1987-04-01,3.34503509757363,4.15868133528001,7.60462264109177,10.8321582772501,11.9967935393945,13.1174142439621,9.13517637561976,10.42257118694,10.5924472204893,11.7654876033792,-5.38890742285237,10.1304420350292,4.80196222076958,1.99517860395103,1.24073218837005,-0.42941840648048,0.67019361162176,2.60251284131151,20.6721592493401,10.2380361067966,14.49375
1987-07-01,3.73038765760788,4.63414290632038,8.42811076822424,11.9528796103375,13.226097459344,14.4572944705165,9.8004428316528,10.1740349045864,10.8688184127804,12.0111465902776,-5.49575547190225,9.22762372762374,3.5161399590603,0.554870890071172,-0.213287710703739,-1.75875042276959,3.10080761606759,1.06804208579759,5.72319895986796,11.3042829444065,13.7625
1987-10-01,2.35618279508213,3.29807391997007,7.3263964458905,11.1047578821426,12.4769135382615,13.8117106298574,9.81778399996104,10.4358957918665,12.6126227201623,13.105364130808,-6.02337954837954,9.84321932552021,3.72773029200602,0.603476637946386,-0.182175854317904,-1.61493322372931,1.48963909808494,3.94224925902168,5.5718795312086,10.4124748569543,14.5125
1988-01-01,2.48402578723098,3.46134149584155,7.72786388803729,11.7718259476344,13.2482796542137,14.6928879769804,10.7776993977591,8.4785540249658,10.7650200176974,14.0932011568211,-4.67361362626849,10.5671493446004,4.02115518692848,0.71958146035108,-0.0934341183257601,-1.43090381719364,3.87062255192888,2.32736616675737,11.9097234171807,11.0339236944186,15.2625
1988-04-01,2.69059264072396,3.70394604543445,8.2191340034669,12.5439146541432,14.1309796252516,15.6925194518674,13.0111408755859,8.18037338460914,12.0576117927558,12.7089471151555,-3.65256504092089,11.9439177011401,4.90289382556044,1.36526731439194,0.466320829051952,-0.843416793224847,5.41095501149724,5.75019561578128,11.6614658614816,11.7577797910833,16.59375
1988-07-01,3.43514369975242,4.50361647807,9.32387354645802,13.9677986570862,15.6782305072866,17.3696484278299,9.74862403853656,10.2721351123921,11.1486384805604,12.6862583059879,-3.4417718015701,10.6887003866488,3.24890038111849,-0.386624188306143,-1.20450727042419,-2.30735524377138,4.40519759493012,4.91110251878869,12.3620933839601,13.1257961301823,15.21875
1988-10-01,1.79508675417412,2.85933247397246,7.84260828822605,12.7461302599243,14.5660364872869,16.3765668654796,7.69822977132989,7.39559100594941,8.6042942137107,10.8873786800097,-3.93243194192377,8.4811302041287,0.79040891549009,-2.7521413463067,-3.27685065090736,-3.96383916743518,0.22304137899476,3.97780156549444,7.52292505136245,11.8623353644002,12.85625
1989-01-01,-0.4355601510902,0.545275959662888,5.489105598621,10.5580574564335,12.4636349309253,14.373411707515,6.69618825761826,6.64915154361921,5.33899575608176,9.11149637834606,-3.23682005151271,8.0780196766024,0.170632399882606,-3.23710903099719,-3.44151705321303,-3.72236916558069,-0.615953835625705,0.318213953394498,8.30893446169896,9.65351622464253,12.2875
1989-04-01,-0.770102109996145,0.111648796978528,4.96167938254032,10.1693403875798,12.1546567669389,14.1595442196663,7.22633815670194,10.1801787568914,4.90190219081353,9.42713476241688,-2.36928172159031,9.43825264134337,1.24388020310255,-2.11556548127746,-2.11917294261337,-2.16006397335067,1.79683525475418,-0.213100587858948,5.35814311562384,9.24946125228654,13.575
1989-07-01,0.498607614563809,1.3209316653198,6.15854618324887,11.5433199777776,13.6200755408298,15.7317060462212,-2.14549903094363,6.0795071766815,5.04282004171631,4.97520003749769,-1.78896497321223,5.76100626691355,-2.4957591805457,-5.53340928257481,-5.04198302946898,-4.55197070054274,2.00753945203078,1.65595583930542,0.666345698709477,10.5990628971132,9.76875000000001
1989-10-01,-2.73532768112065,-2.07967128671767,2.45517108492164,7.87050405756889,9.99974845264531,12.1841642515947,-6.5541701400858,4.54104906582647,2.30998011095079,3.08486297899921,-1.30599487252529,3.72187582471005,-4.47772625375852,-7.0642561379504,-5.96994069130571,-4.88649522090368,-2.24864818355819,2.17284030348976,2.44022129804563,6.93382584937507,7.61250000000001
1990-01-01,-4.06036896463625,-3.6149474675904,0.47155874453,5.83378116091353,7.99280149290966,10.2302066264321,-2.54202866747937,5.38048337451646,2.52361601087792,0.200356183558696,-1.93804141491307,3.94642494241974,-4.2111166993258,-6.38770545678466,-4.78379907138188,-3.26697844514584,-0.554601174523858,-2.44841722265788,4.3471370463864,4.92163469749089,7.69374999999999
1990-04-01,-3.19018323768799,-2.92335052856868,0.751463194274137,6.0620709524546,8.25085391229534,10.5416667292865,-4.11798929206924,2.35104949491519,3.53598315651351,-3.05283588142487,-3.0710743801653,2.55934353531315,-5.47953067240179,-7.17452967114941,-5.02065195185598,-3.07351060915914,0.97549973511744,-0.52742221763753,-3.91230758478409,5.17220295653532,6.36874999999999
1990-07-01,-3.78226324364357,-3.70772467844226,-0.522025588570528,4.6805461619027,6.88301916762416,9.21305567189188,-11.6016873050253,0.0869124488112334,1.17160087041027,-1.0368819736738,-3.70022272082903,0.791643342662937,-7.03431891759428,-8.15960470005541,-5.40074756828271,-3.01157709286095,-0.319680949599063,1.22807777892593,-0.675682636221556,3.8236857168053,4.83750000000001
1990-10-01,-4.57077525298747,-4.70701950351162,-2.10369254706065,2.92268257623022,5.11903216259621,7.47048118357407,-11.4383340062436,-1.32445804275704,0.363946722028516,-1.61987375640857,-4.43320478260308,0.0660645161290176,-7.51512474866684,-8.06354004569255,-4.74104386929501,-2.00373868865691,-0.577956906482701,-0.520515587353428,2.2645220766448,2.11188521973118,4.38125000000001
1991-01-01,-4.29953239220725,-4.6283355499495,-2.61089240774149,2.21180143976538,4.39277095073329,6.7571241252012,-10.3741226087314,-2.74224352607611,0.83642524564624,1.58949579515466,-5.17915279307631,0.403153302611372,-6.9614793957207,-6.99899320019473,-3.23421835601617,-0.320884695656801,0.216854727124435,-0.196078872819234,0.398603636340545,1.45087994425374,4.93750000000001
1991-04-01,-3.10719377075807,-3.57801783268749,-2.06555716182091,2.5666837556917,4.73383299198305,7.1122417747605,-14.7470661688847,-7.34664172966109,-3.09216962943997,0.974209528345369,-6.01705806451612,-1.52747866516685,-8.57843260217473,-8.01599708539342,-3.74670440372073,-0.617234700416518,0.749376083435876,0.312465238016142,-0.0819075067939148,1.85058585899324,3.31250000000001
1991-07-01,-4.00319635353331,-4.63340540066928,-3.71053468910631,0.662839250786263,2.79525181562552,5.16839806080125,-17.4225235647495,-11.2360845010586,-6.3894166201701,-2.01071423672363,-6.93638945131858,-4.35672630764905,-10.9526345089858,-9.65357181530464,-4.76921398952209,-1.33600569575722,-0.862712374179761,0.101423529027704,-0.844395280994204,0.00484355300339701,0.750000000000014
1991-10-01,-5.50940515497699,-6.33674529159238,-6.14126017436303,-2.12504543119904,-0.0570657797499763,2.28324632834767,-14.9376547197111,-9.04290309987229,-7.1537731036853,-3.69691953316583,-7.66126265466816,-4.38764477659768,-10.5443441606919,-8.5704434213786,-3.19389824195656,0.370800420898306,-1.34355849235262,-1.67408955805378,-0.383510120759692,-2.70543267231339,1.07500000000002
1992-01-01,-4.35194061402476,-5.32582741861289,-5.77456040508036,-2.10801987720276,-0.105959464910242,2.19924990319049,-13.2777234205537,-13.4026566489437,-10.3201442718178,-6.44808249215808,-8.97611901437466,-6.00420253801431,-11.6520758510972,-8.95848436206197,-3.08356281492446,0.594071862512678,0.281290542271053,-2.85735372464572,-4.60386152263356,-2.61505820495762,-0.09375
1992-04-01,-4.68838870564834,-5.80659850988776,-6.93147225962232,-3.66324988434877,-1.74411229845104,0.509523047805757,-17.0661389885062,-20.8955428590641,-12.614611875967,-10.140848719603,-10.0886441562314,-6.67330292643625,-11.7961412869632,-8.40557751117977,-2.10370205851913,1.58581916720495,-0.747138401433969,0.207336095089323,-4.64832706388233,-4.08845166084599,-0.162500000000009
1992-07-01,-4.13306153071977,-5.36399439220068,-7.11960767438357,-4.26100422105739,-2.43202217035748,-0.237762389927667,-18.4848132489368,-20.9824351917704,-13.6487941748019,-11.1098340942122,-10.9059733165822,-6.5511364970907,-11.1751078732437,-7.16049072447311,-0.55525123289901,2.99744365052753,-0.0988973519714408,-0.937564401736683,0.69375391524292,-4.60418713114673,0.549999999999983
1992-10-01,-2.95716771263974,-4.24867601313373,-6.53028045752515,-4.06181371696766,-2.32200266503374,-0.187567476589763,-12.1885793909599,-21.3455819742823,-14.5370938587961,-15.7231160793662,-11.2943148454599,-9.79730137279353,-13.771444427199,-8.98742050731056,-1.94666492286208,1.60922543365396,0.075808242048685,-1.56408362623208,-3.04435690960177,-4.32933216664711,-2.2
1993-01-01,-4.82900305475341,-6.23037655248092,-9.18157276341131,-7.20504514749429,-5.58665124382293,-3.54280191699468,-11.7956002118792,-26.3247838941252,-19.338762492862,-18.0343513840453,-11.3622222628048,-11.8899937258343,-15.1298662002511,-9.52048436710653,-2.02366458899718,1.54248958752817,-2.20156814570433,-1.83830045291977,-4.46455334213635,-7.37615722779836,-3.76250000000002
1993-04-01,-5.41804416127805,-6.93782399164556,-10.6022727933927,-9.17330005238161,-7.69667562482553,-5.76368645423219,-17.4267569115009,-26.7699043758156,-29.3660173624871,-20.3292471867664,-9.90148743636568,-14.5846519283283,-16.9785534218925,-10.458514131585,-2.45399336232488,1.16208048667873,-2.0902317423114,-7.53162053052173,-7.33645504009565,-9.2380371778396,-5.76875000000001
1993-07-01,-6.40739542387001,-8.06776825306167,-12.5233012296826,-11.7159173867125,-10.4069473815168,-8.61037474399878,-14.7292156438246,-25.8551959167283,-30.173395873172,-23.6746438396396,-10.5374069502113,-14.567559262511,-16.1472379764267,-8.81035125614609,-0.454127327159455,3.0233117954881,-2.13420196996196,-3.80590901076129,-12.6771412087866,-11.6604235995352,-5.21875000000001
1993-10-01,-4.89660402280526,-6.63713206965498,-11.7523406908196,-11.5380352772509,-10.3951264641683,-8.73578542670246,-13.8265197157545,-24.7581819903742,-27.5448421358169,-32.1326690619721,-10.4563466978831,-15.8488364104766,-16.5788008509938,-8.43238338209761,0.228261072811236,3.51201602662954,-0.314379585702254,-4.48316448857242,-9.54847255909977,-11.3712823870076,-6.03125000000001
1994-01-01,-4.69857920581431,-6.50170139456142,-12.2441868672295,-12.6401503812986,-11.6741677589318,-10.1642693085459,-14.1014956139687,-29.8716022645115,-31.7971043949359,-33.2159597627511,-11.5609274366681,-16.7530443183303,-16.6183240970462,-7.69452927437216,1.19785954428603,4.21007605618482,-1.44083915747844,-1.40644844657438,-9.06011458157342,-12.3604613730473,-6.38125000000001
1994-04-01,-4.19540946975475,-6.03418205724715,-12.3424169618956,-13.3497050155322,-12.5672927198652,-11.2153491147818,-15.9043236649557,-29.0670416378832,-28.4707152335653,-28.8766957782724,-10.2637239345119,-16.367174061449,-15.4179442862721,-5.82647198513655,3.14152851608867,5.72070036860012,-0.913091847770308,-2.43472420103849,-2.69124952636266,-12.9588070844437,-5.45625000000001
1994-07-01,-2.66009704076677,-4.47419527505522,-11.194725676841,-12.7656989037825,-12.1602389893277,-10.9627869384513,-11.7848102264858,-19.6489999190827,-27.7372392139107,-31.0411657485789,-10.3637741282696,-16.0845792930873,-14.3637528090386,-4.19962970666577,4.71513949222411,6.74326261996748,0.143036458422403,-1.30026741846905,-3.76617155827688,-12.275765069702,-4.68125000000002
1994-10-01,-1.45318454205761,-3.1940959916237,-10.1915805421248,-12.2820074161031,-11.8475390626586,-10.8016969263598,-6.41322440660733,-17.0735436768114,-25.5033917051974,-28.6825929407186,-10.858100451316,-16.086399160307,-13.621055153822,-2.95505176562719,5.81400183762733,7.22296023583063,0.00896649402112242,0.251682221464032,-1.79612166230522,-11.7038289001389,-4.17500000000001
1995-01-01,-0.695676084311984,-2.33159493057899,-9.5023189889568,-12.0781816062085,-11.8112392237441,-10.9163748232029,-7.85871779167238,-20.9446954683938,-30.060093820741,-28.8261912739297,-10.648681638276,-15.8860681107924,-12.7120450780864,-1.62188621237929,6.90734964409351,7.63371726037532,-0.202459076232849,0.0513038626158323,0.637291488637255,-11.4197840847863,-3.38125000000001
1995-04-01,0.0853484847352348,-1.41534608145842,-8.65086480595194,-11.6707305217899,-11.5655441777419,-10.8189151104649,-4.31461055816256,-17.0143791156592,-28.9141765534368,-27.7463810721625,-9.23956076886854,-15.3086841537246,-11.4786562811211,-0.0584483657479637,8.12467459267305,8.09794463739784,0.0328041347309401,-0.0302586138437871,0.580447343632134,-10.9414064888967,-2.27500000000001
1995-07-01,1.02760345322044,-0.304719800917482,-7.48084612324693,-10.8900155135651,-10.9368285680495,-10.3320226695908,-7.42030581240009,-14.5200092628246,-19.9570382660706,-31.6599671736515,-9.92471148869112,-15.3163272760104,-10.8525464417402,0.845551051706792,8.63139646373796,7.84776756020977,0.257954288670624,0.157308512917741,0.249589200817261,-10.1015998584554,-1.8875
1995-10-01,1.27824714027771,0.1220827525309,-6.92675273332378,-10.692740399928,-10.8874050881785,-10.4230326617137,-7.49779414254013,-13.6535134702018,-16.5011790412377,-27.6308837378703,-10.1112593978791,-14.6527228518608,-9.60870957494716,2.27978178725691,9.58054157677439,7.99784127610911,-0.112000052139087,0.721802850709646,0.943884272449884,-9.85174899230275,-0.787500000000009
1996-01-01,2.00966079469283,1.05072794751003,-5.76468347108359,-9.83137251160014,-10.1629123938408,-9.83132341777241,0.160913611000524,-15.3146876050252,-21.1672105942738,-24.9428718860516,-10.1951733515527,-14.3923374271768,-8.80022681092593,3.22177525727372,9.99069553962907,7.61599430622614,0.393012941196397,0.10282646969115,1.59958687232937,-8.94933281804251,-0.15625
1996-04-01,2.22968562708473,1.46992268278008,-5.04923413360389,-9.37666601729528,-9.8379951240852,-9.63496983828917,3.19743147381658,-10.7018688248761,-16.618962647893,-23.8000715675224,-8.78265470004723,-13.5713988798164,-7.48853590077019,4.58237095109327,10.7444938857411,7.55485548756486,0.172255339582625,1.12607493656514,1.15551098653777,-8.46119566315426,1.02500000000001
1996-07-01,2.83540943640593,2.28732619832462,-3.84356221385372,-8.37285794936058,-8.95125726115019,-8.8673650099269,8.34226089004156,-6.62666869627678,-14.7050008270215,-22.2448414338487,-9.15412838730202,-14.5742192989747,-7.9699597885416,4.1767810889055,9.78978263556776,5.90975143821267,0.310693514307572,-0.0458600840986339,1.46144561686943,-7.43556787927849,0.424999999999997
1996-10-01,1.73732874111806,1.3552142748089,-4.44103401180429,-9.18130074132505,-9.88207390128125,-9.92413720305638,4.11970432503679,-7.15220171921052,-13.3384385149111,-17.825182375166,-9.33651431694486,-13.059429474674,-6.02184350903433,6.08160523062523,11.0329247587555,6.39297327720286,-0.705746854701686,0.906958317562714,1.05187922272915,-8.21854478345561,2.15625
1997-01-01,2.89919445648283,2.71030262179079,-2.62502516003529,-7.49457043981134,-8.29799881360651,-8.45008802742531,5.13423191611982,-4.8210304457178,-15.508015968494,-19.5981001611009,-8.60908353909313,-13.5049501179031,-6.02773298032466,6.03448124041778,10.3577797828398,5.05437715319671,0.941544266456373,-0.941579531589868,1.36881823191283,-6.52299493371892,1.80624999999999
1997-04-01,2.16434779390895,2.13267367366596,-2.77374546715735,-7.76472693794379,-8.67056413642463,-8.93424860126387,5.66037215546876,-5.42274585884735,-10.0908018354536,-15.7527509389896,-7.99484273535279,-11.8421202720121,-4.01631120447456,7.88796660931753,11.479398762408,5.45271635531832,-0.114402656706323,2.03134127857238,0.348658238419906,-6.78424471953403,3.38749999999999
1997-07-01,3.28727606922928,3.43726766239456,-0.924140391588921,-5.95358671050214,-6.94072637309259,-7.29855880970455,4.92708903524661,-5.52343042088765,-4.48933613462738,-12.7269192971321,-7.48550720772775,-11.0201202509585,-2.89471899069842,8.79222818573854,11.6206725777862,4.89602884594599,1.45099212774319,0.569734784905655,4.80065035119954,-4.98084554246665,4.11874999999999
1997-10-01,3.47195890643087,3.79699874113484,0.0193109585243292,-4.99950571119987,-6.05534096960977,-6.49736969451301,6.14550170401976,3.9121319901823,-4.21137929166002,-10.4319907267672,-7.40222028581387,-8.35329690607507,-0.0592497152858158,11.254139471186,13.1802364239042,5.6640604157043,1.46720053438459,3.58640102371847,4.70204935749012,-4.04324685213759,6.58749999999999
1998-01-01,5.14088166481724,5.68299216245461,2.64946131060479,-2.24587912087524,-3.33976507492613,-3.83947705698795,5.95589896308681,6.028889821345,-1.65923984587421,-11.8499144708035,-5.91868366377572,-8.19051589535336,0.259385634173384,11.1952016370559,12.263312604272,4.07112500241499,2.36270582556576,2.71927032661085,8.36913389682264,-1.32876759157375,6.46875
1998-04-01,4.36156849247229,5.0815643983037,2.74992343287859,-2.00451490169019,-3.13093227114979,-3.68431668819019,8.37758242011641,12.7244793137594,-0.495968850645625,-5.49741305671364,-4.65930423205965,-5.86347207504704,2.63286982888499,13.0694825930771,13.1871316974633,4.27741328520355,1.14803565338374,4.74595238432461,9.74406697630936,-1.12758955027927,8.49999999999999
1998-07-01,5.47977840822067,6.40016630548088,4.87853375406485,0.358148399148618,-0.774135873874371,-1.35784391056845,7.72128638566502,8.48857474192324,-1.42365324644294,-1.65887367597931,-6.00182606767046,-5.6465566691373,2.88507522885992,12.8270757089972,12.0528774710852,2.55366294483508,2.42504088584231,2.22157603898512,10.6698731649509,1.17692152010736,8.40624999999999
1998-10-01,4.57240346371357,5.64858350175476,4.87493299954748,0.600802393130124,-0.531967330384717,-1.14167534653153,9.11037717656656,10.3752778547183,5.49562415193327,-4.29553258932124,-6.1505114240598,-5.06198289895845,3.47792338322051,12.9104187510956,11.2776616579681,1.28083781575658,0.707915463288441,3.78702889155914,6.2727505831141,1.36168155398323,8.64374999999998
1999-01-01,4.06457922054669,5.26447285568257,5.20000966942615,1.19525045923565,0.0707322941041042,-0.557468930928508,8.34864257307581,11.3553661015387,7.77557755876643,-0.527105652908162,-7.40536396347984,-4.50834646084385,4.01520007351876,12.9270749570124,10.4719496529009,0.0667456959227621,1.0677778683494,1.47792689026999,8.6513742287717,1.89576154596587,8.82499999999999
1999-04-01,3.56774713491583,4.85986955663496,5.4594090299434,1.74336689866114,0.63521617499967,-0.00437407895744002,8.05471081946446,8.86881323785965,10.1445075426693,-1.93992187401011,-8.15029676443044,-5.40047325738294,3.14625531863109,11.6054862748878,8.45326469176914,-2.17927677007967,0.506432683544421,1.4364657422328,2.95528778890781,2.38166791313701,7.56874999999999
1999-07-01,1.89164261954853,3.20614455579684,4.31816950186646,0.855711942861149,-0.242515587274056,-0.899456253028504,7.47224573174275,9.35493788995608,7.9658522716811,-1.89791650093619,-8.20784715809778,-4.2573814783855,4.26210955753315,12.2234692742893,8.36238368798996,-2.47920166234437,-0.0409980055241973,1.13913173185843,3.86403393609356,1.44174643512193,8.30624999999998
1999-10-01,2.18823952553257,3.52154259598169,5.14910041104181,1.97787549849751,0.903048483485648,0.240910870590938,13.5584473915568,11.8714875219625,11.2447290640393,6.38560001604426,-7.48771186609346,-2.32596712762216,6.08367085736857,13.4649088790322,8.84194838936949,-2.23632927374328,2.06630109264785,1.07896459043842,4.94535730773251,2.5049260253334,9.825
2000-01-01,3.09593798047766,4.46695655811281,6.66507440806824,3.8481192572651,2.81754969077969,2.16925826229459,9.67553413521586,12.3049658113901,12.8843335455225,7.41856180752113,-6.87262261221142,-2.01363986657464,6.2761019658152,13.0878820130845,7.76050371005311,-3.4583679566106,2.26582909999564,3.70933818795705,4.51124426720059,4.30393705168407,9.7
2000-04-01,2.47327860651475,3.85218975971691,6.55014086020117,4.08829883535208,3.10638677068431,2.47630242931862,14.4352094806526,13.2775303900617,12.9230425653536,11.6496810102178,-4.97769151138716,-0.395916230218717,7.70853564047586,13.8934325301656,7.83796092584713,-3.52079930590219,1.47391564595414,4.54324946578805,9.95443842152309,4.47459298225716,10.88125
2000-07-01,3.03943378174287,4.43682725891901,7.65931442742121,5.59849059637605,4.6821607006797,4.0861314763564,9.87181657879563,14.3613121351607,12.9659563602536,10.5114324194037,-4.38664283432666,-0.287443264003201,7.632731608905,13.2175136255309,6.50898920531463,-4.88016113385726,2.16622751762287,2.79172955681156,9.45425847826347,5.90675962977812,10.44375
2000-10-01,2.22493716625405,3.60717477291601,7.26428005929259,5.59269443367211,4.743511062544,4.18366731783351,12.5895772358119,16.1154042304339,16.6702060427362,15.1017356458284,-3.22656159076928,2.17750193843267,9.81500685314407,14.7036273622165,7.2719555940057,-4.20483598982599,1.99581541899227,4.77002877686181,9.74393499416899,5.82726547605552,12.39375
2001-01-01,3.52266856943567,4.92692866837237,9.10184533906212,7.8909283587144,7.1333235869661,6.63264133605537,7.53470342944829,17.9441496305326,18.1843506568589,17.4923945854326,-3.18543577326459,3.46390778190369,10.7732847077997,14.9392703066605,6.79906633274513,-4.72508008190221,4.10930148568184,4.45545707066817,13.2980755528859,8.03743821613082,13.075
2001-04-01,3.60200183899281,5.02668173636056,9.70651659218558,8.98084151700633,8.32698984974411,7.89760669375067,8.33714934137942,14.9605171931052,15.5385533155808,15.2784092656544,0.874881699748002,1.36147437873433,8.44009042156651,12.0333497376557,3.40181856803062,-7.90919694884965,1.20129334219883,4.77487544580271,7.24101288377662,9.03562555247785,10.44375
2001-07-01,0.786855869855259,2.13487757578852,7.06122140275068,6.72093204350818,6.14917946863233,5.77271867594274,3.63227907294362,18.2077347206211,16.5969546344076,15.5443283669529,4.43153255373153,1.35450415863627,8.20947527080699,11.2624312103214,2.20927690446297,-8.80838681672131,-1.0515978307097,1.78288743327118,8.36552394479606,6.70766015491299,9.91875000000002
2001-10-01,0.197548353729672,1.44547206417792,6.5317296399183,6.55430272896919,6.0636257891604,5.74031698059696,4.44317428101996,12.9874548414117,14.0375290151133,14.0523892794122,5.50746673606315,-0.646255839968404,6.07403236885585,8.71803467669028,-0.576860650146898,-11.1053750389603,-0.0261690539084941,-1.78993071175535,1.8893665724715,6.47851759530721,7.55625000000003
2002-01-01,-1.95681761292471,-0.882392522034621,4.14296703399069,4.43406452779598,4.00362307216602,3.7157600438504,3.03126763507632,13.8340124996284,13.1536521193586,13.2292523492406,5.0928528825696,-1.69219705633733,4.94016265283233,7.24880754546524,-2.18462830760936,-12.126362416417,-1.52105352199074,-0.390945790583245,-3.13287115187475,4.31681565209959,6.14375000000001
2002-04-01,-2.9158721363471,-2.04708128634894,2.78784065179158,3.29016903954738,2.90864042633859,2.64701744095814,6.17224622780014,13.6626089561755,15.1615359486237,15.6528388200728,7.14725771965591,0.822026001306767,7.26669024044256,9.13057538378564,-0.554789860686611,-10.0576416440645,0.500180308237698,-0.849153164288136,0.586319403851417,3.14348164725075,8.39375000000004
2002-07-01,-0.659462092429578,0.0808990122997955,4.86655048218819,5.65209117444792,5.34314896727975,5.13024687939767,11.3269094081865,14.9658034094579,19.6316285812049,18.0864848719661,7.17735541429279,2.63314013487891,8.82225155377944,10.1762534229804,0.183307628873848,-8.95512959025359,3.25458946340623,2.02298092365665,0.828935061810937,5.45909023720608,9.91249999999999
2002-10-01,0.679485520086558,1.34157614128407,6.15882918201672,7.2709451604299,7.0508001689436,6.90255838219534,7.96838065760164,10.0696953788529,16.4867594440724,17.4735116728241,8.80843353253175,2.16361730377832,8.12340822381651,9.02094904524398,-1.19513745757283,-9.88438909770124,1.91669076258646,4.96604373755143,4.49739690365868,7.02177532205562,9.16874999999999
2003-01-01,-0.104010315446402,0.460898027370121,5.22150885889479,6.61935034945333,6.48134677657521,6.39312876335049,2.88121568670033,11.7205785921391,17.3531810330475,17.3124068460251,10.6405271648,1.71274469130537,7.46780203123333,7.95796829363672,-2.40637319343529,-10.578166333589,0.182562774342427,2.8600170737295,7.83184957311079,6.3230890788164,8.46250000000001
2003-04-01,-0.728046261338733,-0.27413638998317,4.35270268231463,5.99694024857021,5.93451467293482,5.90174198170106,4.66670030954057,9.62488660596233,17.6724018928699,18.6548155369968,13.2495505977352,3.36799282439705,8.85829914653814,8.88419691385192,-1.67980815260154,-9.41003672312002,0.729228807799258,1.26493942840687,6.22125031440177,5.66196445929901,9.76249999999999
2003-07-01,0.548122359713858,0.940385336667504,5.51623329370639,7.44387973482765,7.47106247270764,7.50781021838981,2.03324157708977,11.1629271062181,16.8663580207065,20.3048451723221,13.1520793872263,3.5089697716077,8.73642855877804,8.31986932684705,-2.40131189712912,-9.65749238622251,1.98224195808281,1.96382261647465,3.42396468906506,7.06145650130381,9.59374999999997
2003-10-01,0.35692962780908,0.688994119333842,5.18258500903815,7.37438699018566,7.48992247841204,7.59653590315321,6.47054348666455,13.7487048440926,15.8460661203385,21.7338597200053,11.9240353784147,5.7257123046445,10.6105316464149,9.67211772924321,-1.28276464849901,-8.16618710524972,1.63189324077712,4.57428806464434,5.89569802872944,6.94856002110848,11.575
2004-01-01,1.95487970548129,2.2869951172043,6.81937075105523,9.33042637837821,9.55323641728305,9.74837995718212,-0.112794194280184,12.7851061644023,16.9765934707222,22.1217762142101,12.4974257098833,5.06813875279167,9.64560475022338,8.2509776487953,-2.84220008734655,-9.25786123457695,2.42707945012017,2.91372006822013,7.98817642294649,8.8487371679195,10.6875
2004-04-01,0.870266745266633,1.17367545742707,5.64979298211642,8.42945054160043,8.74972285573187,9.0261682092675,-0.339994335014097,16.7140156104954,14.5877616881843,21.8612269927519,14.9547162733794,5.95579219281456,10.199922582805,8.3366426209455,-2.89468897461032,-8.85930867538977,0.7158464093096,4.28744605013671,6.70523343876603,7.90324256634861,11.41875
2004-07-01,1.26283672352403,1.55616974254201,6.0006399636755,9.05486038625025,9.47789701292399,9.84206530844139,6.97885620299084,14.0589950086165,15.3058802021791,21.6456575746456,12.1048123847652,6.03043437323458,9.94755060757527,7.64354781242511,-3.67899163211186,-9.15676769635328,1.74478120157706,1.7140866971244,8.03805932867085,8.48257372585331,11.325
2004-10-01,0.90889125562245,1.18551438963718,5.56340158607873,8.8682557390421,9.39109549622412,9.84196597987469,9.78309695711815,10.9713181992712,17.3660562418605,19.6542564256743,10.7335093005252,7.32873380865666,10.8778851990525,8.10185533933566,-3.33582090990404,-8.37192073480315,1.60856728807835,3.539337775189,5.29281184865554,8.25501129197397,12.58125
2005-01-01,1.64489231524743,1.93342622121978,6.30110322175364,9.87681542205041,10.5083454077131,11.0556331752293,15.4303435903682,12.0188172179706,16.1775478647079,20.6957899609306,11.6574418620602,7.12706757331065,10.3260218130248,7.12035039342396,-4.36974637923294,-8.9109031842174,2.16527140242984,2.91742323351048,7.42661301998752,9.2178502913759,12.4125
2005-04-01,0.997349988454346,1.2801663151219,5.58224204292,9.39408098714935,10.1281332016336,10.7679714112438,18.6260879553995,12.2718175034912,22.083735696548,20.1331558612615,10.8404164895878,10.0650205876001,12.8115239519226,9.06922897302815,-2.58657176773411,-6.77792359616348,2.40591750588365,4.97174606441529,9.6596242367026,8.69696768662578,15.19375
2005-07-01,3.09554712916838,3.44497255307971,7.85537160088876,11.9816133912447,12.8426822391577,13.598984591597,11.6277168222498,14.6257049369709,20.1861733966025,22.3814599817474,9.5057798555036,10.8503741981469,13.1269390065541,8.85006888699036,-2.95234122977277,-6.78348083061738,4.68981301798261,4.87982027764809,12.3576233092842,11.2287866246069,15.7875
2005-10-01,3.02491137669364,3.44133766484589,7.9631157153398,12.4011802147516,13.3919825132518,14.2691114154908,7.92105655218299,10.4179468008038,17.2730639837521,23.2787452611898,9.14599027724472,12.2515507310589,14.0180772902671,9.18089516527769,-2.78202232445094,-6.27991183310615,3.23983865056543,8.38097237969786,13.2769211873378,11.5936137123377,16.81875
2006-01-01,3.46043716102113,3.95939257826353,8.63730675471626,13.4058403304596,14.5348180513404,15.5423639031282,9.6391236570116,8.25169470002308,18.5277399892507,22.1377466608621,9.88651653792068,11.3819267654752,12.6846052305915,7.36882982661081,-4.64318619832576,-7.69451440625033,2.75609919904577,4.6290504436136,15.0519295527158,12.5397949719946,15.4875
2006-04-01,1.89254401210445,2.42191707528849,7.13284587473501,12.1678448896077,13.4208057265614,14.5478904608361,15.0167954254116,17.5796978070934,17.9485940105583,26.5848868342467,8.19335582426747,13.4929533915492,14.2655180928288,8.41106128241665,-3.70858410018795,-6.39566680676327,2.16039680937521,5.26674776833584,13.5909556109241,11.2579259600892,17.23125
2006-07-01,3.07507346183249,3.67228213426813,8.51597380669543,13.8617801368028,15.253747213886,16.5158918879191,12.6721876126026,19.1180373568099,20.0493170269835,25.3812794763976,5.37884833254853,14.4412911667443,14.6626426565302,8.26770426792481,-3.94736977777694,-6.26921609863683,4.97299861911317,4.51893810743355,14.6789291219119,12.8981673793761,17.88125
2006-10-01,3.07231429583092,3.73554201650555,8.71806289140224,14.3749180006027,15.9089992303354,17.3110334317614,13.1595509976042,24.4558187768323,14.8267005084184,22.713735765721,5.3508694886203,14.6623811871622,14.3388796544781,7.43569401483984,-4.8236622698679,-6.73638665417724,3.41456146519179,7.8607189344962,12.273925958488,13.357922301774,17.7375
2007-01-01,2.44182269972211,3.14765091288427,8.22100803917911,14.1624384586304,15.8343238629094,17.3743658915246,5.85370220887032,23.8619396905851,12.0648061443532,22.852088626913,3.62602612934278,13.4276791268952,12.6188386007163,5.30391536103502,-6.87661673332587,-8.25952107524799,1.81388468488582,4.66277250421636,14.8028198722764,13.098248480982,16.09375
2007-04-01,0.684032599837678,1.37095135152782,6.38729100612795,12.5354689085721,14.3264896369849,15.9895747523585,11.097063100884,17.2174547857275,20.4999351490808,20.4595633992712,2.78131143461491,14.2378091826425,12.9267327076417,5.19851424427972,-6.90006147957084,-7.77331900288638,1.32821118575804,3.34944600017358,11.7727098038805,11.4413509481257,16.55625
2007-07-01,0.94232006357106,1.61523039167943,6.58705404083258,12.9400758233663,14.8517646568451,16.6410910195788,10.5819497553504,14.7336092440937,21.7759153135067,23.7373845638586,2.70813814641315,15.7578137916781,13.9023829610207,5.72838947532699,-6.32106229921695,-6.74387792175571,4.0492740519368,3.46404192607738,11.7721114015026,11.8159449008334,17.68125
2007-10-01,1.7672978122439,2.45094100076042,7.44105999976594,14.0221458761939,16.0627716354083,17.9876419492607,12.5867136508541,17.9900568424596,26.0875006086698,17.5978825636413,-0.975705256268938,15.6649384206386,13.2825341589407,4.70509021169812,-7.23956197958915,-7.16961610419307,4.09089075890038,6.68460507896489,11.1312992739363,12.8624759343347,17.30625
2008-01-01,1.10820684966515,1.77901672468522,6.72995297687407,13.5035491657377,15.6652729019025,17.7204094142895,7.87707199901001,19.5794286506233,26.3164831104429,16.7064968438699,-3.6624196913798,14.8919441235778,12.0238270833248,3.11308097274662,-8.64160156144689,-8.00675063972966,1.92722184403962,5.98520857552215,14.9331721774982,12.3160483717749,16.19375
2008-04-01,-0.00308161875929613,0.616371675378872,5.42875294029662,12.3364697677775,14.6048285826326,16.7788428820311,8.11019472771798,14.0616837466467,16.8757928778865,21.9468941869057,-7.13988568986699,13.0885237885879,9.8114924709925,0.67866665642461,-10.757517079867,-9.44224522555831,0.628727774223187,2.56146048431505,10.8731491972816,11.1336335006651,14.1125
2008-07-01,-1.77081356476057,-1.26266367920792,3.25058592514074,10.2000615259668,12.550746385902,14.8231469675411,-2.05340584728739,12.2041450628789,11.5863176007126,17.3054553582955,-7.90264713012536,10.8750753370341,7.27815872964757,-1.95486556721301,-12.9381818479409,-10.8279626884191,-0.765005348847941,0.60736768145122,3.97153995289662,9.00146160866396,11.64375
2008-10-01,-3.54415495577896,-3.20665238294956,0.83794387327842,7.72690622505286,10.1321131971117,12.4789759591429,-3.33041368729158,5.23457325799808,13.9910283203486,20.3990702866592,-10.058420430821,9.41689598291481,5.55972379244315,-3.69275976395363,-14.1434747692427,-11.1919937297013,-0.964742424924472,-1.05290995017559,0.843841922204262,6.55365663758752,10.025
2009-01-01,-4.32300890752202,-4.18090534254083,-0.697481519177387,6.06118817330392,8.50115022635978,10.905547811739,-9.68040240572151,5.25168590066443,11.7516170100714,17.0005743800831,-11.8798910661492,5.62464683612257,1.64715384619876,-7.44813954436714,-17.1792832809012,-13.2244838484153,-1.46437453564857,-2.0120953349622,-3.70803970068063,4.92660689411781,6.11875000000001
2009-04-01,-6.84763652724862,-6.98105653597952,-4.299364610689,2.18081363468502,4.61355264680137,7.0381391621963,-6.92829386048774,0.510251896049311,4.50826753996651,7.68644606987723,-12.3771083883484,2.85232832366725,-1.14544629778644,-9.9631999687854,-18.862749338607,-13.8363629830991,-3.88186903443444,-2.77872664289006,-5.83649241261482,1.11520054817362,3.47499999999999
2009-07-01,-7.99337042338942,-8.43463304404418,-6.68806100164488,-0.589538961060526,1.80512144992264,4.22220320553288,-12.3357472250347,1.04847387215688,4.65109878240088,5.51434255483352,-12.9764162297412,2.488928734582,-1.51596729312172,-10.0479166374224,-18.139956749951,-12.1300668000219,-1.53672756305319,-4.68030932092609,-4.85672139765731,-1.56671068307102,3.3125
2009-10-01,-6.81198013666048,-7.51299220734649,-6.63797469131325,-0.931449314888937,1.41876590743158,3.8225255002032,-13.9833967627572,-2.87561529266031,-0.736614283095435,7.85288310406068,-13.8766774783006,2.03864591614791,-1.95759138532921,-10.192604428204,-17.4970421417842,-10.5827994201769,0.955008600282835,-1.5993841023906,-6.45614371322858,-1.82155653535614,3.18124999999998
2010-01-01,-5.79520185166879,-6.70970669261669,-6.64289156003355,-1.33880086874885,0.960202335940636,3.34429999946693,-15.6386805675861,-3.04626731915116,0.810748792178458,6.61419445568697,-14.5636911422786,0.358444140682735,-3.57140971142923,-11.4470220061803,-17.9234408497632,-10.1130571961376,0.270398336369137,1.19512652633168,-2.1898856854948,-2.14277001265484,1.81874999999997
2010-04-01,-5.89208210162965,-7.00863162374705,-7.76924892241513,-2.91878816947866,-0.689286027737637,1.65818505274495,-13.0893879828367,-12.5675409972629,-3.54684482510245,-0.301713178227544,-14.8266489335501,-2.21012134372765,-5.9870817408663,-13.4077584398048,-18.9795954586337,-10.2413757886482,-1.5256257505117,-0.178197081804067,0.780379926441924,-3.62819629121989,-0.218750000000028
2010-07-01,-6.63727105782664,-7.96517400616446,-9.62291081833251,-5.30387476495972,-3.17004178377002,-0.883576329763258,-19.200733980527,-16.4395464087998,-7.35582657679365,-3.05393200735631,-15.6504930112157,-6.00965568883751,-9.50771154251075,-16.3328892735983,-20.875292456086,-11.1264417080261,-3.3833384942405,-3.1256827119971,-3.50755949301779,-5.90445937687096,-3.31250000000003
2010-10-01,-8.20386675972458,-9.77937304260627,-12.4728488404367,-8.80024027787491,-6.79920364188996,-4.60840788763306,-27.7734398522275,-22.9236396571069,-14.9534553644547,-12.5346580344548,-15.7246550719981,-10.6024001526599,-13.6722568583559,-19.738129273595,-23.1056582200034,-12.246129952219,-6.1529256799154,-6.54139822839317,-11.1836470808738,-9.26978773157714,-7.04375000000002
2011-01-01,-10.0723355032751,-11.94146662373,-15.8385800442142,-12.9468201674939,-11.1220382196574,-9.06776018208188,-29.7806606542308,-21.3370868219948,-15.9438054518745,-11.6993597566473,-16.1755833704382,-12.6991757323341,-15.2802708102566,-20.5391634208394,-22.7290082940055,-10.824430455035,-6.11695851753992,-8.79506461886067,-15.1283597964713,-13.2593687449321,-8.25625000000002
2011-04-01,-9.42226019368059,-11.5468307414636,-16.6068637733767,-14.5315727295759,-12.900547893045,-11.0005515248184,-29.2718039290855,-28.3138236756073,-24.3351972116502,-16.981059456405,-15.9980381942026,-15.1816952026,-17.2022314020134,-21.5945472390506,-22.5906821652235,-9.68919995054745,-3.41581035598755,-9.04239436965582,-19.3313516942853,-14.6835407689877,-9.6875
2011-07-01,-9.09166854211173,-11.4422636131976,-17.6409149290786,-16.4256765594311,-15.0086102297158,-13.2833886647462,-24.4164780432548,-30.2147293303139,-24.9524304709448,-17.0570355847967,-17.7160868535659,-15.4480839583942,-16.9125496673463,-20.4754629987106,-20.3758306142544,-6.65087942560012,-2.80045969902261,-4.23443792893211,-14.109634230243,-16.4114397585234,-8.72500000000002
2011-10-01,-6.86537757263224,-9.34897384972209,-16.4935554967526,-16.0972021314006,-14.8915769379337,-13.3412778108012,-21.449525574384,-31.3364143534605,-27.9812691748636,-21.6838909713813,-16.8124448900146,-17.2306716167128,-18.0928870201754,-20.7996366082298,-19.6235975804532,-5.15201676632654,-0.804500261749185,-3.87056769889541,-8.22564637815236,-15.9296121683221,-9.16875000000002
2012-01-01,-6.21123202189017,-8.78642284949518,-16.7994259691787,-17.2327418448901,-16.2502348837982,-14.8879934455604,-20.7366059353888,-28.8421645144216,-26.5196351208665,-21.4453060830347,-17.8991864828535,-17.8789677427835,-18.1316967205904,-20.0048660330525,-17.8288397179668,-2.74756801302274,-2.33500732073926,-1.25834807888289,-6.67095716863818,-16.9123345646902,-8.43125000000001
2012-04-01,-4.67005218530929,-7.26746684351619,-15.9893549440995,-17.2187638817252,-16.4591008852422,-15.2873946431878,-11.589817327902,-30.9445651603495,-29.8238378501036,-25.9293077907364,-16.7915121720385,-17.1532948268992,-16.8348729570669,-17.95273849875,-14.9149179519082,0.577167852756787,-0.0971080364734795,-2.50971620223647,-1.36882755231704,-16.75551928853,-6.36875000000001
2012-07-01,-2.21435500794158,-4.7359995523947,-13.9188427812142,-15.8603405694267,-15.3092981737009,-14.3180175283116,-8.22711032319049,-34.5353080397142,-31.7926283546809,-26.5489503695376,-16.4796633764506,-17.3149923991773,-16.4335129738759,-16.8341311114782,-13.0198058253563,2.75382106771951,1.25287779369865,0.10255628247991,-2.99932391026154,-15.2746878791496,-5.25624999999999
2012-10-01,-0.921165298863826,-3.30992372020773,-12.7896584472597,-15.3919313520443,-15.0437497018814,-14.2304257164236,-12.2692429151064,-33.3228813270918,-30.5354841139168,-28.3846573968051,-14.1669076787471,-17.1770705787079,-15.750200609716,-15.4821913232465,-10.9853745887962,4.937535628718,0.238248508100647,1.70570284010266,0.954748983244678,-14.6961087465803,-3.86875000000003
2013-01-01,0.373091036352605,-1.82936920088991,-11.4360758277775,-14.6372742360489,-14.4829413068532,-13.8421559792333,-15.9404865021743,-31.3586527709751,-28.9621988825059,-27.4961217070017,-14.350023111035,-17.3270585956224,-15.362598253173,-14.4606846248228,-9.35517374075835,6.61432770201793,0.471041036524411,0.42248903260432,3.02647163677616,-13.8452553669059,-2.94374999999999
2013-04-01,1.15960341890809,-0.823948537050512,-10.4262231796739,-14.1756899767518,-14.2087835259395,-13.7374358845214,-11.409517389284,-25.8606269140869,-29.380217865015,-27.8991280387483,-12.2591449123827,-14.7815043269834,-12.3743926469456,-10.9800367804352,-5.46100599141451,10.322224071403,1.56909527348386,1.42330956979518,3.16278649441059,-13.2983920598307,0.499999999999972
2013-07-01,4.00089795912672,2.332770538305,-6.9594072534438,-11.1118300984121,-11.2995017383292,-10.9704494531457,-5.46483327822659,-22.9685979143546,-32.7864760768994,-29.7541855607547,-12.2607558063005,-15.3091034557705,-12.452520450985,-10.5760503426108,-4.67700873608061,10.8803963409546,3.45456337333436,2.32048234194125,3.61497055815136,-10.1805966783678,0.906249999999972
2013-10-01,3.70464579842266,2.34091042511076,-6.59001312815684,-11.1150825678276,-11.4549114343298,-11.2683880313758,4.82509810972229,-20.8048309413491,-29.7433372819282,-28.9722110309968,-11.8763676978435,-13.8929304945284,-10.6426585840431,-8.37166072811402,-2.21491903808365,12.9800069075346,0.642182528986002,4.76129303756803,5.70536141243549,-10.1347804632626,3.24374999999998
2014-01-01,4.98388683263505,3.96067099307797,-4.43332511074217,-9.23274460710934,-9.70322084886931,-9.64208522391709,11.6549408881179,-14.4880452862577,-29.5341961284224,-29.110382182394,-11.4769348090991,-15.1207723826435,-11.4465538098908,-8.75890143119187,-2.33334767960946,12.5190964561728,1.65481339302303,0.817185061459075,7.20621008150537,-8.22318374468671,2.89999999999998
2014-04-01,3.7366655595292,3.00274077214473,-4.8923230949745,-9.96600742452082,-10.5716670401373,-10.642243747785,11.2132088001595,-9.92774485152026,-26.6351805628146,-28.9258255453956,-12.5904014994574,-13.8003090922464,-9.75379374969955,-6.72973466577983,-0.144389207827459,14.2502520165215,-0.258726570246534,2.22484439656727,2.80621334962721,-8.92478453690006,4.94999999999999
2014-07-01,4.73461078247385,4.30916807601821,-2.94987594694345,-8.20738916629602,-8.92769330677714,-9.11353281701619,13.1672830272583,-12.1954856449239,-22.261370447228,-28.7208177575012,-11.6230574012738,-11.954250688359,-7.60233401799172,-4.33818164243982,2.28397065550791,16.096227473195,3.35709622200499,0.445499669109555,6.20121763618691,-7.15232062017728,7.26875000000001
2014-10-01,5.90624586389455,5.81226175219444,-0.660310897456355,-5.99732277896689,-6.807043400895,-7.08722417038615,9.56901633452111,-11.7119817263361,-19.8561773884226,-27.3042362031292,-9.77685704601626,-9.98834010469787,-5.3998886863512,-1.99099085654191,4.55155423441676,17.6711177064565,4.35191979250426,4.90214012859655,4.45674343343591,-4.94881202419216,9.38125000000002
2015-01-01,6.87076926205364,7.12247395351957,1.56831029623746,-3.74555653604716,-4.61892562226436,-4.97176972133533,15.3723918851083,-5.16889202414745,-10.0147164725219,-23.4603597774535,-9.56758220023329,-6.6603323068029,-1.94511622265247,1.46584212883013,7.76225595773215,20.0289598202382,5.91544988231237,6.82938244171146,13.0951767067449,-2.72311303795431,12.64375
2015-04-01,8.68743553686653,9.32535941742145,4.89082702950017,-0.255445854712235,-1.1541997154504,-1.54638847842571,16.198294538872,1.52279355484731,-5.63778659647855,-20.0490165484052,-7.97679744738571,-5.097921820528,-0.307595966703076,3.0398671489703,9.02116141321636,20.3929664853733,6.99712594858793,8.09584858146058,15.0089650430094,0.712651428317116,13.93125
2015-07-01,8.58651425291538,9.58598081934875,6.31146632849391,1.40564659785935,0.501461475627025,0.0870152636022965,14.115821128571,9.89144339093897,-7.50677969203096,-15.6847706092535,-7.9085728627802,-3.21498270772372,1.59020348182904,4.80028099168462,10.3908666370145,20.8210756487039,4.98965814171699,9.51416411371222,17.1742011338263,2.30760823576239,15.45625
2015-10-01,8.63367734570099,9.97255820305861,7.90065433139037,3.31356023253093,2.4262767254302,2.00908610097022,14.3833220286291,15.68939535691,-7.30578241434708,-14.3529485127859,-5.34252936873452,-3.23371076233184,1.58658706694712,4.66305369067132,9.88154677253894,19.4319672640318,4.2026601049136,6.10697203918892,16.0410297674771,4.13642633110877,14.9375
2016-01-01,6.95945062949997,8.55709220965053,7.57567791067871,3.31187421988545,2.44452939314726,2.02686151462643,14.9969680444822,14.46022747758,-2.7628869351926,-8.8771148496399,-3.8849941276959,-2.67771360092709,2.1402177256619,5.06473569741425,9.90321545542682,18.6032240149158,1.89442161105562,5.29005101679533,11.0907866421639,4.05897132761302,14.90625
2016-04-01,5.94510282269547,7.74158244660623,7.77614662956452,3.85781187326566,3.01870676898659,2.60773740296665,16.2803097087505,15.5908399362009,1.51159197341795,-6.04914423080422,-5.93270346958843,-2.43440193364782,2.37374469219196,5.14111728364523,9.6074963083181,17.5031866343666,2.56004298667282,2.61033703139666,9.51282535672937,4.52800826567102,14.56875
2016-07-01,4.76146532083899,6.69178604749595,7.64071488153257,4.07541975475462,3.26935476460869,2.86924453827424,7.29944183370176,12.2384124575238,5.37989091971497,-8.00218431054401,-5.87080737593075,-3.54858556863488,1.2840480112533,3.94101497201726,8.10371677227346,15.3070874848674,1.20525016167172,2.99601565881825,4.38971381197705,4.67043795779614,12.85625
2016-10-01,2.58955979280123,4.55736827918386,6.22297325993466,2.96760396995901,2.1858521309496,1.78860055975019,8.87198100203955,12.5335452173335,7.91888457877084,-10.1864816284391,-7.8835635832398,-6.0630999810667,-1.12998307270931,1.5134990951999,5.49678408145311,12.1770569912675,-1.69340820552092,1.0326349922951,3.25472480204872,3.49988290862223,9.78125
2017-01-01,-0.403806452461282,1.47994026305949,3.57847672924251,0.540670523169041,-0.239004747628798,-0.653667873831864,2.02142232853143,9.07774978224384,2.81370081267301,-12.0563779004,-8.95224444158703,-10.2111308744617,-5.05400769559432,-2.27143648276783,1.71650983993612,8.10158386817986,-5.15063263267647,-2.6416437681939,-1.20927080023564,1.03267400271827,5.13749999999999
2017-04-01,-4.2268070730486,-2.5730767307075,-0.414516376336366,-3.38144592813154,-4.19657299483993,-4.66293888052846,6.37728695154038,4.50577409416945,3.72071099640996,-9.80667192296613,-6.30987219329887,-11.2174325313949,-5.81076825337121,-2.8634585932648,1.15683972341139,7.28772466824017,-5.64026032480009,-5.94959552387637,-5.66150696305291,-2.89642641725015,3.80625000000001
2017-07-01,-4.71032401500977,-3.31751727429327,-1.210016100601,-4.13477948091017,-4.99134603815094,-5.51531734255241,0.12606904593008,3.51648020047875,0.58654468197264,-7.10312746936168,-4.24184530487551,-13.5294264880547,-7.80911702417563,-4.62443341143225,-0.490318168689214,5.48572754554735,-2.10952075557621,-6.90692509457826,-10.6992014192059,-3.65087677203158,1.18125000000001
2017-10-01,-6.11080051295309,-5.03364954196462,-3.16467875730606,-6.12081609937775,-7.03724403028718,-7.63604385537315,-5.17407658875786,3.82952453019485,3.25723827559418,-1.72866259146866,-4.47147822192801,-13.634197052023,-7.60381006032921,-4.19567592639763,0.0288958575906975,5.82684888765402,-2.69995312501525,-2.37627981026337,-9.7173368742991,-5.62255459379605,0.850000000000023
