"date","c.hp1","c.hp3k1","c.hp25k1","c.hp125k1","c.hp221k1","c.hp400k1","c.hamilton13t1","c.hamilton20t1","c.hamilton24t1","c.hamilton28t1","c.linear2","c.quad2","c.poly3","c.poly4","c.poly5","c.poly6","c.bn2","c.bn3","c.bn4","c.bn5","c.bn6","c.bn7","c.bn8","c.stm1","c.ma1"
1986-04-01,-2.46648672146442,-3.01807166101607,-3.6475619929007,-3.2045240222015,-3.08912012365695,-3.00947254232617,-1.35934937297803,-0.48989945343412,-2.16681461119695,-3.19392356880148,-2.96129032258064,-4.86490644909472,-2.56471475158015,1.25757366201572,1.23865713433423,-3.81629529810948,-0.148750214250871,0.0277794930559262,-0.394803693038162,-0.339099121666435,0.842867476378243,0.226706386250233,0.233084924606706,-2.47479512755804,-3.36874999999999
1986-07-01,-0.291753671922507,-0.835854924319037,-1.60875999406879,-1.24036788772101,-1.13441886006764,-1.06008423890819,0.106192485432004,0.869304068688933,-0.651885422472049,-0.907770319738418,-1.01643625192013,-2.75141129032259,-0.296464019851115,3.27668400148241,2.72149844618541,-2.3333777035128,0.0738232964775797,-0.21232154192309,-0.0292886823021289,-0.217577130087876,0.398205026198095,0.637172787484712,0.530150032846954,-0.529514030842847,-1.0625
1986-10-01,0.0942901514205516,-0.423706695782499,-1.29643773333684,-0.993379271431621,-0.895776994534316,-0.826082112920886,0.3638089809657,1.354904532715,-0.847227180205422,-0.95789634931289,-0.786259920634933,-2.38067765567764,0.177981046731034,3.46056832885196,2.39457191641387,-2.59864194148118,0.032382006286345,0.118272082518569,-0.262584073832925,-0.0478291601594908,0.296841618985439,0.482734117890114,0.565727657900301,-0.302187909521408,-0.799999999999997
1987-01-01,-0.158807747880644,-0.654424329201433,-1.63508577401777,-1.40964685301458,-1.32334670782959,-1.26031747881227,0.115635748213379,0.771195989388588,-1.20183790827799,-1.26082757343249,-1.22701923076923,-2.65600743006993,0.027388842500784,3.06498441884057,1.603062642162,-3.18854146348816,-0.0166895725759388,0.141325565803065,0.146244577262,-0.223292099228758,-0.47508549811128,0.290933142706283,0.393268312752566,-0.736546528193131,-1.26875
1987-04-01,1.72095778994884,1.31331436471555,0.395242308830703,0.612674661487702,0.700481389365578,0.765346511546795,3.01013588922055,2.70914061727498,1.22798963451,0.88934928195799,0.802937062937076,-0.62198726646487,1.96759026750247,4.52842801356368,2.48020370132649,-2.29311053640251,0.0880583569178485,0.145383505053505,0.364052952949558,-0.0940857783115521,-0.203952659268305,-0.952704185424321,0.575130481525372,1.2595385863296,0.743750000000006
1987-07-01,2.38581218632471,2.09081659215937,1.31349502724542,1.55665066328632,1.65251173999793,1.72367468322591,4.1965360099184,3.80844713566623,1.62775642405791,1.55123905391882,1.77150610583446,0.279188283183032,2.69032193138005,4.72234416154518,2.11557844221535,-2.57564301891279,0.0725741067418985,0.3645154709345,0.413260520242191,-0.00451638455279543,-0.615524663355723,-0.361945021577455,-0.281338322266308,2.17308194033598,1.66875
1987-10-01,1.34505307624684,1.12901080497687,0.428423177176853,0.668371413831991,0.766617752678997,0.840332533226515,3.11391293477483,1.59852846484242,0.962136816194985,0.159438949019659,0.893678665496054,-0.598515097148535,1.73469099515212,3.40372266042721,0.494174233475775,-3.83520770446394,-0.0243807386816568,0.267883519141397,0.540213677273995,0.189901493507798,-0.778893286132815,-0.78596890969405,-0.199281823633209,1.25862387398894,0.924999999999997
1988-01-01,0.722792090396027,0.563666612292351,-0.0969154950982016,0.122325648729955,0.219269191419656,0.29306023875715,2.18739768918338,2.27909731865316,0.426952480946724,-0.0646054283512143,0.348721227621496,-1.10443003288272,1.20621529689647,2.60856507330425,-0.454913836449947,-4.29484234953439,-0.0167280398844941,-0.0669492232835669,0.27770220495661,0.428960443282764,-0.107126568376226,-1.02337322623463,-0.785787102842442,0.689284882655187,0.556249999999991
1988-04-01,1.24844969391214,1.1610950823425,0.595841220686296,0.8198964126709,0.920603182124708,0.997978679004746,2.91101151968638,1.91020515024604,1.36619375411786,0.373346621818229,1.0607867494824,-0.405667045752779,1.81604895070909,2.89845092659058,-0.34748861470382,-3.76879244001678,0.0250083072012939,-0.0696914256791421,-0.117178331524758,0.19440718662438,2.78683562734101e-05,-0.198688815001436,-0.876047431051814,1.3600063231177,1.41249999999999
1988-07-01,0.1218339513252,0.0659845740799625,-0.486424154546526,-0.295426966729906,-0.199026079928942,-0.123608671481776,1.89013183434383,1.05587992417252,0.0785052155116261,-0.787931740490151,-0.0611267605633827,-1.4622334004024,0.777958894922037,1.69260897980752,-1.54190471522222,-4.38434159217857,-0.036536774682724,-0.0511917841415491,-0.226178805771287,0.0505258127666955,-0.137540708924158,-0.0671009365516137,-0.216930838928122,0.224351446914355,0.349999999999994
1988-10-01,-1.50105446334786,-1.58295057046141,-2.25470841985594,-2.1609379983162,-2.08308692097454,-2.01963840056308,-0.623501400399093,-0.434237319377587,-1.5827602440033,-2.6864368588713,-1.97147887323943,-3.17997298861663,-0.760063913035168,0.184817169088802,-2.8210900350166,-4.9288356315342,-0.0481111271613841,-0.285094120745242,-0.390729990914174,0.251080686094607,0.575106595207255,-0.136187319327769,-0.198505669817362,-1.65036563356271,-1.49375000000001
1989-01-01,-4.0440192738166,-4.24010879975116,-5.25084427556442,-5.36521943949253,-5.33127394136466,-5.29791386855268,-4.37283570089205,-4.12114229635617,-3.6400205299722,-5.7358455606461,-5.29006849315068,-6.0921325435024,-3.23268624789172,-1.96715028655184,-4.45780948576581,-5.63343017855573,-0.218204220353374,-0.764667527281202,-1.01684994839464,0.544152347996117,1.70659668001652,1.13992325644622,-0.489584599713395,-4.84438908983527,-4.66875
1989-04-01,-3.02863925781357,-3.30843029011855,-4.59049060314167,-4.89222155325281,-4.8997660805754,-4.89533395066324,-3.85784561827587,-3.44291513384522,-4.36375768768944,-5.07037356632706,-4.9271751203258,-5.3686782673084,-2.16524562053041,-0.728806662072728,-2.92509626541326,-3.51520308099079,-0.108249041795676,-0.728019610876977,-1.56612950464715,-0.115201775830888,1.78477916275643,2.26681666435116,0.7653734767812,-4.36457188730526,-4.1875
1989-07-01,-2.30908998501425,-2.64921271013728,-4.15167505417016,-4.62665260983547,-4.67460349532958,-4.69888148527571,-4.53267162871234,-3.79457482295246,-4.69088066505343,-5.35618273148232,-4.77113513513514,-4.88132005689901,-1.40054312685892,0.105417541206947,-1.93874364863009,-2.16217027494226,0.00616548798990136,-0.397395381931256,-1.29107625442224,-0.691024616184512,1.14446317676487,2.10597913182668,2.07496570293338,-4.09433095829057,-4.16250000000001
1989-10-01,-2.32179097127447,-2.72153310558468,-4.44955356157378,-5.10987067878995,-5.20303082849738,-5.26006506923594,-5.38263057495084,-4.64292148552499,-5.49462710775725,-4.67513160515183,-5.37975438596492,-5.13631168831168,-1.37308509034827,0.19398902674051,-1.72353356503552,-1.65103521937752,-0.0289494830101889,-0.0690488996609281,-0.827563147645167,-0.694619295377698,1.00743862262682,1.43904017801463,2.0855709687282,-4.57008321352868,-4.65625
1990-01-01,-1.80037970626557,-2.2405444125814,-4.15297217475067,-4.98831611716076,-5.12651638816487,-5.21685392855063,-5.33259918835886,-4.90946645652535,-6.07322762657132,-5.80868009729697,-5.38609022556392,-4.80674851464326,-0.808150610215918,0.751898318204098,-1.12569521122147,-0.880921873778817,-0.0317293432998535,-0.146973314180604,-0.239503169553628,-0.429901465528979,0.843381971437415,1.40756248072338,1.43774536270359,-4.44243507455391,-4.61875000000001
1990-04-01,-0.543853284798573,-0.980161057394753,-2.96959007460003,-3.93572759955889,-4.11076642176805,-4.22908636794577,-4.6656517646537,-4.15830802714927,-5.00272699038514,-5.29132854401257,-4.44125874125874,-3.6028250230782,0.511090175647126,1.91805199020388,-0.0794563040471274,0.157118462196891,0.0220234500314608,-0.0613734909242515,-0.234412032702499,-0.159635926972621,0.505702178949362,1.2161780158685,1.1861665582768,-3.39158892416381,-3.73749999999998
1990-07-01,3.27087876236669,2.96789052866764,1.23292461746617,0.294633137748562,0.118645360039793,-0.00172007301586063,-0.17716451416068,-0.335118286535803,-0.57844251431608,-0.95578843960412,-0.218597857838361,0.602056962025316,4.46078624063856,5.29235921082299,2.73785210267361,2.53099709869821,0.165928210586343,0.414048082316106,0.377290079435715,-0.74126363599976,-1.05075867006907,0.424727349018796,1.77596542096764,0.806897024504394,0.500000000000014
1990-10-01,3.84909759843752,3.70167872304852,2.30003752872162,1.43443137112351,1.26801048314096,1.15332142874924,1.49937573986305,1.25454384026877,0.745456433025822,-0.444295154862942,0.943386075949363,1.6754125644632,5.20288812276308,5.42019774408259,2.33836762955232,1.79091504726657,0.29664918263314,0.739349113449305,1.09786707587089,-0.441929736235902,-1.76980906762301,-1.71359003531371,0.786816613379397,1.90760436469118,1.67500000000001
1991-01-01,5.42447820877068,5.48523207267074,4.58009225992383,3.87797467830288,3.74341129482093,3.6511839230587,4.16570035436638,2.67678037145622,3.15293301326065,2.70929661042598,3.47444444444444,3.96783310749775,6.99067331657251,6.446047128895,2.74756362929776,1.82934175509563,0.336196377503256,1.33687609756056,2.00775052111704,-0.159722644215139,-2.31675432586154,-2.67528873074546,-1.18194066775344,4.29560195592553,4.15000000000001
1991-04-01,6.00304296651832,6.28916741675988,5.96454507528611,5.48420048853232,5.39698104349397,5.33931708235113,5.97270849294225,5.44700576700717,4.95141404773062,4.80944935304298,5.21568804576934,5.37704530860572,7.8078536367693,6.46855036917961,2.20072788047295,1.02754153125126,0.535679666668953,1.12045080393102,2.79117293950717,0.642923115911814,-2.67935080428963,-3.2352202186723,-2.30796617008647,5.83659072032573,5.93125000000001
1991-07-01,5.61188813422008,6.10547039660098,6.36175899789276,6.12439348297787,6.09161833469463,6.07456604328915,7.02935600871291,6.38338887918509,5.72847504722787,5.93840903415041,6.01510431971789,5.8126568993745,7.65038485567602,5.58832638618932,0.908266480059723,-0.305773957755889,0.395669902241707,1.30884793545371,2.01247924986738,1.299089317288,-2.43247864996235,-3.56740046778107,-2.98487249996591,6.40949287983285,6.81249999999999
1991-10-01,4.45424044750649,5.10909684363145,5.87445789536451,5.86710758231732,5.8877006542423,5.91120319355551,7.03316036773019,6.209602208734,6.21216199567914,5.77784323725699,5.91755593803788,5.37416219499848,6.68898262583264,4.05346954387397,-0.814179061640331,-1.81380814141049,0.174203430051677,0.762308048094407,1.86341197990698,0.976126910390453,-1.87163467212261,-3.41049184431797,-3.3122394467024,6.08981145774936,6.73125
1992-01-01,2.70970159588387,3.45803403134614,4.59971180360618,4.77823253668737,4.84321949704187,4.9011153572982,5.6907077432172,5.8563063675274,4.64206145152029,4.79546084319746,4.96501400560224,4.15191225327339,5.07221926461041,2.06770154660975,-2.72734959125964,-3.255279246089,-0.041175226304761,0.200758522946515,0.85366558487272,1.14922785619377,-0.800563541574733,-2.77468687305525,-3.29758322355022,4.94967293303645,5.7625
1992-04-01,2.13385931971735,2.94551185114891,4.41606852521559,4.77570924880844,4.88573673568526,4.97921598352896,4.86886979197106,6.25951272440209,5.6456941067462,5.33609294832742,5.10429548563611,4.02588140950046,4.5841157172937,1.28482886597122,-3.34758683521484,-3.35667982584927,-0.0752886299442535,-0.0906329978004033,0.189644393546782,0.655621718623339,-0.303652306146201,-1.18214425451586,-2.27477268904035,4.89832805549358,5.91875
1992-07-01,1.0661971917804,1.89516828189535,3.60008279906839,4.11135942545036,4.26074967862185,4.38607016746414,3.98999889413575,5.71905352202057,5.3340693243897,5.36634768276546,4.56784282277465,3.2666563388496,3.54287343761901,0.0725929564970187,-4.26316371517619,-3.66916127937999,0.0233848429238032,-0.166318078362047,-0.19581938597729,0.250848643760748,0.00801415422248999,-0.687185425810394,-0.98265623746282,4.19267994339789,5.32499999999999
1992-10-01,4.10610327207036,5.04330606318948,7.22788351866592,8.02833530078006,8.25425820326087,8.44150434464096,8.20695409830869,10.3352036979657,9.37570592286514,8.58853860971732,8.73299373040753,6.98504983973794,6.70570896880467,2.76290125346698,-1.62043556775039,-0.844630493996576,0.38010944567211,0.452830141387743,0.226918961456215,-0.758468299931837,-0.904864975031485,-0.405884603551216,0.457626884973252,8.04007388199292,9.21875
1993-01-01,4.68577763019704,5.74272921992052,8.4605133005342,9.59897014307703,9.91702861163999,10.1798874286281,10.1008741058123,12.6470676403655,11.841470521458,11.7820364279203,10.6080949948927,8.32907728975144,7.42131688536182,2.96679380707225,-1.48465818565596,-0.561300761929928,1.0273508953005,1.05097077321442,1.15398492374985,-0.760157807714826,-1.92281365265862,-1.25563906871072,1.02291035861138,9.53257190904925,10.5375
1993-04-01,1.52690130512848,2.59098983652822,5.57968015725858,6.94898393546239,7.33458436266105,7.65483350230215,7.51320073360314,10.4322229949341,9.70413292030912,9.62390520321691,8.19213483146068,5.53813227970529,4.24846008900724,-0.377713800138466,-4.50083000820845,-3.02960639352752,0.159859971430706,1.10941642200815,1.29600960774495,0.615468294606682,-1.17364612849634,-2.01707487976213,-1.02333802097752,6.82949570840275,7.58750000000001
1993-07-01,-0.792740278877005,0.192634281642924,3.24017023643155,4.75069653310777,5.18285644288569,5.54472053503001,5.73925529450926,8.3987207021014,7.48376110296422,7.3038537061437,6.16666666666669,3.26406274884535,1.78417818740401,-2.76674819366622,-6.3090967451178,-4.09079300144093,-0.310245307618153,0.0483734456903706,0.941841960028213,0.85677747571928,-0.0453293510517834,-1.08028452690803,-1.97099773024611,4.59846995828944,5.03750000000001
1993-10-01,1.6076087757488,2.58602098063821,5.86622257379133,7.61448004093737,8.12054134112881,8.54715473714354,10.0230112011899,11.6770279299049,10.9416279110366,10.9668165150376,9.29813664596273,5.98926529291185,4.12634542503841,-0.575975449926517,-3.83093002994137,-1.25928644932131,-0.0713786281961892,-0.202153371346225,0.111462592698474,0.493118776996628,-0.253083717916981,0.0464148643548442,-1.03143635847846,7.40896129010257,7.50624999999999
1994-01-01,-1.14615576293741,-0.270544504599542,2.99499241875471,4.87059267759041,5.42386512584734,5.89468503003211,8.48897473300141,8.45162829044338,8.96259526785298,8.73637132030498,6.74158485273492,3.17972083793381,1.16094448170199,-3.40530239285141,-6.0727512635733,-2.87922746496953,0.141782378453374,-0.0652472754854127,-0.470302079917396,0.183387089741314,-0.46640005272956,-0.357435347813123,-0.0694734071518494,4.63673496817715,4.29374999999999
1994-04-01,-2.12285011750095,-1.38649662067186,1.75178769872284,3.7036953609156,4.29228786059929,4.79844353231429,8.4416989626482,7.74724175898274,8.14576280402626,7.38760879166395,5.72820864790664,1.97733988368313,-0.101501824224272,-4.42295745351176,-6.43063872001964,-2.61849232778016,-0.147297839971444,0.161379477914458,-0.260216060811913,-0.07071441883678,0.416223294501228,-0.608792261334537,-0.206928950078696,3.4526829178219,2.66874999999999
1994-07-01,-3.17598799287141,-2.61557596780706,0.272978780673029,2.24037284218043,2.84926029642386,3.37904695367531,8.53305125586525,6.32683190456174,6.78074694214621,6.31550273965871,4.37274356103023,0.51134238521837,-1.51867488830655,-5.48017794472473,-6.75727289819196,-2.33353127664552,-0.0849872713630257,-0.592622645608577,-0.103885034317054,0.16368187013571,0.847005372069308,0.586391822493544,-0.589175288708927,1.98517360948236,0.975000000000009
1994-10-01,-1.38869985630332,-0.944315451756509,1.8093764423226,3.84499770517144,4.48905169692931,5.05539741786262,10.9611474093398,8.22732541396614,8.91704905396585,8.66094845672256,6.13986842105263,2.08140396093326,-0.014427176187894,-3.77454275919413,-4.55981231194193,0.144239890836303,-0.0154450348972639,-0.0696506520730798,-0.819626172750967,-0.150619032019298,0.311987035161142,1.05637168884199,0.616983848553668,3.57346176695194,2.425
1995-01-01,-1.84748707015095,-1.53054163678726,1.02685839179409,3.09683487482171,3.76794891447611,4.36478888644706,11.1083577697125,7.5178121631195,8.35077552458571,8.18001064687434,5.53163659793815,1.31518448874395,-0.788959445071384,-4.29006289887087,-4.56144820207335,0.401137934109173,0.099812421054747,0.0295098591155828,-0.114723900563633,-0.55323051810479,-0.266727672334886,0.289938870401066,1.080508495899,2.81625017330379,1.66250000000001
1995-04-01,-1.61335430476468,-1.41117572926619,0.946983480262844,3.04372774948919,3.74054365387722,4.3673410101775,11.5762695807787,7.79085043900598,8.85431889486276,8.14558354928916,5.6185146223438,1.24607042442094,-0.861132681751243,-4.11217958698883,-3.92413070121,1.19647093169799,-0.0125169519434545,0.239515644662478,0.155543898192895,-0.163552054446262,0.0680005650445833,-0.391925964565267,0.391192010009983,2.75544223583007,1.7
1995-07-01,-2.34944770508083,-2.28029919985079,-0.202359717884093,1.87319861805081,2.58327522167791,3.23005747970635,10.4283695215445,7.7916686439857,7.6467478498202,7.62027278446284,4.54897959183674,0.0802597402597343,-1.94905233380479,-4.86875898874402,-4.17169985479521,1.12570838082388,-0.00693779077147109,-0.087378939205757,0.294416778412881,0.187598075807978,0.092056989812066,0.285659916901055,-0.31769964526726,1.58741679259784,0.65625
1995-10-01,-0.40712028874627,-0.399893913823874,1.54193899686699,3.65764270071318,4.39775351458314,5.07920065246454,12.1721801831001,9.75798907667308,9.62648061796841,9.95858071681748,6.49771717171717,1.84006240624063,-0.23594759475948,-2.99330413681002,-2.01986047688804,3.17446517349453,0.0206912262309945,0.0980390875462185,0.104314787060773,-0.0627168951380013,-0.158617973526077,0.0344722458902856,0.267471307894458,3.36036360014965,2.58125
1996-01-01,-1.48340287408728,-1.56575814464685,0.142559616923506,2.24201549384168,2.99728866986254,3.70126832425058,9.29933967477069,9.24756535803486,8.27584801528201,8.8077982573919,5.19841584158416,0.422926616191035,-1.6012042227638,-4.08742979639966,-2.74140455742167,2.44610958063875,0.0706839759337075,0.0510306716397614,0.160479677339521,0.0950009734010722,-0.421003873291158,-0.202514737592193,0.0406804351117473,1.94563687937652,1.22499999999999
1996-04-01,-1.35133939248963,-1.51158411838999,-0.0364566094819736,2.03590984614424,2.80338965173412,3.52773909774953,8.64623745327849,9.80537570377895,8.26028359320711,8.71705599693497,5.1019801980198,0.217913950161446,-1.74303298778678,-3.96146403991537,-2.28053358390743,2.84468464410213,-0.0488728229252972,0.133104852180603,0.0966259305904865,0.0934205492380926,0.0923953893369626,-0.565625219814038,-0.158687314855027,1.74243749257627,1.08125
1996-07-01,-1.29550008034447,-1.5243525481971,-0.285565949880805,1.74644822208506,2.52235247835577,3.26412193215529,9.27783400818349,9.88495165469925,8.45010762787032,8.50073641479948,4.91216447744146,-0.0671769977595318,-1.94894272869715,-3.89725453725109,-1.90992952821767,3.11299755414861,0.00588073791710733,-0.115805421358236,0.235517524580202,0.0707936462632614,-0.00253466928842114,0.0792049548524692,-0.425341872455074,1.45842854851566,0.812499999999986
1996-10-01,-1.38179025576051,-1.67479350301582,-0.685180738808299,1.28771592627885,2.06657804174699,2.82126805441253,9.34627769653856,9.98048682168499,7.81205982786507,8.05244107578224,4.53635175504108,-0.516739571108502,-2.29337096316395,-3.95773980245393,-1.6777186103392,3.22273005329134,-0.00550195053815546,-0.00600963323262913,-0.319598844513822,0.228983248798038,0.122102321642857,0.032448203942987,-0.010195369703823,1.00888889310949,0.637499999999989
1997-01-01,-0.460554833801766,-0.780132000401309,0.0341359930407634,1.97171712871385,2.75950609169449,3.5324680192335,8.04158309618133,11.0540365347435,8.9039333349089,8.69926396924139,5.32846153846154,0.167039705577437,-1.55410339087821,-3.01190950133154,-0.553439893051973,4.10056857025623,0.0243685435371084,0.0461379674066382,0.111211718916064,-0.323442772164392,-0.179108498063219,0.0212504956993596,0.20191862293304,1.69643194200333,1.74374999999999
1997-04-01,3.64387972533156,3.44069509938281,4.42981520150819,6.49617298446346,7.33739693967105,8.16777713244701,12.9357352338465,15.816200397032,14.1266163776732,13.4230425428682,10.1321293800539,4.6419563191173,2.68369172406908,1.07116822862167,3.28842267176921,7.26380452267804,0.218249530810583,0.445343332946218,1.07020969176412,-0.890440951976744,-1.05415031683025,-0.81594807925621,0.618838407196703,6.18832086674249,6.59374999999999
1997-07-01,3.64591798690265,3.5659949908388,4.75691108066235,6.96487518516827,7.86369178146664,8.75591175776889,13.8697691369557,16.2159097964881,14.8633494368669,13.9211485015701,10.9041086228178,5.06162052548051,2.85016065246742,1.0777387170657,3.06833863276634,6.43911266954733,0.429125779898115,0.77815136814625,1.74925420659398,-0.192389093188412,-1.90945951823909,-1.61221618492107,0.0497054572769593,6.62297039642411,7.25624999999999
1997-10-01,3.72593936053804,3.77550405197397,5.19948494979171,7.5660856183793,8.52791987510577,9.48757578258798,14.3602384105322,15.0916185641173,16.2962627686133,16.4934388485618,11.8383696780893,5.61363952480303,3.12536476832112,1.1793737046502,2.94750299316026,5.77037475411242,0.174317117038748,1.09696205739556,2.46109675379434,0.268434395549213,-1.57839037485251,-2.59212461527533,-1.0399217727131,7.18771131716248,8.25
1998-01-01,6.02501335304359,6.28112544233355,8.1553173783072,10.7927651725998,11.8493178981031,12.9053072815308,16.7853898320387,16.3913028428848,20.4731833773718,20.0966416272821,15.5305640502888,8.76966453526086,5.81801542994205,3.49137987027892,4.82575735078785,6.92498921799604,0.424295651781977,1.1356111874132,4.12866253717847,0.762831890187556,-1.81859097733881,-2.69211619575865,-1.95778846995277,10.3546496158956,11.73125
1998-04-01,5.17009710572813,5.6033906672788,7.8883748861919,10.7880702968121,11.9386721298851,13.091666461402,17.3811695978059,17.5943966719005,20.9167834142659,21.1921104115987,16.0023519599666,8.703352793995,5.31316017852716,2.66630104533816,3.6731734698665,5.22939770073698,0.625468667420978,1.37337093892282,2.78988130271093,1.68794900570829,-1.88202742984017,-2.78512641181907,-2.01771289257881,10.2942682472561,11.89375
1998-07-01,3.89140666685846,4.45508428954659,7.06651720126986,10.1977999428921,11.4357348401668,12.6810169158618,17.4927984779662,17.9215725740536,20.4967761643312,21.4794830279271,15.8761179361179,8.06387241137242,4.29415469486264,1.42437366178052,2.24246917477184,3.45347212212539,0.160434840202877,1.38570515276145,2.77528447502643,1.23644950449839,-0.95373221898383,-2.85484683645614,-1.97790719785378,9.65689855057546,11.35
1998-10-01,4.54095762426215,5.24979843022021,8.25577655431753,11.662989211467,13.0019970098607,14.3529803499653,19.0108484049142,16.3686444138785,18.9201945257357,23.6906139083057,17.8736003861004,9.47789233607816,5.25846957144115,2.10192922551067,2.67838857851444,3.51933962713152,0.241948448087658,0.82877707941285,3.23127985029257,1.38227049248831,-0.411446992742667,-1.65412844711587,-1.27946717001746,11.0666605986037,12.9625
1999-01-01,6.1578991794479,7.05798610126216,10.6095382363017,14.3813571014275,15.8476932404274,17.3291567150264,20.5729252897343,19.7094261462518,18.8704561623469,27.3558950221371,21.2450063211125,12.1384394337614,7.3269176693176,3.73796734671292,3.93343185414513,4.29115178882842,0.759360070583413,1.55675910046583,3.18485965974432,1.72213419408158,-0.603963883546283,-0.735513161781227,1.74653857144843,13.7117782531946,15.7875
1999-04-01,9.95107060298224,11.1599305181942,15.5983035124737,19.9241026696281,21.572339302925,23.234771556351,27.1801807998951,27.0901658296063,25.6629948106094,32.9417954553289,27.680065207266,17.6075798383994,11.8994462479985,7.54852785172744,7.03037716073938,6.59903035061237,2.20678079788547,4.33014056854516,7.03336245228779,1.69752870987381,-0.182664841124345,-0.237601520724391,8.19619183208237,19.1419338926958,21.4625
1999-07-01,9.56328744690431,11.0589585808619,16.388608391249,21.3006579029368,23.1435389863904,25.0006149679097,29.8527470416383,28.2599697654381,28.6784618555816,35.520552346805,30.0265751334859,18.9203361477156,12.2753665002856,7.17255228603817,6.0175178051301,4.95943513003839,3.26642121954644,6.23709390485196,11.8972665977273,4.70985939000159,-1.57767346720069,-0.112689851309775,10.073548647838,20.4023856845952,22.8625
1999-10-01,11.3578963287896,13.1872902284948,19.5882808524829,25.2090466075373,27.2844704106036,29.3726548115609,33.0890181505101,31.9590849566667,28.2933976259747,33.4801285379168,35.0884557721139,22.7674854880252,14.9971555030829,8.97450659592354,7.05456073443436,5.29976144097915,3.48603119589751,10.9139717552081,21.5887126430265,11.4060418096172,0.412643348265353,-1.28515989941408,18.6780281461423,24.1712139991249,26.9
2000-01-01,11.2595932112889,13.4048492952777,20.9006367702753,27.2813359405918,29.608578895681,31.9480487872864,36.9314095805768,35.2413965463395,32.1057036291838,33.5671493026716,38.4273209549072,24.7913193663924,15.8238640400637,8.86536903436462,6.23468446040425,3.91621874947936,5.41519900592285,9.92506225310013,27.029823182868,17.7570283225808,4.65587896778202,1.74116690120047,12.990808300984,26.0967467447708,28.96875
2000-04-01,3.09477170050826,5.26791098526108,13.1911303517063,20.0395866048934,22.5440977993722,25.0706349071148,29.3201376246971,29.8314170964094,27.8225458122388,30.1552546640931,32.1787049109083,17.5344216434944,7.84304023217285,0.588719713572402,-1.96566821617131,-3.94443517273194,0.986501376488718,4.489536160371,7.35058487631605,7.9291557302607,0.93599486813166,-1.03223828742847,2.30492554320669,18.7763338454369,21.55625
2000-07-01,2.09438524703336,4.24146045273189,12.478251656937,19.7607484757565,22.43720960267,25.1482491210093,23.0246811446868,29.2487319961051,27.547105346499,31.9755311851574,32.9003560746332,17.2513317191283,6.88231562690913,-0.582408482258359,-2.96010681132483,-4.51683540302133,-1.72397669057302,1.18780467600979,5.48337985687728,6.19299282813093,5.42456593840876,3.61950759034893,6.83651358516531,18.4272365693174,21.01875
2000-10-01,-1.55023632033016,0.432508979809569,8.63902463003255,16.2020440237233,19.0119999483175,21.874913481885,19.5989010323762,24.1990369016895,23.6902765226519,22.2389536180109,30.2096218487395,13.7002583512744,2.88512960257941,-4.48725748120083,-6.35184272746429,-7.1608028743683,0.375678853656776,-2.95444224917566,0.82457613923574,4.88169484810301,3.70196254878492,4.97766768770512,6.36886693531743,14.8325623822596,17.0625
2001-01-01,-3.70975468464411,-1.97728568481588,5.96088463833365,13.6919554174314,16.6071716061302,19.598112869807,16.0650618247641,22.8272972033582,22.2706826768657,24.1233893410179,28.4736776859504,11.2033281398185,0.102323114831222,-6.98021697390536,-8.14104303464433,-8.06511206663885,-0.857232988443297,0.206535013611746,-3.42731167404313,1.21199181968058,3.72926491738703,4.25014038347397,9.73239114743921,12.3104164852464,14.10625
2001-04-01,-3.8343012333942,-2.36553704838423,5.22990154576907,13.0887919390278,16.1000017423451,19.2119533906247,6.46815620265325,24.1553662970507,23.2313133490816,25.4781115499805,28.6285191708441,10.6156367205184,-0.726541183046891,-7.47346870305464,-7.92657165190451,-7.04344450516854,-0.108358851786097,-1.16101603555147,0.134523760179298,-2.83776073524674,1.01048202931486,4.21042839677981,8.58265372249516,11.7024081443888,13.29375
2001-07-01,-6.08660401939144,-4.95958979499736,2.04335060314757,9.8966986609011,12.9686348371305,16.1708251130042,3.07081053528924,18.9663633266486,19.8215503769677,24.9708833952017,26.0652139144342,7.43711031716346,-3.95859607124893,-10.1550315099767,-9.70715836195362,-7.88644395991912,0.0955658948424693,-0.434862708531738,-1.3502040837521,0.37350173666356,-1.67366105627266,1.03502382056427,5.67749124410968,8.53300217318247,9.85000000000001
2001-10-01,-1.51547868812301,-0.577499460691683,6.15370804513597,14.1435737099025,17.3154853016357,20.6443668686755,7.55880068105702,25.3878277204201,22.0289896181294,26.4746304359362,31.1302517702596,11.704012588513,0.019851735291553,-5.93403636819201,-4.997201023591,-2.77169117587843,0.646497321848756,1.38816600848778,-0.213438135605188,-1.7182748067536,-1.01870126756595,-1.22018214303701,3.71378796890085,12.7687473073681,13.9
2002-01-01,-2.4640195512884,-1.73902501331244,4.60705417784226,12.6645157504154,15.9184666723218,19.3588624931296,0.722655317124946,23.0948014664953,21.9061985920776,25.6339136033952,30.4146967741936,10.2440546850999,-1.63673403727759,-7.24296552472271,-5.73208670179366,-3.0532033295469,2.36632304219815,1.87538743876006,1.62048168914066,-0.649469609955506,-2.20880559927123,-0.6727437740076,-0.636514465337949,11.2926170131305,12.3875
2002-04-01,-2.04802535582814,-1.5132046373966,4.44846048734843,12.5566898568817,15.888438898971,19.4373820061157,-3.55412619312219,15.4880106725958,23.6855555012778,25.6181908806418,31.0736380952381,10.156096287964,-1.90882930258718,-7.16459085855544,-5.11721029326853,-2.07365859883399,0.47318071906222,4.3480012847498,2.2210359196363,0.959881520869169,-1.89957612265359,-2.06996155962476,1.771465398982,11.1899185766123,12.225
2002-07-01,-4.1479577943324,-3.86199547620294,1.50998835839349,9.54720832306663,12.9234596047657,16.5514465634369,-12.3383850241084,11.7999690818084,18.8384233018227,24.7463176312385,28.7052743407074,7.1566876406074,-4.92247912143256,-9.63530898607206,-6.8726298295247,-3.31362869627847,0.309789125705722,0.596681598404656,4.10057961358488,1.841903382006,-0.169600374038002,-1.53912103214085,-1.6530952694878,8.21088410923322,9.06874999999999
2002-10-01,-7.65268190090197,-7.72012949817639,-3.26949318724306,4.50386776891364,7.87088175086144,11.5294136132752,-17.2116371309872,5.29205691692258,15.8407892856291,15.9651911488621,24.0818036417323,2.1009436229628,-9.71968420302002,-13.5848705016262,-9.81569512857433,-5.48458099729547,-1.34616030098752,-0.367955467529992,0.51522129083234,3.91525225624647,1.3766382975085,-0.277746245882536,-2.98059420344097,3.23809919582317,3.90625
2003-01-01,-12.60183909982,-13.1738432978367,-10.1123238241076,-2.87592199793043,0.404644428053103,4.02326174178535,-27.1405023516962,-12.8858468466371,7.10004311305302,9.98368102433994,16.7877906976744,-5.33150296288012,-16.5063061167707,-19.0996538809528,-13.9208458729224,-8.46545414888898,-3.34563266576543,-3.53706644991532,-0.0807659402113092,2.25383050462921,4.51942014713501,-0.0619040247235721,-4.79776696717214,-4.0147141267603,-3.4875
2003-04-01,-8.60206402231569,-9.53067346296572,-7.58806181726302,-0.808819684661131,2.40273037890643,5.99632522228559,-28.4176408218091,-11.3464266248025,1.25360649746912,12.696958082162,19.0210971973763,-3.31764382963033,-13.9778809272862,-15.5278627729233,-9.30626638837106,-3.23758784225859,-1.81450814439247,-3.78975478094377,-3.21274992700678,0.362525100225437,2.32800339735416,3.86996225382967,-0.873629805250845,-1.84354667856212,-1.00624999999999
2003-07-01,-4.8924100681831,-6.03312104929518,-4.92957763550723,1.48165164019557,4.64431908458099,8.23028924025223,-14.1991370630445,-8.4306322463112,1.72747633924715,15.2370754864044,21.5720728126835,-1.07609352479582,-11.3590854866307,-12.0883085366868,-5.15825425882824,1.09113425450332,1.37924497539979,-1.75031320139726,-2.88789161885441,-2.13351715830857,0.569432845610601,1.86669576624491,5.12223083757432,0.527420048271154,1.875
2003-10-01,1.93999508311063,0.837667107762542,1.67542937973317,7.96137761278283,11.1376729838643,14.7721026658029,-11.8915848827921,-8.33437588653607,5.52963555576969,22.6621451885773,28.6016655100625,5.38910948432846,-4.86844813827474,-5.24609971799947,1.80253376008531,7.56156710207003,2.78315982775174,1.73258493703299,-2.36005621644916,-3.22729984995839,-0.704115067054191,2.71573380571291,6.70192903195415,7.03163222036193,9.34375
2004-01-01,1.68270351895541,0.634452923000907,1.22308730815607,7.36438146257183,10.5464112267036,14.2217376189977,-10.5327927169034,-12.5496060326073,-6.04485245976366,20.4806017051525,28.5301093643199,4.77268110915006,-5.42842123399862,-5.43295480633637,1.74320204402036,7.04589582103375,3.25899593452921,2.58035281890924,1.20937408904501,-2.84773053000691,-2.9389282479464,-0.437853755793503,6.04705295326451,6.4631361451776,9.94374999999999
2004-04-01,-0.159487501157997,-1.19579613257687,-0.975635775212709,4.9355668190866,8.09716528575726,11.7890642976451,-6.17316924157095,-19.3227792676589,-9.7823787079468,5.9064324263162,26.5169565705308,2.30536166286365,-7.71436657931042,-7.21195148686363,0.227064242140841,5.24147966241273,0.136104548085609,2.74326621348474,1.67811868206097,0.343005762062884,-2.53090943634338,-2.23076835183511,0.553813126978012,4.08126561393198,8.28750000000002
2004-07-01,3.4877895623587,2.59838348400484,2.7844545243704,8.60547400578594,11.7815841281327,15.521124850811,-3.97655977803655,-17.3978101322751,-6.33737986922947,4.66075241033874,30.771376451078,5.96256023802556,-4.06927755668485,-3.31967824287628,4.06093724366448,8.44754486315472,0.344210133792102,0.400145402136363,2.86564950776616,2.24367335843498,-0.411965291842141,-1.87495993499939,-1.02366746695994,7.76640162142203,12.8125
2004-10-01,11.2022273861636,10.7272644466061,11.578775306608,17.6438231396844,20.9234527082249,24.7912123977432,9.65585976481984,-13.921740898338,-3.66119896657472,10.7989822014,40.8190305010893,15.063727398502,4.5585653964678,4.98604179562003,11.6585847630816,14.7525125580588,3.47152512129985,1.1762210071045,2.93526779684146,5.90902798857216,1.39720849784471,1.1235377367484,3.31212033393275,16.7469013807395,22.61875
2005-01-01,7.04609275115283,6.85639732414057,8.10879846773713,14.2922663326861,17.6407347050105,21.605373170177,0.056914422295165,-23.7255687155018,-11.1026358627029,-1.62936044668493,38.3365500214684,11.7521393768552,0.957449837915647,1.30810887608908,7.59466279786449,9.84078699469273,3.3443704117787,3.77826192130217,3.13842979761995,2.05454436376674,1.19476985135926,-1.08122724238535,7.73458216720063,13.3682976477835,19.85
2005-04-01,6.36404935386702,6.43631826344833,8.08714764009372,14.3910286645484,17.8079497246727,21.8690792983769,2.33801150242337,-14.2737421365399,-17.1122377784629,-4.20493411382111,39.3206283719454,11.8955708933329,0.814522510839339,1.10075603278281,7.03641108208441,8.53291140866858,-0.213049414671898,4.66564580357205,6.40451829965859,2.62674583291708,0.674682495644734,0.97776792517905,8.00313245226288,13.4413316452788,20.50625
2005-07-01,11.4325342488803,11.9293284619743,14.453364228264,21.1216137809087,24.6729747439113,28.890649826354,11.6883296517327,-11.8720305618261,-14.1410131503227,2.97708921151633,47.2659472422062,18.7405000223424,7.04342818859752,6.87316860274467,12.0310699113054,12.3686854383538,1.51826715806583,2.39562726168296,11.3781715517218,7.18871115756629,2.54050297311099,3.05973344559397,19.8447333962467,20.094128681594,27.6625
2005-10-01,12.1111218814569,13.0471205229985,16.5707619911317,23.6895317927621,27.399837200203,31.7969052787837,14.4478269663355,-8.32002566568778,-18.181350318522,1.47255507351812,51.1912435765673,21.4574284402266,9.03209103080135,8.2993312956622,12.6083433535029,11.7992570027251,4.15245792107032,5.9465789212503,6.72821299014553,10.9448430797242,4.90025290151115,4.64872052064511,18.5688938989712,22.5687733502096,30.95
2006-01-01,18.8583904331052,20.4439748699706,25.6019495769919,33.5197902354475,37.4861825133876,42.1518652914034,28.8333103545876,9.74852323810617,-16.7822578400071,2.72399474453755,62.8714285714286,31.552009931932,17.9297304254032,16.1018055850353,19.0109974098937,16.5479428271082,7.35274740778102,18.4210929847371,18.9014913015659,14.3392449821389,22.3455575288158,21.6004908424395,60.8115301155348,32.2328758260407,41.5
2006-04-01,22.5518024668994,24.8926084872103,32.0893880890896,41.0622930476459,45.3591380321948,50.3627937203688,38.0369714105128,15.0662189877,-3.42818883842361,-5.09107871116171,72.6623913694936,39.4593804158083,24.2973332364702,21.024329948334,22.2299410856527,17.9182616590974,17.498607447456,28.2689274938486,45.566345092727,39.0476524094367,24.0588621470493,54.1849541743372,279.931517909155,39.5591675063247,49.8
2006-07-01,19.2443842171876,22.2071138069001,31.2607933343793,41.2681475445422,45.8961719978471,51.2408574863991,33.5910692562905,21.0929227972578,-5.96004206954026,-11.2978468053342,75.1739781345415,40.0524890016087,23.3751367581746,18.7732895359092,18.5248880765003,12.7899533188091,12.0887909907008,32.4409165145425,35.3318581233321,48.7984001001442,40.5609359875768,22.2480325769097,135.607426758759,39.56096256718,50.50625
2006-10-01,16.8096763919381,20.2813361029761,31.0483445539783,42.0887188182058,47.0542274760535,52.7481966711348,36.1928825551045,17.4682641869932,-3.45493667234877,-18.7394237311569,78.3865967365967,41.2887730086006,23.0887358193687,17.229817942253,15.7108922354907,8.87463495593528,6.34071425825806,24.3086066878498,42.0561260847159,43.3984474062042,56.6825691341794,39.7541607958222,63.0493028438605,40.1842594621019,51.41875
2007-01-01,13.288353581387,17.1153312373431,29.3324753641164,41.3439047490847,46.6370031471979,52.6739272806198,41.1488122832031,18.9199695596812,6.14148849917066,-24.2030691047955,80.0446264367816,40.9678324279641,21.3121851826859,14.3551924592282,11.8376522369565,4.29449043657593,6.74440536329127,13.0058618164065,28.4883021234403,45.6521463367074,43.2756321309352,47.5053931776809,79.1672655222758,39.2614237361921,50.15
2007-04-01,8.49738870044294,12.4819420162985,25.7472499477274,38.5926562133417,44.1827918812861,50.5375596470479,41.2458342543808,21.5705313146937,4.00312894572585,-9.90291406080863,79.6071610769957,38.6201260929502,17.6690849715264,9.8782882136631,6.7370417979468,-1.03644722607953,4.49394763805307,11.7527421863901,14.7944243814943,29.5279404249727,43.1225243717654,34.9668989262413,84.3656890511447,36.3666718401636,46.83125
2007-07-01,6.79572725901895,10.8431597770963,24.9809999654969,38.6255232955201,44.5094533368592,51.1816052214094,43.5083523407428,17.8032796015595,10.8112051653785,-6.82259945745804,81.9954990215264,39.0691641039978,16.8451029541023,8.30329324425495,4.6819889001116,-3.13394375900302,3.59525481399354,9.86343513646873,14.7237252692272,18.8591655745443,37.0948818768244,48.0898705765421,83.9007194736896,36.2663286841814,46.30625
2007-10-01,1.92577646216563,5.84076244860526,20.3938109978804,34.6551786415465,40.7891819915585,47.7414723896013,24.9183424668026,19.625187858761,5.00004112472288,-2.6039065845456,80.2250965250965,35.4709328970116,12.1842031759194,3.19902406187308,-0.510842378426389,-7.92577843928288,4.88809370370049,6.7892507274908,10.9393007542544,16.2711389985593,18.7037870183498,30.0141618824639,70.1899037552546,32.204845459901,42.03125
2008-01-01,7.58280327398717,11.5234464095002,26.8959660955617,42.0085635580045,48.4618735827015,55.7594096533375,18.961109131887,29.2697479622803,12.7893609589007,10.7439847358549,90.173725739162,43.3088545256666,18.6312965741421,8.8385136864311,4.63868350816429,-2.83078718373071,6.31098944437994,14.4722222136978,12.0749391713976,18.5327541888934,25.4004777488076,33.3853465823665,133.876467292978,39.4156712969224,49.0125
2008-04-01,11.3761698608005,15.4476389045481,31.9199664311956,48.0653883786909,54.8943152151642,62.5910501588154,37.2961246671419,32.7735048327417,22.9424274018471,18.1170876663553,99.1684832214765,49.950977554558,23.622455056482,12.7601415735436,7.81250245865741,0.0251205595380668,21.230061147819,20.7477673042762,23.8466563229373,22.3508140329163,31.2358168413395,45.3104805921582,155.266069305853,45.2920725460264,54.46875
2008-07-01,14.6341290216552,18.9280327215119,36.754731230902,54.1089100686598,61.3695018245917,69.519666766379,39.807152067568,43.2884205902892,25.9083009397968,30.2684461924875,108.501165562914,56.6859407459045,28.4522712201879,16.2798351816196,10.3683744389367,2.06639513974227,25.9783278009374,52.5340567100884,34.430375904031,42.4828540837347,41.0308191835924,62.6183936353205,307.825825849256,51.1198057843812,60.0625
2008-10-01,20.2692328124376,24.9575095535235,44.6084472509386,63.4627580904734,71.244000627649,79.9322913731384,29.6847270758376,63.9628661313714,40.2223651183784,30.5298297893378,121.669449285465,66.8940834751468,36.3531158570719,22.4625129635307,15.194520950702,6.00454854790598,41.842573985502,87.6155284143842,96.9035633883881,76.6398639146062,86.1573293908501,109.356359879384,3075.22084766188,60.1981459701808,69.5125
2009-01-01,14.4080023564755,19.2817330708996,40.2791943469182,60.4644981558026,68.7313798141718,77.9306785924848,27.6397479375171,62.6463527652745,40.0686056197479,27.9230626698906,122.407249742002,64.7246751571442,32.0488116963101,16.7544505284156,8.59033747268586,-0.899284172674584,31.2530274491382,56.3394667553349,57.6892175592085,88.5488008680356,66.0896996791472,97.1334662015735,353.094475825613,56.967901886809,66.20625
2009-04-01,8.44088485707891,13.2828235531952,35.0974441316283,56.4057805955735,65.111799081738,74.7843636875728,8.4870896135393,60.8055128996417,40.4816984586109,24.1594255093034,121.946625923097,61.446726139136,26.8514804402851,10.5049439977214,1.91950369110168,-7.30927642260269,8.39206112796563,42.099195755808,44.5062048398283,61.648257551,80.7337849026117,79.7341183558401,285.124224947272,52.7270281717861,61.6375
2009-07-01,6.11999605496902,10.8332911824545,33.206079192952,55.5484122833246,64.6783779014911,74.8145817583269,-5.81602322372942,40.2871846750692,46.9342131783791,29.2532025230623,124.702748219522,61.369425091038,24.9193705205827,7.67067172059859,-1.12146510858054,-9.85536705223876,8.61069224563278,16.798843395621,42.2980357528062,62.607974316592,81.9778365701162,124.501690170416,321.252910005381,51.7088715559745,60.55
2009-10-01,2.12916678125094,6.56552428474146,29.0834322319029,52.2830354318959,61.7971154362866,72.3648573153299,-4.50984061444638,21.4399982979148,55.7938762671409,37.6917484229602,124.942009925558,58.8398327827915,20.7057363693128,2.82742666792046,-5.82939061358354,-13.7128615536258,12.5413655941914,16.208337844259,16.2315741247674,54.5340123249319,73.8138072698283,105.927299488132,440.953411196034,48.322387688515,57.05625
2010-01-01,-3.42725690648166,0.536442835251023,22.6341214302415,46.4220203848751,56.2538243651562,67.1965606936648,-17.7710914908221,32.0315953535302,47.1287766650703,48.2300129193568,122.33864118896,53.6200926884935,14.0847116010175,-4.02716594976334,-12.0862209384948,-18.6591661453218,6.58691659060404,18.5746407372357,15.2357236634946,19.1547696863106,54.0603494892865,75.4944853025565,199.617873281987,42.3986526045689,51.44375
2010-04-01,-11.1503600228647,-7.9210616234725,12.9825846038572,36.9636195654767,47.0101674586188,58.2375457231485,-31.7952507309082,19.3243386801946,36.8187740384565,50.0612583401069,115.697097476417,44.6368518572044,4.13699302816258,-13.6436643331746,-20.4778141515525,-25.1352857361828,-0.277296442034819,7.32419569088691,17.0022049208899,15.9559417656112,17.0414263844365,48.6995682032357,94.6554424534025,32.9615234009646,42.575
2010-07-01,-21.3923002882036,-19.235092661227,-0.5450751199607,23.0812259939175,33.194684759302,44.5746848935366,-38.4650394823391,-22.0995187056504,4.98361403505868,29.1726064912276,103.948316216862,30.9720653212324,-9.86819737074381,-26.5518358237888,-31.342580163811,-33.3167844117227,-9.68531628244248,-4.61538161273814,8.1398305936506,17.0037188727325,13.8156173755397,15.4864432133533,48.0663040251754,19.2150517425953,29.1374999999999
2010-10-01,-9.27576987874278,-7.7773372591036,9.53113829387468,33.1448411397935,43.4170692450544,55.0338514237206,-29.9260538347314,-9.23656588358261,4.74988786218046,23.4396736733671,116.666108490566,41.426492441111,-0.195402326913893,-16.3564836437167,-19.8748756293423,-20.1994264656387,-3.19800105827336,-4.46808495560015,-5.35658741731949,8.98220057607308,12.8438069972308,14.0265258499771,49.1810722437181,29.3294596249149,39.83125
2011-01-01,-11.7733232055141,-10.9869411960122,4.62746365912545,28.0121114465675,38.3834262299391,50.1842091179806,-25.9605950608014,-23.7172782787994,8.13318918327087,9.84893906810919,113.94375,36.5806777662756,-5.59077016304872,-20.9523250283183,-22.9459538186393,-21.4598464892936,18.7239525234443,0.938496801083016,-4.40628699673468,-4.30867544527614,8.0288908818855,12.2309895831554,35.5063170922763,24.2895338184574,35.23125
2011-04-01,-16.7045838435715,-16.7593370948158,-3.35651904818462,19.4648629066535,29.8413445175465,41.7416254714361,-46.8149292122965,-46.467741608465,-4.48376970974675,6.31244829494506,107.37812284334,28.1451033855942,-14.1990880314245,-28.3206455233051,-28.3655461600223,-24.7336343469937,-0.775110598709533,23.9299739088387,1.01051672521326,-2.41156684683858,-4.7790891888995,6.76102375152347,23.6170345568799,15.9019546563491,26.95625
2011-07-01,-14.5974026663123,-15.3847359029971,-4.12637795065018,18.0694660212565,28.4289192166381,40.408317203547,-54.9257065535498,-44.2705260345314,-32.0786418584564,1.37730588397244,107.891289858365,26.8182863096525,-15.6371247346359,-28.4855381899435,-26.6525326954649,-21.1095521779722,-2.23966791438989,0.23126826362565,24.6444805632117,2.94916928964182,-2.67004502393638,-5.58434876400276,16.9812788443805,14.6713063247412,25.84375
2011-10-01,-14.2653673628872,-15.7285992832444,-6.66621160679858,14.7781347595904,25.0798168149603,37.1007324076378,-61.7097455987921,-62.9258379520605,-32.3232022794488,-22.0385625018819,106.334969325153,23.513748588685,-18.9101841179143,-30.3548028167085,-26.5997449530816,-19.2402211174385,4.0262596309755,-1.1470372956492,0.379839897634835,30.287335256064,1.74113309852475,-2.65841252015286,0.438458331675429,11.5644581001054,22.5625
2012-01-01,-9.92366561980589,-11.8697157217994,-4.69603382870224,16.0444741441278,26.2937697859206,38.3599176154683,-69.8479524756738,-75.4140754120954,-34.6617377642461,-30.4817710777482,109.394811529933,24.7753353992466,-17.6709423191392,-27.8282897419437,-22.3952387423421,-13.6261770431691,3.71503998010022,10.7775826640027,-0.711204498474856,3.82666231452556,27.3256003882915,0.488752169670527,9.47673702326316,12.9968176263946,24.36875
2012-04-01,-7.35011769347119,-9.64187737771965,-4.15844757360594,15.8767951490126,26.0653494010745,38.1678299675253,-62.5733788494416,-68.0550552700593,-51.1764257990696,-25.8941781660025,111.006790799562,24.5838684077628,-17.876111500985,-26.7809634171452,-19.8067812905382,-9.89090833473887,8.01719174454433,10.8692780158423,11.6636258514966,3.36063972181086,2.23773797357003,25.770544248651,17.226877895696,12.9890023063547,25.20625
2012-07-01,-9.9250770196436,-12.5974716136469,-9.0147945324714,10.1127914605007,20.1766423679493,32.255850506281,-62.0437641427043,-74.1428147340396,-59.2359235485379,-41.382171392425,106.715547218815,18.6598333453575,-23.5680691301506,-30.9632923301217,-22.2420276136218,-11.0486241445242,4.17834105219062,13.1462127404603,10.9645877842783,17.1967125966488,2.3911302745183,0.94949913922337,53.2055600786154,7.42384873261256,20.8875
2012-10-01,-21.9146939891457,-25.3190225773998,-24.6492367208369,-7.04082124651814,2.7203948573009,14.6125819048663,-86.4092924504089,-80.0247978794263,-95.5375513601453,-73.0483713933473,90.1200384944397,0.961170473929542,-40.3127119040225,-45.3699788283441,-34.0513758629328,-20.7521107641571,-5.04792854261682,-0.358501775606885,11.0072294771539,8.20613354034112,14.4754862033164,4.32196124157814,-0.946757661530184,-9.40277233145787,5.76875000000001
2013-01-01,-26.1332545874333,-30.3679162486313,-33.0218384403528,-17.2742896093337,-7.92424152724294,3.6783941213244,-83.9934174519277,-94.8412535251128,-123.434841951287,-89.9716454108473,79.8658565793181,-10.0686154343395,-49.9648613353781,-52.2606742676066,-38.0116909602813,-22.4074998454624,-16.0324250833323,-13.7621524319184,-0.0281987302599182,9.10170996751173,7.16048804768419,15.5611230147588,-3.56565765447885,-19.2447797546304,-2.50624999999997
2013-04-01,-30.3606012836133,-35.5208071713017,-41.9146423791725,-28.3887365184614,-19.5666237822178,-8.36475950821324,-77.6430133628037,-108.852613842219,-125.099876940855,-121.261804590766,68.0889035851027,-22.2586742875287,-60.3212242373067,-59.4125858238884,-41.8989786992133,-23.8064596684724,-11.9774054353343,-32.499893840241,-14.2440888875284,-4.04673835652021,11.7928196982658,11.4256942007372,6.69838786043256,-29.9005388112455,-11.8
2013-07-01,-29.4639826568448,-35.470674352795,-45.5894566717197,-34.4465588484835,-26.2176537814192,-15.4823755333126,-58.6808435681941,-112.847002512171,-127.818029073064,-145.994154437237,60.9769865841073,-29.5673482612139,-65.5534725599651,-61.2802475892336,-40.5152057175081,-20.1496750895372,-12.5530435249553,-20.9213290087778,-30.1240644279852,-22.6502977807434,-4.26980976266782,14.2762258714737,1.54913851256772,-35.4777686193264,-15.8875
2013-10-01,-21.9328637310843,-28.480983253119,-41.7199914793896,-32.8295444964378,-25.1809608307647,-14.9080542105003,-25.2485931623729,-116.564648888886,-114.611956542837,-138.835410039267,61.5472868217054,-29.2057383679659,-63.1896519438967,-55.7887655866422,-32.2448250204714,-10.3164468734587,-4.47262762043324,-15.2781473291011,-16.6865289198179,-33.6756619609116,-19.7969429573333,-3.4491152621006,5.61223606377794,-33.4220739764978,-12.20625
2014-01-01,-21.3377783003558,-28.3473010683091,-44.625446474371,-38.1040579885371,-31.0905654401504,-21.3374036999261,-63.9787135409104,-120.543469481877,-117.983266761203,-140.268986615626,54.8709033472241,-35.8941646077754,-67.6655364319453,-57.0147330513884,-30.7256036707067,-7.41557271082991,1.30542540988764,-7.34082332341686,-14.7187231752746,-25.8936894705699,-37.8076532048953,-19.0194849879033,-13.1709914531318,-38.2425278785772,-15.575
2014-04-01,-15.7483056764202,-22.9760835200908,-41.7720844058129,-37.5128538780011,-31.1292461899952,-21.8995269311872,-53.466866363013,-117.870852106799,-121.022598125236,-130.884278343661,54.0109627267291,-36.741302998377,-66.3292963663803,-52.6066870513905,-23.9527330567691,0.185316411590463,-4.62584956341996,1.39294599513,-6.69502462196402,-18.4215359946847,-23.9413525856999,-30.9674101273989,-28.0547638049973,-37.2306790638555,-13.41875
2014-07-01,-13.645925016833,-20.9667447247883,-42.0108199752759,-40.0159348025722,-34.2866820766521,-25.6112404567647,-53.656539180776,-137.404037023026,-120.793777029605,-126.114859047581,49.844564860427,-40.7768260188087,-68.083521332554,-51.3039533354403,-20.4577101636022,4.2191386705847,0.365896893612483,-6.76432495854506,1.4584702431373,-9.30673961812392,-18.9830188761975,-23.573337293228,-51.3383861417013,-39.3202607299127,-15.0625
2014-10-01,-3.82561472543426,-10.8650520323765,-33.2157143696119,-33.1387586300675,-27.9930300829691,-19.8166461425926,-37.5883646009509,-115.213745636491,-117.919597742711,-110.652602180278,55.3472597402597,-35.3016572749285,-60.6064515651935,-41.2483348300844,-8.90956819102291,15.4528411108132,0.188563807237853,2.58188797956992,-6.51913469451654,3.13873947526709,-8.61317048746934,-16.4290163026371,-22.2272260367122,-32.1124478316823,-6.36875000000003
2015-01-01,78.1391792258229,74.1406225852437,57.5894592254286,59.2204126392663,64.7128949199798,73.225866359986,52.729646809035,-10.7794126147127,-42.3012895440067,-26.4059650359613,151.235689522342,57.8663697174564,30.8641150313191,48.1413005499982,76.4823494769916,94.4447180738074,-0.258441563197743,41.896412597334,-57.5181340264929,73.8706606553775,-61.9874620887372,-70.0146984994382,-15.1948440136763,59.8102068025343,88.70625
2015-04-01,33.1144876366031,30.7096125654791,16.7697309531194,18.487796465455,23.9260186133208,32.4111967737157,-1.95718857496843,-35.7783013041883,-82.1834017649671,-78.173876436955,111.915597029137,16.9849921643018,-10.0777398907553,7.22327839821838,34.1934352595924,49.0396768697787,-2.10986968487353,45.069641052915,38.4153130546861,-5.7785209763572,28.7025000263049,-38.8777347330401,-37.8650193418567,18.9911531665283,49.71875
2015-07-01,1.09629117293935,-0.798286273614963,-14.5347716268429,-13.8711545297638,-8.8069493834081,-0.643388022018655,-36.780233373401,-40.73139110278,-124.058150886713,-118.248846390956,79.2331994225096,-16.3161509007595,-42.1498001683827,-23.2397538020975,4.24306071312964,18.2247181899356,13.477550781862,-13.6775470805482,-0.433233747391065,55.0089077125531,5.87235438446336,29.4245584822738,-32.7646999662051,-13.1916070035129,18.74375
2015-10-01,-11.7338617024946,-13.5936285052074,-28.1239655291838,-29.0069249541504,-24.4650763341983,-16.7640798260849,-37.6938930436958,-75.0954379242756,-125.961979172248,-137.379613871584,62.9155679702048,-32.7880905789273,-56.7928869282924,-35.6064156957607,-6.89113549813237,7.04572824428607,6.25200134171455,14.5392335936573,-12.7330147253681,-21.2840168207391,0.328654543767746,22.7050094511199,39.2715406596807,-28.0426635172428,4.75
2016-01-01,-11.2558481997011,-13.1164464283175,-28.3929661542605,-30.8161647174009,-26.8112884109166,-19.5937740498829,9.26086602228941,-64.5125693246906,-110.183908414602,-149.522471726946,59.7649846531614,-36.0030362455224,-58.1059722718485,-34.6530804182081,-4.80865317509631,8.93979360538617,2.10365345465434,7.61397027811505,15.767125172174,-13.0779732599118,-21.1367967902438,-2.26499334626498,15.96360054854,-29.5726487393518,4.3125
2016-04-01,-10.6221023703817,-12.5046873666157,-28.4635939799857,-32.410360115389,-28.9541381951735,-22.2385716937266,22.228167657314,-58.5826536766791,-88.2313040312133,-136.039495417632,56.6798251472284,-39.0668572981227,-59.2030555788391,-33.5038770174071,-2.64076115207416,10.7766202140426,0.460303582988947,2.67483181143542,8.39539274869838,8.12945074602538,-8.59341200017584,-12.9669588263099,-3.6611015783169,-30.8948089020172,4.24374999999998
2016-07-01,-24.1081227042686,-26.4936514716052,-44.2626002296851,-50.3109352214172,-47.577972978195,-41.5308861312092,16.8270189542274,-73.991333189109,-69.5584584579792,-146.930277683469,36.2465141415961,-58.924040713385,-76.3953034367146,-47.6904160681688,-15.012242012688,-1.05636343060667,2.43682495995878,0.778524577151028,1.80059368911753,-2.52485109460764,15.2956592275962,-5.31190245248731,-15.2995384259648,-48.3991076317049,-12.51875
2016-10-01,-19.6407856308576,-22.4108045999722,-41.6737246556609,-49.7106509832998,-47.6897215831975,-42.3105642283676,9.37081855573439,-69.1120969268001,-77.3831989115826,-135.50598068526,34.2551318602993,-60.2979310743388,-75.1241907416809,-43.571210967614,-9.38657799558581,4.69805383447266,2.41519536902729,2.74299074770442,0.439845493459942,-2.42793617330145,7.74393121559789,18.8165357062651,-8.63597074028317,-47.4350280007029,-11.71875
2017-01-01,-17.9487591346561,-21.0619917972506,-41.7025935885522,-51.7083124606599,-50.4130953169416,-45.7239470839529,-13.0815392284674,-83.6533072458594,-81.7854787943213,-120.095276925379,29.4672091656874,-64.3529336454266,-76.4531207235316,-42.0793261215846,-6.53085828445,7.48171425554568,0.565789868184824,2.63581436786578,2.1877033067169,-3.01634679237085,2.39771850367559,6.95708228087593,18.4251461390689,-49.0790154467061,-14.09375
2017-04-01,-24.5890318870806,-28.2708472795351,-50.8618586463211,-63.1595189493158,-62.6976200240059,-58.8060418884187,-19.6915563613401,-96.8917864163046,-96.7187264729816,-103.502500648154,14.5054577157803,-78.1973955773955,-87.1285267121272,-49.5151142932525,-12.2225651392602,2.10835996110495,1.9670921664897,0.491275885298482,1.45492078080859,-3.07822361141698,0.869851771254725,0.159702077127506,1.79781014180452,-60.1103438383789,-26.7
2017-07-01,-25.5105902033608,-29.7913305647899,-54.4532105520284,-69.1567201786635,-69.5804148009645,-66.5447606976941,-37.1184680015335,-93.1223872726424,-84.9081781793028,-70.6696144324946,4.55965154390196,-86.7851682271461,-92.3130152236293,-51.316707673606,-12.2402397264949,2.39696996106517,2.40918167181888,1.78925604781365,-0.427480626095109,-5.2885056591619,1.65996974356957,-0.930667553741891,-2.76952314111552,-65.669731882323,-34.25625
2017-10-01,-27.116087279448,-32.0395346407117,-58.9453631302009,-76.2005390033228,-77.5716386412126,-75.4594833389866,-37.909553063787,-49.0028213998645,-90.4585399394144,-161.723076955883,-6.93717146433039,-96.648550406623,-98.499285609252,-53.9348522334005,-12.9895063337626,1.99176094201709,1.86978934763748,1.80659786922171,0.215181753050004,-6.53407187292752,-0.0787058458981997,-0.984563397033974,-3.93884570166871,-72.2509309455112,-42.76875
2018-01-01,-27.5536354765433,-33.1170154964522,-62.3390552008263,-82.2481175471568,-84.6174568774106,-83.4870518766961,-71.9538780875429,-35.1781859135617,-115.30535218384,-123.650511654938,-17.89726443769,-105.721167279902,-103.658545876406,-55.395650281761,-12.5659516479192,2.71680274380077,1.77655204606467,1.0977354542,-0.514544956706503,-8.03227233131794,-2.06380677620472,-4.39896381463842,-5.66088005072582,-77.8210914963611,-50.6187499999999
2018-04-01,-18.6535340048857,-24.5373056498779,-55.3480821659193,-77.6160174192001,-80.9261389773388,-80.7379443629201,-71.0304091732789,-11.6515250619914,-114.994763435602,-96.0400260622088,-18.0529991645781,-104.024877376688,-98.2126535980731,-46.6202274106328,-2.47174367517181,12.4271819321109,0.751810017377751,1.3482488593566,-0.101815219556588,-7.68638275916772,-2.83897164804323,-3.71471517376561,-7.22685254078065,-72.784227482085,-47.61875
2018-07-01,-13.9194957794275,-19.9346352730627,-51.8976458292366,-76.3545225156432,-80.5802895354435,-81.3236803446095,-71.776129192574,-22.1605992029251,-106.64207365629,-119.429427827638,-21.6313805456049,-105.696630958942,-96.1713112134976,-41.4470310570665,3.68107544359486,17.8037436018134,0.32967511537417,0.389855298720506,0.205262866844753,-5.84857950822609,-2.99043565702737,-4.96492316986839,-6.42829384498335,-71.1597117484531,-48.0625
2018-10-01,-1.50954183588016,-7.21256889701925,-39.2106298322084,-65.3300454837475,-70.3471352895693,-71.9212007440681,-75.9293418743255,-35.2087946591208,-37.5070620834556,-99.1659250938816,-14.9503272251309,-97.3215497246562,-84.4810260148261,-27.2608082514645,18.0157689214565,30.447758536086,-0.355135131170158,0.396057432489649,0.222573931808481,-2.16714617351011,-2.07551804488195,-3.11132889717391,-5.65575350666568,-59.8905626219464,-38.0875
2019-01-01,0.610712264389065,-4.67944353160345,-36.3963688387858,-64.0163348614429,-69.7965004442051,-72.1864415407129,-66.6190140110061,-32.9694682191611,-5.51583005775922,-118.948523812271,-18.003993955095,-98.6374142006304,-82.5194555955945,-22.9697785896622,22.2103930068561,32.744609710413,-0.18274035099732,-0.362115907049762,0.387570105276709,-1.29117763153687,-0.17079518986144,-3.26509381205758,-5.40554329319574,-58.3656388977179,-31.49375
2019-04-01,-0.665856967645539,-5.56556753753279,-36.9702642620585,-66.055327528476,-72.6032835001863,-75.8238681880041,-63.849376097211,-52.3380316160861,12.7780103329061,-117.490780927505,-24.6178088777309,-103.379489096983,-83.8983438120558,-22.0271606676536,23.0076459680818,31.6683002871719,0.808982888325563,-0.241963820609237,-0.61531816953888,-0.346442943663937,0.0763324792017416,-1.21394589726912,-5.39373885031278,-60.1980532826807,-30.45625
2019-07-01,-0.472352791611797,-4.96619600200273,-35.9216665309092,-66.3753272166322,-73.6780634896172,-77.7278573955411,-69.7751659479361,-42.4963783666142,-5.76240233136605,-89.9892536782887,-29.6256938937351,-106.426080693975,-83.5588542734228,-19.4519450040784,25.3002614066843,32.0132758331706,0.899601729367432,0.553126179237331,-0.531663686753186,-2.26170051074292,0.544185070940552,-0.815162826268785,-3.1127734132245,-60.3297976203633,-29.5
2019-10-01,-12.0589222387825,-16.5300615840037,-47.9057870066816,-80.1261460780012,-88.3049806158292,-93.3042879088603,-68.0442351175256,-91.0553138862657,-45.3765410175696,-34.407369193374,-48.9308581894296,-123.319795998056,-96.5547429800078,-29.6917626530077,15.3509245113479,20.8373065018499,1.90923736746851,0.107899453049173,-0.629389619229043,-4.60052072702966,0.501497598496944,-1.02927276279928,-4.1020133733543,-73.8015013176713,-42.90625
2020-01-01,0.852578453609908,-3.17609485570156,-33.8437579984543,-67.2477397176475,-76.1567016587496,-81.9839531841498,-58.5072665091505,-79.7228580756166,-41.5689448373694,-42.7724730164599,-40.9974308505128,-113.223974882985,-83.0141599950441,-14.0871169764418,30.3819491120674,33.7229350016279,0.604446884180581,1.73437418449766,-0.345234463112774,-4.64137263642017,-2.67154817030396,-0.735855360303984,-2.57489895946149,-60.7731082648643,-29.46875
2020-04-01,3.72071262538208,0.224936383537852,-29.3860733238565,-63.7454454050134,-73.3314920532752,-79.9481029832855,-50.1926924100382,-82.8608617012202,-57.268553806431,-24.1920535124295,-42.3343639440085,-112.408388118102,-78.868475943786,-8.12461168935869,35.466020399406,36.4205768977438,-0.323928186957414,0.329508126945271,1.07886457937116,-4.70263929287733,-1.8639557678532,-4.0295846267696,-2.32759824491575,-57.1669787186636,-25.30625
2020-07-01,-8.3795877988124,-11.7540684253446,-41.2224277344571,-76.9262266915287,-87.303337322956,-94.8217595701877,-58.8189982477324,-98.7948590988456,-58.7472083892298,-57.5849142890599,-61.1834526166184,-128.676780112685,-91.3230479777145,-18.2614207998834,25.0303533394544,24.3570839117978,1.82062101961078,-0.901729123341316,-1.07793138814889,-5.46328856292214,-1.63910823333607,-4.99867643287708,-7.1597291539225,-70.1529501734097,-39.0125
2020-10-01,-9.07190800222222,-12.3676371306069,-41.7233399192381,-78.7394359925435,-89.9077641769103,-98.3378240443401,-53.4328154942922,-80.5858026702547,-98.0320682842768,-103.883960937576,-68.8728793969849,-133.645588089702,-92.4002510632073,-17.0416084977905,25.8957884289952,23.6033367399554,1.86900584604688,0.794188131751288,-1.78097715475668,-8.81983954020778,-1.60882824633625,-4.76250905558657,-9.28045903042582,-71.7772856474907,-41.225
2021-01-01,-6.38470921000089,-9.53062650559193,-38.5258293085748,-76.6821227990924,-88.6025797745895,-97.9182687516893,-40.877116049637,-83.4869144804614,-82.4020457214637,-62.9135377227877,-72.6816716417911,-134.693358135067,-89.6161385527125,-12.1508683689272,30.1818220724816,26.0625911352909,0.795198742876246,0.44184088114733,-0.816090819472805,-6.82635398369334,-4.77805123896634,-4.59364179945043,-8.83081654493227,-69.5679436662487,-39.5625
2021-04-01,-8.2508357154864,-11.3241754811101,-40.0849207774464,-79.3882014977588,-92.0690163950467,-102.286770351779,-41.4455492906769,-101.379333577979,-102.105045675614,-100.851388057709,-81.5089355204177,-140.59658389999,-91.5788387834662,-11.9824310478169,29.7571069609582,23.9083698695065,0.958912866949705,-0.392500200881573,-1.97042441240861,-9.47263452410919,-3.82822963247029,-9.28274082348839,-10.4474075778826,-72.1183489973256,-43.35625
2021-07-01,-7.39977058681293,-10.3876045657806,-38.8257530295812,-79.1775841365626,-92.5974916949138,-103.706803122712,-51.7563229826691,-85.6420731672202,-124.408313353441,-84.2794321276482,-87.5117885187533,-143.585604115323,-90.6213797385989,-8.99773715358518,32.0100997954632,24.3575639650673,0.905256641577687,-0.163286139592139,-2.0665079625001,-11.8998086419873,-5.57303401704327,-6.84453154888118,-15.012684448614,-71.7721386137731,-44.575
