"date","c.hp10","c.hp3k10","c.hp25k10","c.hp125k10","c.hp221k10","c.hp400k10","c.hamilton13t10","c.hamilton20t10","c.hamilton24t10","c.hamilton28t10","c.linear10","c.quad10","c.poly310","c.poly410","c.poly510","c.poly610","c.bn210","c.bn310","c.bn410","c.bn510","c.bn610","c.bn710","c.bn810","c.stm10"
1976-01-01,-1.22301778591446,-0.870635289242628,0.273556464244578,0.589645555939811,0.630065606249971,0.654276756784583,3.26694922085612,-0.0576085825921382,-1.58139600945522,0.0673907753553351,0.625000000000014,-1.60788327526133,-2.82179564054776,-0.997329577682677,1.46333548187492,0.928547744703891,0.142716254397252,0.0793136168876179,-0.0405709222864177,-0.44545770997881,0.0972289950290239,0.602731184665762,0.690445392402443,1.93499041836877
1976-04-01,0.265847653232029,0.592741705763828,1.71497335646448,2.03137508676916,2.07193224400228,2.09623465713831,1.71439237549242,1.55300531175348,0.085537592708846,1.02642570104861,2.08219512195122,-0.197378048780493,-1.29078275666477,0.934963002114159,2.55707162378177,1.30947649757077,0.314352793268463,0.31750492972591,0.0292681950381468,-0.646147305800514,-0.323503738221079,-0.0845366585719116,0.875327618520943,3.17598654510677
1976-07-01,0.328860142639087,0.636710777259424,1.76343070300076,2.08877601542041,2.13059996740823,2.15567282672433,0.912747639059418,1.37311521260861,0.72956739078549,1.41452077056404,2.15243902439025,-0.25923344947735,-1.10910299003322,1.31418037436188,2.10601815087917,0.393321290290601,1.25232253391731,0.596872628150584,0.514028735256255,-0.571191939080236,-0.802231858512945,-0.380230304758926,-0.0937950398374612,3.09981293286896
1976-10-01,0.128986313239054,0.415624882498264,1.55354439115735,1.8916670700665,1.93528261483954,1.96144357072403,-0.522020754887734,1.76217744769463,0.709139369403474,1.15441437709529,1.95439024390245,-0.616428571428571,-1.07388461226805,1.37591656783376,1.46987572835556,-0.464011073022974,0.36108494569224,1.58987226323196,0.723944899705319,-0.204264484973872,-0.588621065539912,-0.825840634375689,-0.541511291512371,2.97634729628371
1977-01-01,0.285395327531759,0.555807637576493,1.70461883545438,2.05392412794079,2.09910600436341,2.12621813992048,-1.48565450103567,3.56939851395418,0.577002391692702,0.666381410649478,2.11707317073171,-0.607491289198606,-0.681949598897987,1.64393724539782,1.05198886196047,-0.877347900071754,0.317765699171505,0.732918264377609,1.93503136859538,-0.0941723262017891,-0.398137345257244,-0.981955871577183,-0.787730271824901,3.18730140516648
1977-04-01,1.36183608406606,1.65297018183561,2.89054312824717,3.26887707522945,3.31785696590096,3.34725235350874,-1.71755497273924,2.12580836940219,2.15494624145973,1.58465300285614,3.33134146341465,0.323632404181183,0.484895875536822,2.36444915691229,1.04084025163718,-0.837679042640147,0.837908039443981,0.997641160540229,1.86243179212709,0.366014192441287,-0.152408874959948,-1.27567182697508,-0.948517254914684,4.53693937713165
1977-07-01,1.63068072419865,1.95310406154694,3.30100140738192,3.71314377363436,3.76651625997459,3.79854949742605,-4.9851960689678,2.04720418671354,2.57529583338514,1.28521879228079,3.76085365853659,0.465383275261317,0.821778624098528,2.15988114268035,0.295042798948003,-1.2774662753707,1.57673077260998,1.78798713658833,2.19607077854753,0.0612172058178866,0.698779590658055,-1.58110695840664,-1.18345840249719,5.33370358638398
1977-10-01,3.8108640814734,4.23112264960196,5.8067229445758,6.27519899391862,6.33569621962221,6.37198990258841,-2.87532360919484,3.27734958186466,6.38566467861503,4.86860039718476,6.33768292682926,2.57095818815331,2.65799448991166,3.19208735110608,0.530978445830883,-0.646092382056324,5.13700649031372,7.29884745986276,5.88785985482273,-0.655881426845173,4.62066888244558,-2.26869355611705,-1.0591247996925,7.92537161476329
1978-01-01,4.10849973258878,4.63879052951611,6.48188366757239,7.01767795447972,7.08670445962038,7.12809988200468,-0.648259728606249,1.53653189026372,7.07374245536124,4.17505187024126,7.09548780487805,2.77362369337979,2.62636901385625,2.3325001289125,-0.681867426391037,-1.16495721226165,8.77345596352748,9.01702782287157,9.01634709531743,1.02886768614894,3.51385851757584,-3.02560790035167,-0.856335037368775,8.73296264871318
1978-04-01,5.05164750851807,5.72502310761206,7.93175197835617,8.5606388348313,8.64148155601274,8.68994674607174,0.0783698606597767,0.234359643030473,2.99668061843953,8.40061508449951,8.6409756097561,3.59929442508711,3.14730491856413,1.88646741092147,-1.13095601505701,-0.972140435029274,11.2659642583085,19.4126690886146,18.9905350262374,4.06500062093674,9.0501926237181,-5.2484205364793,0.278771039215016,10.6248036733069
1978-07-01,4.81389298403438,5.61809484253752,8.16363676064886,8.87953019932647,8.9714167912085,9.02648961318418,0.307290654413165,-2.70905288650933,0.422658581173252,9.99436490126698,8.95146341463415,3.27437282229965,2.52175512519244,0.545535760325905,-2.05853967926579,-1.09726848997477,11.8086377142005,12.4474146269469,20.7825301467701,5.22678529308244,10.5457827086563,-2.41463496947089,-2.51227362611619,11.4279313469545
1978-10-01,5.88070728127856,6.83894622041964,9.7504617294211,10.555151099535,10.6582177731296,10.7199710371153,2.00315645024715,-1.50949556691801,0.331231372432114,8.08371323283637,10.6525609756098,4.30356271777003,2.95919941657888,0.394884107667735,-1.8431916155314,-0.159823731781074,18.2867369657127,26.895006394785,67.1327599943353,12.9553947998877,22.0706081744831,-0.252169778070625,-0.162779058681283,13.1255029122499
1979-01-01,5.40126429247439,6.49734921372804,9.77656767565144,10.6759015923411,10.7909761412675,10.8599131847615,4.05696600972041,-1.35101933444071,-3.92079758516989,5.80076014375432,10.7782926829268,3.7393118466899,2.00868649218054,-0.971036585365852,-2.33948950652299,-0.0934324520945893,20.3775008273458,23.6897549504515,46.0765288955003,11.2110102536459,32.9743633113577,3.5355808326515,1.00318375648886,13.5815935943776
1979-04-01,4.58072598230147,5.77734282297848,9.33900889120679,10.3120136919452,10.4364445689778,10.5109799132214,5.12076071101252,-2.4718525193209,-4.61544305586953,-0.0963964503630024,10.4270731707317,2.8487630662021,0.840337087756268,-2.19092842778323,-2.4392636518331,0.207064909122664,10.6657725328651,17.8895305748042,19.5018659156262,7.82575744372854,6.94813580670928,0.839475982981136,-1.57318982752408,13.3685371588002
1979-07-01,3.10318007229088,4.34571867475509,8.08769415288101,9.11313758154925,9.24430983281634,9.32288650316586,4.02655664658727,-1.2840170052248,-6.99448987633897,-3.91356853313121,9.22036585365854,1.28521777003483,-0.711785916862496,-3.46388194193783,-2.28414711493828,0.405776529631027,6.64957618601328,8.08150150234777,15.6079777324153,5.67088413768015,5.49380454516856,-0.046029525251873,-0.599437375268003,12.5293411513526
1979-10-01,3.69411328352973,4.99197312222904,8.93226326603646,10.0138655267898,10.1522358232167,10.2351255661327,4.90071824997425,0.436750084132285,-4.11218871205182,-1.0157862115332,10.105243902439,1.81883275261325,-0.347199578640314,-2.77945005929975,-0.544923683803333,1.53162112505862,8.07134974531377,7.73789387926896,15.2356216620909,8.74226407494723,11.4725156810065,4.0089921350256,6.73704281623578,13.9232899529973
1980-01-01,1.1332824671685,2.38794336715975,6.27668275503854,7.3506849461566,7.48816494821232,7.5705288702258,6.55996197478512,0.662247842322316,-0.553167930407199,-4.05051209293174,7.43268292682927,-0.73086236933797,-2.80695000405154,-4.1855199040891,-0.90638632496254,0.769980825667915,5.97703543606994,5.94253967262628,5.16902544915229,5.29837743614143,5.73663266991543,1.64166560248825,1.08277040655877,11.417067460456
1980-04-01,0.0259352696618009,1.19158631452491,4.90868226583686,5.94427263490458,6.07695341097161,6.15645298036462,1.49297034893415,0.790682564682669,0.339792418120254,-4.44016556273759,6.0319512195122,-1.81369337979093,-3.68223563730655,-3.77276336822565,0.12639715361226,1.18971787220389,-0.384242385000439,3.84890288818663,6.03588235855087,3.30122841915947,3.54619442036641,1.39940500292072,0.964562128468534,9.83677681254805
1980-07-01,-1.17951864857174,-0.141244523495416,3.3374199415051,4.3225477286601,4.44898875264296,4.52477059944782,-0.657412531459585,0.874495461267287,-0.133691358073449,-5.49905318802173,4.38951219512195,-3.03487804878048,-4.42278502552468,-3.20959495694323,1.01936420357866,1.21843756936055,0.873106028388635,-0.402521540869413,6.23435541861873,3.19082085033145,2.59144384691145,1.76925630227521,0.503883281336008,8.36227409001596
1980-10-01,-0.910749663635613,0.0011977941420156,3.20434574774019,4.12474239739021,4.24305883648351,4.31398830858841,0.345399673828823,1.1001529842538,-0.276902287677558,-3.02433026218918,4.20560975609756,-2.75153310104531,-3.8064621991735,-1.38635847986389,2.37306296086221,1.64098942020752,1.77271199814736,1.04868372321357,0.245413419717887,2.5785314161717,2.20389589276306,0.263093159658262,2.78741585917574,7.7681752961285
1981-01-01,-2.43533933910574,-1.69252456235357,1.15765285017146,1.99884523580447,2.10729600335169,2.17234057914763,-1.04697174027719,0.53486969760516,0.806916958372867,-1.81290137116629,2.0780487804878,-4.32952961672474,-4.63687788671906,-1.10628577321715,2.13833702882486,0.647323978396344,1.99214672772251,1.71668094868849,2.7113022130981,-0.345922532802418,1.01799462773072,1.171783297844,0.580027512894565,5.40068185829259
1981-04-01,-2.64109797781865,-2.06835297293037,0.425278167342199,1.18720311084122,1.28580171106468,1.34497159546579,-3.21386842472447,-0.939673872851699,1.25922144196316,-1.07541430656232,1.25487804878048,-4.6173344947735,-4.06629365529537,0.224801474758934,2.63657402155421,0.382832992181832,-0.215997666226781,1.95864967070757,3.70347114724567,0.123228755240258,-0.355094568576098,0.621342671594833,2.6761919202115,4.48097178039802
1981-07-01,-4.10597461017704,-3.74553253814651,-1.71709500936606,-1.06140580962966,-0.9760606949026,-0.924798393564714,-3.41195606836152,-1.67187437021718,0.419209488383714,-1.34280760523535,-1.02500000000001,-6.15195993031358,-4.49572481970668,0.471923503325939,2.00983473418238,-0.616566438136772,0.135735561432679,0.083288322076897,2.86605163934566,2.87603899348247,0.189753969898719,0.487883507759021,1.35060028923035,2.29128803638051
1981-10-01,-4.38147680564569,-4.2419464000574,-2.75292805745394,-2.22887361306312,-2.16010511820048,-2.11874800660004,-9.20965407197221,-2.62324745474558,-0.0250907668566356,-0.953764309816648,-2.19621951219514,-6.4402961672474,-3.7507868082003,1.66432346723043,1.96320038158096,-0.690517275395678,-1.66592325472107,0.0690313175912601,1.06202667965008,2.8032874240411,4.67825284189097,0.557909005178106,-0.451635545831267,0.692480683887652
1982-01-01,-4.90852295211732,-4.9900631644378,-4.02951091249929,-3.6317815932247,-3.57886732382605,-3.54697851007668,-9.23239354287389,-3.64382214906951,-0.325666176658444,-0.152085020892855,-3.64280487804876,-7.00961672473866,-3.09470464305971,2.29736116124376,1.49499020265037,-1.04176231226444,-0.436962031413127,-1.52719067753969,1.53149414621015,0.56568915362176,3.70428118315685,2.54072062126355,0.439474234462048,-0.568365644615511
1982-04-01,-6.25507743226282,-6.59909204701225,-6.32643327482975,-6.10270475484816,-6.07180436262209,-6.05307943328782,-12.2460981752289,-3.29666327839155,-0.585215636947154,-1.20757153287772,-6.13841463414636,-8.29912891986064,-3.13510169354186,2.22550146960243,0.365016500799129,-1.45376828035225,-3.6786327404369,0.607537196228878,-2.32944451850104,5.29490750357719,2.07412629516955,4.75379845185952,3.24896600613632,-3.35546464409015
1982-07-01,-5.59423794323584,-6.16435338943498,-6.52106376872661,-6.46050577752959,-6.45030905294681,-6.44397016404869,-8.19787476373384,-1.97479072655025,-0.584980867641491,-0.472502063139501,-6.52170731707315,-7.56574041811845,-1.28366015719956,3.42594299489507,0.509404424276681,-0.674822991935713,-3.19080588412624,-3.55213467923163,1.2635908221179,-1.57704399440546,2.8774614453737,2.26430760756801,3.75009813362241,-3.98405303328289
1982-10-01,-5.82250313979335,-6.60962083035122,-7.59493108372621,-7.70010333362217,-7.71097796601993,-7.71724913571336,-9.32870443760052,-0.978485334463642,-0.247032615827024,-0.797041617650535,-7.80060975609757,-7.69020034843206,-0.295034438052014,3.36435633991645,-0.198628628886851,-0.705905262768283,0.15637736635908,-3.20665019451554,-6.13205878944499,0.926310430445308,-0.589264488344059,3.22698202278,2.26168421472062,-5.31905195048768
1983-01-01,-4.03674253753215,-4.96770198742891,-6.45050580030059,-6.69548915181974,-6.72427189135419,-6.74127253156215,-9.04586933265881,-0.550625046527045,0.14699263227115,0.915816313593979,-6.83573170731708,-5.73468641114982,2.33421602787458,4.32996442015158,0.231595163203167,0.0610846136772523,1.19127952370635,-0.404914049705273,-2.60787496812326,-4.45364952918856,0.230848777519764,0.258981880238163,2.57918651724953,-4.30787000145415
1983-04-01,-4.75870306412347,-5.84071366626381,-7.85641861149702,-8.25290498229131,-8.30112486796602,-8.32977410190281,-3.17917486417397,-1.2163116462649,-0.220688361426511,-0.0939366016734766,-8.47048780487802,-6.19370209059232,2.47539745563572,2.82710707471769,-1.09055174547524,-0.802517263064288,2.28708711521621,2.36886676633211,1.26270914836903,-2.25544202685057,-3.95752304548567,-0.293454084501881,0.513579115016622,-5.3807567498346
1983-07-01,-4.82100811506831,-6.05399723319624,-8.68593757536746,-9.26748146698878,-9.33960400737101,-9.38259322780769,0.729135787326143,-2.78231008879197,-0.456763586408243,-0.433016176643378,-9.53756097560975,-5.79731707317072,2.9963244469654,1.99125328726861,-1.61012788119433,-0.688295272386171,-4.98903719935251,3.76798137115269,4.10634543039826,2.06750750728026,-1.60106685055614,-3.82276764900882,-0.583552697959532,-6.39112838838358
1983-10-01,-3.63757041523729,-4.97223988160491,-8.15068905688761,-8.90795275558742,-9.0029393911511,-9.05966119743641,-1.01118659856095,-0.808571691832469,0.444359407633613,0.409767172479008,-9.20499999999998,-4.05730836236935,4.36183372498178,1.96632999020264,-1.27459882431808,0.0527976645542196,-0.0566793820114874,-4.5025510007378,3.75543109001739,0.28102401709694,0.534090718260811,-0.910795434028408,-3.04479295357791,-6.35446235576103
1984-01-01,-3.0088224016398,-4.40522565999669,-8.02852757811834,-8.93634123075171,-9.05101774861842,-9.1195750016602,-0.649272959913418,0.105678914560201,0.222733730688788,0.356291636032182,-9.27682926829269,-2.84499128919862,4.95347864840775,1.18446668901149,-1.32985407105656,0.11449400725067,2.51092102997834,-0.0530109099296649,-4.80982867601718,1.48212011241206,0.0483533301391406,0.582113587239462,-0.99555921906035,-6.38276982574638
1984-04-01,-3.39176766168262,-4.85294004084923,-8.94736966673176,-10.0160586886882,-10.1518026500443,-10.2330259947503,0.396858969335483,0.286423968126996,-0.367086468257327,-0.34579019749188,-10.3928048780488,-2.55565331010453,4.38197714933962,-0.274103413602859,-1.81115531377296,-0.196772485141338,-1.12632116979178,2.86409457016851,1.02026001880746,-3.48761921601502,1.47441493478722,0.307367948049841,1.25250666127539,-7.60737810710827
1984-07-01,-3.69541065658419,-5.22176853625092,-9.7954977621242,-11.0291316289065,-11.1864995858948,-11.2807258918888,0.210300999331565,0.0225708856299889,-0.90359046714434,-1.0145179852519,-11.4320731707317,-2.12945993031357,3.73611295681064,-1.32062857732171,-1.83116459547253,-0.0784555722703999,-4.96571559862781,-1.51308038135246,5.18171247751259,2.33530368121144,-1.31650022689408,3.79235958419295,0.435290122636952,-8.92702901373548
1984-10-01,-2.24949989356787,-3.78468126134106,-8.71132081184132,-10.0809091335946,-10.2562848922304,-10.3613566714885,1.30552309805159,0.526665977395169,0.0436100426753399,-0.0292974697255488,-10.475,0.0594076655052334,4.42175593549955,-0.862571546434282,-0.735058784097305,0.875771289057781,-0.91526214792318,-4.79208885446983,-1.62769208947983,3.25386977543547,1.68668947539799,-0.787326639733722,2.6309565226389,-8.67013677601881
1985-01-01,-1.9210544691513,-3.43802410283465,-8.60689977751116,-10.079174191707,-10.2682601921856,-10.3815991498986,1.39160615369352,0.245799901331992,-0.0522186207381594,-0.161714863893508,-10.4595121951219,1.0528135888502,3.8943351430192,-1.38329874181403,-0.585869643685811,0.770920306296233,2.04278201910507,-0.710758083083833,-4.95054081954429,-1.13595822963348,0.940501966868949,1.03977485488234,-0.949098033208221,-9.3076119598305
1985-04-01,-2.09376935992879,-3.58603264131224,-8.93497774122054,-10.4884543164289,-10.6884373743514,-10.8083522391398,0.272415666448609,0.104604423761032,-0.0737303219843568,-0.441919004344726,-10.8467073170732,1.46457317073171,2.86679523539422,-2.06955022430773,-0.584775692259996,0.502131186958962,-1.63768150126761,3.85560791600001,3.1366960267613,-4.32778729696168,-1.01218840650153,0.940702045670928,1.33961546448697,-10.3963846774608
1985-07-01,-2.26564474661413,-3.72773103988914,-9.18797020903173,-10.7979984428713,-11.0056376414438,-11.1301787618301,0.646602457022794,-0.181037775304162,-0.263995761279403,-0.50322729970577,-11.1345121951219,1.7775087108014,1.87732436593468,-2.45695353993707,-0.343337544474764,0.388325482749451,-3.46289376773566,-1.96705286659998,10.0037525863782,2.13807011665607,-2.33852601911856,-0.522523077716529,0.451934695636173,-11.29056011997
1985-10-01,-1.71214851650259,-3.12068315891241,-8.60091731358821,-10.2401724590641,-10.4519379354298,-10.5789875638626,-0.0237786481700368,0.0536305497198839,-0.330882346174519,-0.328159687858061,-10.5282926829268,2.72096689895471,1.5286313912973,-2.07171982158511,0.357053576032712,0.611608116106254,-1.98243367955322,-4.38055310615589,-2.67360219819041,7.89181178908618,2.06777052346966,-0.6418716003616,-0.0426636319602186,-11.5904309605344
1986-01-01,-0.52006784790845,-1.82096655549768,-7.10505662966989,-8.70753452796032,-8.91487418608671,-9.03929901497216,0.719465943297593,0.55595788553623,0.581711255289633,0.61417926451017,-8.98195121951218,4.13817073170732,1.75408961996595,-1.31018924354149,1.2495214768216,0.683448667044559,1.82817994854503,-1.88517707676828,-2.10115229782292,-3.28572954970632,0.509332328971481,1.00983080852334,0.332931059248812,-10.1752952649223
1986-04-01,0.366563307866301,-0.802820407472751,-5.82688846451242,-7.37619802259084,-7.57703393121324,-7.69759099512987,1.39001674757151,1.63277195169272,1.02266038606493,0.91701914652154,-7.60219512195121,5.21722996515678,1.49675066850335,-0.774013819419366,1.40977517661014,0.375247231744083,4.06254745507041,2.84247450890104,2.68724101972162,-1.65385384042588,-4.25948555457101,-1.61345320649528,-0.312715299433115,-9.38454100940189
1986-07-01,0.184252180236399,-0.857820427941107,-5.57769742627201,-7.05510959273005,-7.24694326463637,-7.36212621112631,1.69300246012949,1.11103997463957,0.580160347755822,0.321212140809195,-7.21853658536585,5.09740418118466,0.323827890770588,-0.971608312277624,0.760025266848857,-0.309116377715952,1.98949852200372,5.37614662714518,8.72277009938121,4.04752705975655,-1.95747684722395,-3.78772965807603,-1.18721498390161,-9.73249695514326
1986-10-01,3.38410110222839,2.57854778983292,-1.51907867811792,-2.83774512074851,-3.00946521875747,-3.11261772248227,5.10611305799256,4.09080277143173,3.17981247316573,2.98500316699858,-2.92499999999998,8.17826655052266,2.20284822947897,1.27052222451402,2.03583277471253,0.660103393424976,6.1415453895012,3.78527567701113,11.7699343987233,2.72844452814748,-4.89767791479947,-4.58748457713634,-1.63993104988267,-6.03686891952844
1987-01-01,4.41676162319203,3.88478936388273,0.576493229122434,-0.530749430667441,-0.675507443876057,-0.762516610680706,5.87085344848592,4.65260532895491,4.51411217355718,2.72967650271963,-0.556097560975616,8.9169425087108,2.00218782918725,1.23891803743621,1.23782756664767,-0.16807855927388,10.7819012724021,7.51203109327753,12.4804229440043,5.71108234235178,-6.1509756647811,-7.38557827405289,-2.89860273669432,-3.84514865943171
1987-04-01,6.33589591686146,6.13179177828184,3.77745822830047,2.92710988131105,2.81513755873388,2.74776095730167,9.58700638508753,5.30339072035625,6.07587444105107,5.29566784913408,2.98768292682925,10.424224738676,2.56880641763226,1.74419055844893,0.948701335533428,-0.299505844780668,10.6099335716215,13.8179158653643,17.7631395660506,3.3906241336645,-7.24263768865836,-14.5118378702764,-13.6085846981887,-0.656338590612279
1987-07-01,2.83740962512823,2.84403852630865,1.27183647144312,0.651888085150858,0.569628564975545,0.520073511784318,7.75343635487573,2.09253335110645,2.65004069415343,1.35261637445208,0.734146341463429,6.36511324041814,-1.38757961267322,-1.75261112256999,-2.12815706698299,-2.54032078472943,1.18005206153769,4.53723233915531,7.02888634635237,7.30142971095019,1.58644855327136,-2.31469316078826,-2.4300319490832,-2.39693100193207
1987-10-01,3.65190934101167,3.87033977994594,3.0638453702384,2.66738722225929,2.6139183437387,2.58162881643625,8.95752379893909,3.68105265854783,3.47754670108966,2.25353245042442,2.80048780487806,6.62792682926829,-1.11007373794669,-1.03643969473521,-1.32228484504716,-1.06542541123099,-0.633901805349344,0.298763527758961,5.10085407108085,4.51726305320055,4.08508602579013,-0.382558103909177,-1.55669250757602,-0.269450925139722
1988-01-01,3.81161118377679,4.23440143718821,4.21540845924989,4.05385705099621,4.03072578732323,4.01663665668627,8.49971917558153,8.28595026872267,4.07271912894993,1.60673028672304,4.21292682926827,6.15900696864111,-1.31787051292443,-0.979795544784196,-1.03801165368952,-0.393287997237678,1.58344636766875,-0.215289664490386,3.78297834210817,5.50284379150062,-0.385665396524897,3.51127522000003,2.36989916612012,1.63124429725499
1988-04-01,5.20900749459918,5.859678389778,6.66939637250164,6.75080283222889,6.7589902200142,6.76368457563589,10.1478578910159,9.1902817075248,3.88837727478216,2.78283863478686,6.95512195121952,6.92524390243904,-0.426023823028942,-0.04580132006393,-0.121691847573828,0.607253076524614,2.12360900894882,0.668607570557056,3.97591579341591,3.05071797084285,2.16298312837,1.88639348941333,3.1426909146706,4.61467456828657
1988-07-01,3.56147442124924,4.37353723685379,5.89699985441109,6.199772594672,6.23667040609743,6.25860030815937,9.77369884770155,6.84533784246196,2.68678566453437,1.59236586036661,6.40000000000001,4.60522648083622,-2.11933392755856,-1.53137472283814,-1.0560712628268,-0.21169424646709,0.986065348126387,1.06219474485284,3.48634132280703,5.42462896801965,2.95843457623721,2.08560128559086,2.81798791846705,4.9683021591897
1988-10-01,6.0020852526257,7.02802602115818,9.33641581970483,9.8702465005224,9.9369442940307,9.97674830287406,14.8014771193148,8.71866944157108,6.55952145171739,4.82002298423492,10.0920731707317,6.45300522648083,-0.15080220403533,0.371822951580441,0.727453978239566,1.26519735381885,2.71082892349131,0.140378135284741,22.2273881813832,19.3826294433635,-0.255020218289645,19.2533552884671,-82.1049711772498,9.23656956314861
1989-01-01,5.81781176224592,7.03268287160108,10.0606340051734,10.8086698932315,10.9030277896852,10.9594255340887,15.1500891158755,8.86981385406315,7.36197418125829,5.05989948402382,11.0504878048781,5.69504355400699,-0.695329389838747,-0.11277329448771,0.241019955654053,0.644139991122245,4.07272996704492,2.03220679931906,55.3572039733017,48.750177362232,7.29134043617584,10.8796139482521,-1046.1832983987,10.7396805417029
1989-04-01,5.29936928830506,6.66647646666297,10.3160883597454,11.2528310123086,11.3716069527959,11.4426581674009,11.9750789313525,8.17885027602807,7.20217060825212,5.84023760490865,11.5237804878049,4.61842334494773,-1.4085179483024,-0.632061181869773,-0.15358557211357,0.227431440972481,2.50791658516458,4.09426163476692,24.1699228962068,23.1235389699881,8.98733447708108,15.6023765388269,84.6995537512162,11.5307679383959
1989-07-01,1.80116818617356,3.19558292206028,7.2126661656531,8.28245545801025,8.41874522196727,8.50033434235505,3.70338867006001,5.79413143171973,5.63606969703207,5.77907368784801,8.51341463414633,0.554224738675941,-4.3836609675067,-2.9595182540092,-1.64986850925595,-1.06236251202228,-0.114854410899013,1.34778832915934,12.262989423863,9.98163974907086,3.55415080360487,16.8611146669325,210.988239923543,9.66938096397703
1989-10-01,0.172991092884189,1.50686607377918,5.58828821218333,6.7030130480693,6.84546344012617,6.9307817225893,-0.477529840935375,1.30778286696753,-0.522309480011103,3.05150887966983,6.94963414634148,-1.47479965156793,-5.37206142127866,-2.84493954004023,-1.19294152529258,-0.23021153419316,-1.26882860616857,0.30067100526251,3.04253157263757,4.95555118267452,1.88442961163656,4.50844291254645,27.0199992164784,8.08500232844264
1990-01-01,0.621075740089367,1.90461370816601,6.0843198638506,7.25472289862225,7.40473813305778,7.49462966475073,-6.08169178671218,-0.17161088663255,-1.43113436957088,2.76298944485379,7.49231707317074,-1.4722299651568,-4.23951300542905,-1.16672381787245,0.536951735162177,1.15104601839764,0.379445263043484,-0.872513749518763,2.53676052590041,2.67107190749139,2.15454159745566,8.77101488622374,39.4970207161697,9.0224509497024
1990-04-01,1.28512940502074,2.5297149442822,6.7988357298843,8.01819494743572,8.17485391412256,8.268761208972,-6.62187588579104,0.629644893203022,-0.0465205191416089,-0.0332517900343703,8.25134146341466,-1.21364111498258,-2.98293493233933,0.260312999535898,1.67468339091431,1.59493070112674,1.38740784197265,-0.500093212108397,1.00234130654798,2.54967791813165,0.341345043451183,11.8612781844922,54.1733966620513,10.0844698216809
1990-07-01,0.744697854941336,1.93020403174657,6.23402903757386,7.48866203248159,7.65023946850226,7.74713143776589,-6.65578252294111,0.652724416629269,0.504442805735664,2.98336502906773,7.67743902439022,-2.12430313588851,-2.7962855522243,0.436582787603754,1.64737972464289,0.814324397642309,1.11743976542189,0.292685953045646,3.08242148723868,0.906193485375241,0.651235371520684,5.75948981773126,38.703291299029,10.3640284033597
1990-10-01,-0.016028611022989,1.06906358757078,5.2265201168392,6.46010002666145,6.61928598018164,6.71477383811339,-8.69204249614648,2.74945933563509,0.767745957348126,1.88728888278206,6.63634146341462,-3.10394599303137,-2.83937282229965,0.569849301294255,1.33440829165164,0.136918974573717,0.360166721112097,0.336063422284698,4.9444511915222,2.38751249424664,-0.648735124754834,4.72495509217353,14.9099812440939,9.48282913372714
1991-01-01,0.334257740776422,1.33318325217107,5.36464508420531,6.5808345515654,6.73807300451466,6.8324204599285,-7.32273593551662,2.83090683207641,1.30254736213035,-0.406520850114589,6.71768292682927,-2.94272648083623,-1.81628150068875,1.42932050224309,1.65064069509614,-0.00529069767446799,0.549220024598489,-0.129272904270167,4.73636305888123,4.615644378981,0.517194523655798,3.18764446856539,11.2187370986004,10.1433067177627
1991-04-01,-2.26374498637784,-1.44465821018164,2.17860385171346,3.2995576190828,3.444879489274,3.53211361947396,-7.84644627339998,-2.55042828582486,-0.0202220715297869,-1.10758136019575,3.41597560975609,-5.60379790940766,-3.4246033546714,0.114534883720921,0.000819625638087018,-1.3629156082765,-0.135651926452876,0.540890350765105,-0.0837860695462738,2.80040563189793,2.0590501307191,2.73484254587262,3.4888937116819,6.83151456722177
1991-07-01,-3.41070465320246,-2.80270358650603,0.32644613928656,1.32997206765148,1.46056263536272,1.53899962712251,-9.07434830066282,-5.70077528273643,0.0977361016471434,1.20474138904299,1.40036585365854,-6.78325783972127,-3.40282959241551,0.264739854586708,-0.100492703552845,-1.18772287849296,-0.969715996889322,0.384469300619012,-0.296574241484231,0.140966388733248,2.66025550531079,1.64712764159732,4.26829973222917,5.10139017718112
1991-10-01,-2.24810666277011,-1.81151800798435,0.858543438280549,1.74492939264798,1.8606849904088,1.93024955507499,-5.07556710296166,-4.21602332268677,2.16958551970026,1.81920405617007,1.78036585365854,-5.56048780487805,-1.38491208167895,2.01275846955087,0.92008121487126,-0.0517589829588019,-0.0226644052221604,-0.209920298299334,1.06080332262647,-0.840159432599247,-0.238066429327025,7.906279579591,3.47536922438468,5.59970723288905
1992-01-01,-1.8223908664921,-1.53876852175688,0.664491457432888,1.42441715039706,1.52403508553732,1.58393647677548,-6.43185111881755,-4.60784742588169,1.38074745295691,0.11294812737421,1.45426829268294,-5.00975609756097,-0.259370391378326,2.63973598721188,0.730464858454042,0.0590624922930942,0.322963220195839,-0.174692370470587,-0.751145269611038,0.451633316349802,-0.684037005583895,0.914087842682857,5.1556332130655,4.90781526643289
1992-04-01,-1.68437148929888,-1.52990050665881,0.279091122782489,0.933005907423336,1.01911457458834,1.07092851625325,-5.48663757393666,-2.81484505268702,-0.521376384406551,1.3213443834459,0.921097560975596,-4.76975609756099,0.602172433352251,2.6011047800753,0.275903418759214,-0.188121901896267,0.172059540909637,-0.0050463068969979,0.363785179812652,-0.932802768843478,0.601453456713516,0.159009083942775,0.297848386141666,4.62584743295514
1992-07-01,-0.731157150479021,-0.670074227729287,0.774960273872608,1.32202310622927,1.39437218558194,1.43793527492565,-3.24578620842735,-2.03269461485633,-1.78617512295006,4.75888042609867,1.29329268292685,-3.62308362369339,1.99547848634634,2.91863301191151,0.189197390811131,-0.0286597696616298,0.194753439587035,-0.167943963912687,2.28099438692199,-0.672416365501302,-0.665505456716148,1.85398472682824,0.402420748374888,4.86819960366898
1992-10-01,-0.514287571751396,-0.5219761601291,0.63048117735562,1.0899451903274,1.15099298962699,1.18777741669587,0.755996495974443,-0.522546215511142,-1.01001604187792,5.99729516448522,0.998414634146343,-3.19078397212542,2.59064257353538,2.28266384778013,-0.392404218016878,-0.435958716614323,0.284079887244775,-0.0984904698937627,1.28732993497719,0.544675648017219,-0.464335541772297,0.0114080743124632,1.80452491946481,5.2067661743184
1993-01-01,0.242729116322892,0.186505264131171,1.00943931549344,1.35887155964042,1.40555103107741,1.43370085633734,1.81336484331479,-0.708892034701933,-1.83491695421174,3.18550075465643,1.26060975609755,-2.05585365853659,3.34357912648895,2.06961016861754,-0.698980302170952,-0.265765493600043,0.278537402269027,-0.186237616707315,1.2490718117806,-0.143924639655764,0.459492552042413,0.265372995783283,0.113517551547775,5.17189618456257
1993-04-01,-1.71346189614553,-1.86844137333159,-1.47311619084945,-1.2552129723519,-1.22557398191654,-1.20765221233239,-0.807373124060632,-2.2252021687398,-1.35689866048554,-1.26889619567987,-1.37109756097561,-3.64226480836237,1.68380439186453,-0.201818955293163,-2.29029314701182,-1.15665848726206,-0.084981607508775,0.423257852616767,-0.353043258458966,0.581836866673325,-0.196844260509652,0.0500764535132175,-0.112032734150248,2.31569878353218
1993-07-01,-3.07809407014693,-3.36384689180085,-3.45258580591511,-3.37755508879377,-3.36634740545321,-3.35948121587109,-2.48377568751499,-2.72083300782262,0.268742790951762,-0.632786859974885,-3.54170731707316,-4.62563588850176,0.776245847176085,-1.50668346826177,-2.48087093281075,-0.918354151766977,-0.557899232435696,0.750195112124921,-0.513606720786947,-0.0277460028355528,0.453557808776826,-1.00788631637392,-1.46559305177323,0.333098008617014
1993-10-01,-1.5347861859305,-1.89758950358339,-2.38163070315642,-2.43390052153828,-2.43926995665066,-2.44236162111827,-1.1863960982061,-1.95036926194129,0.687931544016834,-2.02447619761972,-2.63134146341463,-2.6143118466899,2.3124706263674,-0.416689656061465,-0.762967307791428,0.682301474758987,-0.0499629473669231,0.474243994029561,0.436172431644361,-0.149099297733078,0.256577105040907,0.366372603265154,-1.54457252403847,1.26580907043987
1994-01-01,0.301116909584749,-0.0736406374964815,-0.828122982218815,-0.982046937453532,-1.00084805682104,-1.01202611226654,1.06750584907678,-0.701955761245159,-0.410808416017119,-0.723711976794618,-1.17768292682928,-0.263745644599311,3.66844664127703,0.484815397308324,0.33354483576548,1.41994611457758,0.0784730267778124,-0.00941751737779636,0.538772854451071,0.979154414823727,0.988106850430306,0.343525075785558,-0.295162021787968,2.30969505115928
1994-04-01,0.166924037622465,-0.211994582959335,-1.1941436510796,-1.43620903309107,-1.46668899282574,-1.48490117318158,0.960650130004836,0.0455790689857452,-0.399367402352283,-1.16473183525474,-1.61890243902437,0.0743902439024566,3.04351106069203,-0.372091734130862,-0.120934615582854,0.6822932748033,0.0218198695281269,-0.283659843319727,-0.161657933703511,1.86531716329019,2.04432296838612,0.754099565652782,0.133438630416283,1.33637910201222
1994-07-01,-0.824768997261032,-1.22438746571871,-2.41423054129316,-2.7311402822551,-2.77147908622135,-2.79562396277916,0.861944671584382,-0.801502062503346,0.00158326686309351,0.509649503695329,-2.93780487804875,-0.512761324041804,1.74180050239042,-1.63467810550199,-0.621537152580743,-0.13261208661126,0.0532807765518996,0.342809658440142,-0.624513947517029,0.85832448455818,3.08430471536743,2.43088913658956,-0.961097631917633,0.0873256814437013
1994-10-01,-0.792074543173158,-1.21213724223975,-2.62408733621638,-3.02211939783049,-3.07316048375122,-3.10374715605997,0.66185407573596,-0.448834712781547,-1.20093102650677,-0.0100275806084653,-3.22817073170731,-0.0339634146341439,1.30508224617131,-1.64221819728769,-0.234199195585973,0.0421663296258998,0.134866617438373,1.1885979608362,-0.103769689823642,0.0930358009913645,2.63546478104992,1.00834680856189,0.223836508976312,-0.528495876638829
1995-01-01,-1.70296144289634,-2.16880048365138,-3.84456835879385,-4.33154165025024,-4.3942323499447,-4.43182336113563,0.718151577079709,-1.26290179876915,-2.23997566495413,-0.901367355927221,-4.52048780487806,-0.532987804878047,0.0239478162223463,-2.11041032846904,-0.443432166245515,-0.14263650151662,0.129103288306879,1.57372423731922,0.29075252474852,1.78300713483965,0.0257161663813194,-0.907378444304492,8.47627203573952,-2.43049558161314
1995-04-01,-1.03306385168733,-1.5141289827688,-3.34852210413385,-3.89381805718875,-3.9642122506749,-4.0064409468539,1.94714596335791,-0.301477122635163,-0.168308582835095,-0.695165223088907,-4.05000000000001,0.45243902439023,0.241747022121388,-1.18400324859485,0.388206053730755,0.552363190214265,0.171019632164831,1.2572845437041,0.977390375928721,1.63033040695087,1.02108676521442,-1.28993523615674,2.48140294574419,-2.6924445432951
1995-07-01,-3.27515931234109,-3.83415608113381,-5.91445203954734,-6.53024783905229,-6.60972177762773,-6.65739550025509,-0.872918656763346,-2.34332883619356,-1.16064786089191,-2.06226315470067,-6.66756097560977,-1.59160278745645,-1.97498906085409,-2.41112385912442,-0.600888464909985,-0.305018742755692,0.0176861549569866,1.88891293150842,-0.921567809887301,1.42027857917724,0.658965359502641,-0.211394745911806,10.3956778109634,-5.88975985720421
1995-10-01,-3.95858363286533,-4.61014835629416,-6.93220335996409,-7.61133377137969,-7.69887444835831,-7.75137725564315,-1.96168127997831,-3.00994647882325,-1.2679808606147,-2.93188444147052,-7.74390243902437,-2.16419860627178,-2.44979985414471,-1.98660857010262,-0.0600572371473902,0.168153838565502,-0.00492268128538154,1.53138055700061,-0.964830336935151,0.290614183491158,0.0862656615956029,-1.57206638302119,24.6954698439965,-7.31055598765892
1996-01-01,-1.54017270535067,-2.20117368594495,-4.56809760984896,-5.26190392273764,-5.35136259408671,-5.40501822229919,0.146077218414945,-0.88313013042756,-0.639674223337977,-0.72050143372914,-5.37451219512195,0.313336236933793,-0.204557977473456,0.586676249162082,1.91456479141951,1.58357314607045,-0.02172489976284,1.42226982582308,0.774876581972818,0.480970051825995,0.843306273907822,0.324082238924899,1.67141030285309,-5.32773937789491
1996-04-01,-0.453094053920921,-1.08436732611278,-3.39909340378318,-4.08295728588598,-4.1712123363688,-4.22415338571003,0.570544600191226,0.666404470623888,0.156708780966767,0.775508154845681,-4.14219512195123,1.38990418118468,0.60710639332305,1.4286437116485,2.02927757438258,1.1865728501316,-0.0916913526687053,0.391612434849921,0.0378172755994557,1.28227865664551,0.0505307469571626,0.393757301903346,2.00264981076108,-4.89428088910586
1996-07-01,-0.228098487475563,-0.80184515900055,-2.90570571757158,-3.52650933336059,-3.60660985427378,-3.65465770446073,-0.0408830769761153,1.2944823249463,1.3333946555629,0.985185375492364,-3.61231707317074,1.45305749128917,0.759411717040763,1.17649731862011,1.58643350693549,0.0136267848774878,-0.0168811245166779,-0.226472858972567,-0.29807868109397,1.06165410947712,1.34934080507787,0.0778654118227338,-0.15937178881137,-3.75671378506459
1996-10-01,0.600392368333416,0.0988115393349176,-1.81531857546059,-2.38675683401709,-2.4605794214138,-2.50486999425979,0.226032183747805,1.43570495456171,2.58161135296777,2.39804483174362,-2.46829268292683,2.22870209059235,1.25320152337736,1.45411037487753,1.35864951271085,-0.540616229747371,-0.0304885154488339,0.0340512975034945,0.0685835651361227,-0.0408860671483367,1.261819158037,1.92271887619246,0.37274518262483,-2.51564171413244
1997-01-01,4.92254991466029,4.63805340034028,3.260720810506,2.82415643946186,2.76740675645672,2.73332660732549,5.09895041982654,6.32971179880468,5.67709232152976,6.9479436380517,2.72792682926831,6.4946080139373,4.52528725386921,3.92038944464502,2.67430748208099,0.26856463784577,-0.723443617882219,-0.623589475488775,1.63062597015295,-1.61844111919959,0.0155990827175734,2.66515130824646,2.87699282983146,3.40311202055406
1997-04-01,6.12289695995841,6.07224555003688,5.1857159886859,4.85897234436695,4.8158889644611,4.7899594581975,7.05734038516914,8.04457286216945,7.37810992337268,6.69099372248755,4.87609756097561,7.73337108013936,4.34172757475085,3.45687812612798,0.786893724539709,-0.819811031098368,0.041977569362598,-1.35585961064342,1.74656547813158,-0.632191714241701,-1.80314777699577,0.360308294417453,2.40455155094588,4.25360020107286
1997-07-01,5.88791863845859,6.08861073325005,5.89702034795263,5.75410982659037,5.73444395173632,5.72253315403839,7.46352544346826,6.24215610243522,6.94916953027015,5.22459847414146,5.80573170731708,7.23600174216025,3.20749209950571,1.68043688444286,-1.20060253699799,-1.94434554489621,0.176108359575184,0.109543021153994,-0.0543694607774807,-1.1439774045338,-1.56936432124957,-1.65505443503269,-1.27250520993413,5.35623354239678
1997-10-01,-2.42789297406554,-2.26140427812683,-2.38820463862788,-2.4954534317705,-2.51029127883112,-2.51928496913152,-0.952254562159226,-2.72332127206866,-1.43356579731477,-3.35594672937108,-2.43292682926827,-1.34525261324043,-4.52306458147635,-5.09466495642761,-6.39325117310364,-4.90571845174981,2.3164365126631,1.74437409203693,-3.30368835358652,-1.70024223870466,0.686304332978556,1.90551038776564,1.33835342232696,-2.92985952482928
1998-01-01,1.12350727352458,1.36635746800201,1.5789745504984,1.57692863108358,1.57573330131171,1.57492934968707,1.94146526375511,0.0349670448614177,0.414012381238422,-1.12308484740743,1.62500000000003,1.89159407665502,-0.912970585852037,-1.50371977002013,-2.04895091012224,-0.0613845594215263,1.50686946375205,2.41767601385141,1.2969683616549,-3.40534786672266,0.329443276931947,2.37665425622206,1.69050437320635,1.74327464991805
1998-04-01,0.585229989871038,0.863798112915106,1.26163935756421,1.31820015992423,1.32461476737453,1.32837998641361,1.8616714112197,0.979365060935692,-1.33717534974943,0.0940729827821372,1.41085365853661,1.11782229965155,-1.37653107527748,-1.73048007012846,-1.65480508430863,0.725713334484169,-0.698238721522842,3.74354903158256,1.27870499726788,2.04349925556976,-1.84917026977458,1.94946061932881,2.366119635051,1.07750532537833
1998-07-01,2.04520740925423,2.4183414035567,3.22287453421208,3.4050473227156,3.42774929437198,3.44129186174223,3.61677399346732,2.0018128756212,0.217701928059995,3.2088848937189,3.44853658536587,2.22105400696861,0.12925451746213,-0.701037101015885,0.170186665291709,1.75958661126046,-0.0743147769160823,-1.1907817433464,2.32597181813203,2.19905340442939,3.71853805600065,1.20537317600625,2.44287772010716,4.33857941834225
1998-10-01,1.49636301731104,1.91913217806302,2.93773143636844,3.18523186788343,3.21638735473113,3.23500292704759,2.95528602623833,-0.301636715267847,-1.37299532551998,1.04402909112019,3.21134146341464,1.51661149825782,-0.50609837128269,-1.20202843809625,0.129127262414357,1.24378350884115,-0.305921426358936,0.263359641609114,-1.15085324624557,3.61164944688302,4.5899088440496,4.2226028522691,-1.28788716712991,4.62311715167647
1999-01-01,3.90473580992747,4.44543711371696,5.80733822764876,6.14701060062154,6.18992271053543,6.2155776706874,7.36782722062088,0.931639567159124,1.2609970923894,3.10629791364377,6.16317073170731,3.83516550522646,1.32667287902115,0.599031222606101,1.66747279946364,2.06912987989875,-0.125729860179645,-0.808447218671769,0.318589285911454,-1.32433018177929,5.26509185528157,4.98828612254825,2.43887049045935,8.09810674646928
1999-04-01,3.27430348584593,3.89444237333109,5.4581650709535,5.84751689529779,5.896686858365,5.92608123729605,4.4555519103462,1.43496643236094,-1.13581850787403,2.55255688745635,5.92573170731708,3.17821428571429,0.14032007130703,-0.0878222812355034,0.548721961532436,1.01750184961452,-0.474065839093992,-0.393671192601709,-0.618975260483084,0.161401176998461,-0.648289415160328,5.86880117462593,2.14797444359406,7.13718294269989
1999-07-01,3.80870867880728,4.53541646387305,6.43958216454217,6.92390735553255,6.98524730063909,7.0219338572933,7.40167700629834,1.91505982464165,-0.785008729077731,1.32214536727784,7.04695121951221,3.50566202090593,0.282607568268361,0.13363198061154,0.629587737843565,0.86532022984548,-0.0440674628630703,-1.07153496825884,-0.0975262305821779,-1.03241087022277,0.453751654289897,0.211686093652242,3.19585714953081,7.96756461771847
1999-10-01,3.26331667737941,4.08282285149338,6.35562097730141,6.9511138143838,7.02682929283151,7.07214188062,9.23786073646895,1.17542946942132,2.13682514104264,0.175313498824949,7.07426829268292,2.65188153310103,-0.373161008022038,-0.577778064249998,0.253540710565744,0.053022022737764,-0.170560678095108,-0.183217051094913,-0.501234322205422,-0.48143713795026,-0.858604571218586,0.667013089834038,-1.25692342526868,8.44133509475878
2000-01-01,1.31489948430914,2.15236066101323,4.61524181026073,5.27804925443709,5.36260674233029,5.41323772453319,4.29514669771845,1.38125605182063,2.35095129027908,-2.65377359196492,5.3780487804878,0.442290940766526,-2.10832023336846,-1.94951980095914,-0.510573402774128,-0.953280660435723,-0.0226697319336457,-0.0356358847378648,-0.408674078541431,-0.757518391283634,-0.0146356154309547,-0.108019601647221,0.60705952043899,7.37732130850245
2000-04-01,0.532183623166503,1.34497990605379,3.8536311434616,4.54209686526539,4.63013323205607,4.68286663474706,-0.958058712455966,0.502383742211748,-0.0625950188435809,-1.19084434533266,4.63426829268295,-0.509503484320561,-2.64364557167167,-1.84145761357192,-0.113858350951318,-0.744354299736273,0.154192036366362,0.579440272233336,-0.214495897250931,-0.180527755604933,-0.337080510381644,0.756081240972635,-0.751201987483932,6.87965154788287
2000-07-01,0.456120343739116,1.23364010980711,3.74467786132712,4.44583099737466,4.53567203781435,4.58950356121386,-1.85652634216876,2.46120154072636,-1.98490192388655,1.86406859745631,4.53499999999997,-0.728327526132404,-2.48131674904792,-1.06499767957513,0.599463466199239,-0.31470739105842,0.0335905895175834,0.860753127309541,0.19031417112817,0.0267663462388846,0.642320521450639,0.0357643170988903,0.0637752973224323,6.90572325236428
2000-10-01,0.623770319086901,1.37031553336402,3.89655175535592,4.61441882172733,4.70659147487862,4.76183793540397,-1.10291190922837,3.80918944028505,-1.77781653147059,0.980383109001195,4.67317073170733,-0.693510452961675,-2.09620046997813,-0.190841411849618,1.10203011395862,-0.110437187107266,-0.0377956372414294,0.303731133297178,0.408725691832383,0.582257589380278,0.637375669462262,1.10753121194702,-0.454016333575676,7.59941885952733
2001-01-01,-4.04181022270359,-3.49715012146078,-1.42142040058442,-0.809853434272213,-0.73102122646884,-0.683742024505335,-2.23784567119955,-0.352000717540221,-3.58072067675894,-3.7152989787017,-0.728780487804869,-5.37991289198607,-5.89299003322259,-2.512688856804,-1.39349713814269,-1.66662322128761,0.0734599665764634,1.15382660938796,-0.873854259028475,1.08928757897524,2.20272074313369,1.40668260326353,2.15239573308749,1.47814117734012
2001-04-01,-4.5688783218055,-4.23297251921915,-2.59195557546653,-2.0769904819075,-2.01016664901644,-1.97004804046057,-4.9440453188443,0.262994456383012,-4.27489761503904,-4.1077224839822,-1.98853658536586,-6.04594076655053,-5.3058074710315,-1.07326097045328,-0.239523023771454,-0.127917581197948,0.618447566131531,1.76926053399612,-0.144817181150343,-0.212041118698491,2.9027815924803,3.04062214849317,2.8795485547785,-0.246033214715652
2001-07-01,-5.53561744679436,-5.42767407565998,-4.2402925497893,-3.82147952317277,-3.76651098885358,-3.73345218609802,-7.79875708900849,-2.89530679696708,-1.59257786069574,-2.89606508695303,-3.77853658536586,-7.20771777003483,-4.87767522891173,-0.322218068375207,0.362084257206192,0.399568053466311,0.0145542783597243,2.53842373444424,-0.1453111046899,0.692193674562746,1.59658189854008,3.5495899835223,3.98067908842727,-1.70983564337325
2001-10-01,-4.10413674113974,-4.17912216049842,-3.40845128606827,-3.08631352896663,-3.04342606594375,-3.01757720651349,-5.79033741969138,-4.04854350073714,-1.21130307063243,-0.414863386900407,-3.07573170731706,-5.87107142857141,-2.39307511546875,1.93377958541743,1.88999200742529,1.49521893264946,0.119972229337846,0.880397773523703,0.43357365730265,0.64012940911846,2.4103278441299,2.24428836804719,4.36116276333457,-0.88148165824316
2002-01-01,-4.78568099282967,-5.06120124129853,-4.79231712642624,-4.59358215448458,-4.56624513477496,-4.5496892145953,-6.93636081991406,-2.82095466093861,-1.34476076226318,-0.297276096544124,-4.61500000000001,-6.5727526132404,-1.96379061664371,1.97671582529779,1.33380317640382,0.708487755555012,-0.0836317018852008,0.931809120555375,-0.481554543591778,1.12127597249359,2.402596275147,2.91973474037875,3.28660626817963,-2.40982075654424
2002-04-01,-6.02434489962641,-6.53064799053138,-6.85918305097613,-6.81033093750611,-6.80193378339195,-6.79670136098116,-9.49363848091016,-4.26848333527158,-1.41323687290929,-0.993577816963182,-6.89231707317072,-7.7634843205575,-1.9358325905518,1.51460707471767,0.597085804156109,-0.125837381932968,0.014545502177506,0.795038383169696,-1.00262977483198,-0.501664259181708,2.31560474834264,2.04901487915549,2.74064682376478,-4.35404760223722
2002-07-01,-3.75790080826027,-4.41613892295592,-5.23231257917999,-5.31762536399546,-5.32637656335234,-5.33141505517176,-6.66575851444097,-2.76135825030323,-0.958162513724716,1.02365312606051,-5.44329268292682,-5.31855400696861,1.04100072927639,3.50604212860313,1.81119244057132,0.743561986731834,0.150304364938196,0.864361506176082,0.157559785216803,-0.664122146602817,1.06482195593902,3.70681557575975,3.38938908042789,-2.76575793127739
2002-10-01,-3.93863000325914,-4.74259212986883,-6.06448864658125,-6.29331872237336,-6.32048340720723,-6.33655715584263,-6.32509587539323,-4.03434137587539,-0.60029729708225,0.855167051381557,-6.48170731707319,-5.21946864111496,1.46915728060932,2.9870139998969,0.732256484298318,-0.260168623147365,-0.110347946598447,0.747208152091827,-0.6499327374315,0.123480533669707,0.725588083065599,0.913517074195778,3.64653767179534,-3.41928948664935
2003-01-01,-3.34411176923388,-4.27413789363851,-6.14446316366588,-6.5410382610587,-6.58991449818259,-6.61901794473613,-5.2644347415673,-2.66520877804572,-0.00927914469812663,1.50299445713648,-6.72585365853661,-4.19902439024389,2.3333352240499,3.06102975300368,0.0609106378588535,-0.314855606796414,0.0170833631733901,0.0902532287310983,-0.267001485024153,-0.610825657819098,1.03257903389151,0.815128132484941,0.867903815482182,-4.37405495912742
2003-04-01,-1.59624971319718,-2.57248372721222,-4.78714391695229,-5.2995343540882,-5.36353960011343,-5.40173522205305,-1.93576329197469,-0.430680784363517,1.17441819074313,2.72780673204517,-5.46609756097561,-2.09736933797905,4.10366015719956,3.50112669519933,0.053883359975174,0.0382322622014613,0.0699303836915904,0.258824416295741,0.166172934163078,-0.169551100002114,0.554753783200895,1.51192475234773,1.61211955869265,-3.85413837768075
2003-07-01,0.228019767448785,-0.705995617129105,-2.99630467368931,-3.55027262808056,-3.61989859136105,-3.66148943995731,0.53575580192836,3.80890767752089,0.276808655889369,1.58259285487196,-3.74926829268293,-0.0108536585365471,5.74836642087351,3.2589890682205,0.0121286031042018,-0.185415793237894,0.0448879494078415,-0.112861905415206,0.286764621692899,0.0688921451317046,0.302876638149131,0.987402835344027,1.89130203786264,-1.83210109737965
2003-10-01,7.35877364543975,6.71003598784549,4.88557784509882,4.41658880769475,4.35719466588884,4.3216731595156,8.18531421135788,9.78179948853315,1.08212198730669,4.27975308120247,4.19304878048777,7.45363240418121,11.3617081273802,6.17166696746253,2.47484478935695,1.27152463685883,1.12107520663063,-1.62927881328685,1.82605579481017,0.0799060678639381,-1.58552890101085,1.49761472792962,2.08120402859196,6.79682185490802
2004-01-01,4.59144317960698,4.13219093705214,2.52641363887307,2.07683092237068,2.01929515545334,1.98482815907101,5.56659792247035,6.30444947118906,0.0298063005102449,-1.42063376458287,1.85451219512194,5.15764808362374,7.33522891175753,0.964803021708917,-2.08160650750278,-2.6765134775209,-0.124734993355595,-0.687079903170168,-0.381891007560227,1.57673374466881,-0.300956849324863,-1.34379947549476,1.32782976914872,4.50424765758885
2004-04-01,2.2834634806751,1.93676751680565,0.391154506926313,-0.0759292724130489,-0.136240884080195,-0.17242140383874,4.96144767226082,3.24400361710588,0.0284421611660264,-3.71774359551375,-0.278780487804909,3.3331968641115,4.05350457823513,-2.4421975712886,-4.1755540659,-3.55734043996168,0.148533183293543,-0.942631095897226,-0.966829161072575,-0.955820579818617,0.682398948562748,0.26784491766898,-0.6918487886644,2.00097024401066
2004-07-01,1.10767936043729,0.839627923203551,-0.663369946801822,-1.14395127254653,-1.2063976113362,-1.2438955395944,4.15474301951852,1.6758001529426,2.4474526678276,-2.41228022318697,-1.34512195121951,2.57029616724742,2.08822299651567,-3.99690996751403,-4.16651575310672,-2.55927902044419,0.0956227685561123,1.3442690701357,-1.02235245505,-0.860977465765516,-1.12865770319518,0.935900546871548,0.10993632322879,0.84758723475062
2004-10-01,1.26822508623053,1.07785745033235,-0.369868018191397,-0.859475979224385,-0.923475810764927,-0.961942161015969,4.29569826847091,0.812759531851185,0.422381889541327,1.52388568403376,-1.0286585365854,3.11816202090597,1.34211409124055,-3.93087131954826,-2.95075929459071,-0.680001048114832,0.0880654446872268,1.08209397322927,0.650919960681147,-0.850274209009955,-0.679143480166192,-0.924213110762243,0.243712705889585,0.638801371886814
2005-01-01,0.167087903153316,0.0230964448165309,-1.36697152880296,-1.85400530554102,-1.91790745895656,-1.95633740363553,5.01064415237778,-0.119414673974205,-0.250365733458096,0.541953070070235,-2.0226829268293,2.29513066202094,-0.434156065148755,-4.5267744804826,-2.45564997679577,0.250065537991418,0.00417804997984158,0.689419824628589,0.174759678260403,0.919974389370295,-0.113811674516469,-0.617713247996226,-1.63789761296108,-0.364202743098986
2005-04-01,3.20947914121362,3.19780432383288,2.04108330710636,1.59515073940321,1.53612526865314,1.50058045251333,8.79778651654573,2.67045066892959,1.05220443570852,2.95338906081491,1.51682926829267,5.58355400696868,1.33884045053071,-1.70733512091988,0.203719898932547,2.93411292510356,0.156022918517022,-0.109879947869937,0.739264233186516,0.720437498531657,1.56268024401473,-1.18269858047894,-1.09269380989211,1.96550074670617
2005-07-01,2.44388614046252,2.55200562736911,1.71689415588153,1.35132150481203,1.30243102473204,1.27294354038352,8.87115824120104,1.49540077642331,-0.242602355701905,1.62211371163605,1.3534146341463,4.7939198606272,-0.257228749696168,-2.34984659413186,-0.19644614035991,2.43328861377628,-0.269914685611112,0.0876520318427554,-0.19505342962442,0.735160791811531,1.05439778089512,2.07195639437392,-0.379357832529616,0.884942525329791
2005-10-01,-0.634498333861728,-0.497119211281529,-1.09708622211056,-1.38400097997868,-1.42263092126183,-1.44595351160967,5.73714556806925,-1.81364712494374,-4.27215336010241,-1.04796558272656,-1.37756097560975,1.48010452961677,-3.35082003079168,-4.30431212293092,-1.12945392667456,1.24640632321439,0.125610096068654,-0.0321676298049162,-0.308919698387491,-0.0743580668634556,0.919838621022965,-0.186901839170535,1.28310230487652,-1.62857058423788
2006-01-01,-2.52115858101052,-2.43315021172302,-2.99305843106833,-3.24998618996523,-3.2845078653433,-3.30534406165458,4.22393614225712,-1.27020386002292,-5.37116701389604,-2.37511204512222,-3.22792682926831,-0.630322299651539,-4.94274288955518,-4.41964304130354,-0.487744289176504,1.50250912476301,0.295862179676988,1.4873274172051,-0.445014301938838,-0.081171636232384,-0.0897916751804639,-0.0344745146156136,0.442264040936812,-3.61626316468355
2006-04-01,-4.21506522510032,-4.24199222034451,-4.91414434180211,-5.17710802475005,-5.21203762722649,-5.23308410595817,2.93398425846362,-2.07184408005799,-5.55571584080693,-2.18177597849001,-5.1287804878049,-2.59049651567943,-5.98803905680256,-3.97769104831642,0.485052854122642,1.73744327850304,-0.0103576828339817,1.94998584378536,1.11843198799056,-0.0668941264960532,-0.406852125174405,-0.681689770763864,0.0987966490264057,-5.95622662891174
2006-07-01,-3.484395464698,-3.60198729383706,-4.31024951756396,-4.55656818770873,-4.5889657446094,-4.60845760225243,2.46380409978394,-0.610620186437643,-2.78208572406456,-1.2225742313671,-4.49304878048781,-2.22061846689897,-4.5749080301434,-1.79045467436711,2.81174470169674,2.35307128412484,0.186701495537395,1.38215273201044,-0.136268619911917,0.966561908557022,0.470860622021412,-0.462479736133232,-0.0664792293632393,-5.50708829001914
2006-10-01,-5.63404137718214,-5.90487713840773,-6.74692091642652,-6.99165564362053,-7.02325785032301,-7.04221744925039,0.236407410902331,-2.81962268451693,-3.07855951824897,-2.31315762435787,-7.02353658536586,-4.75567944250872,-5.55609918158981,-2.13328649512715,2.90501753209938,0.42343251374831,-0.0662411032255464,0.239359950445156,-0.814224607649043,-0.0362185299258022,0.477808312695424,0.564082394413123,0.757757540462126,-6.61842929201029
2007-01-01,-3.93831342176597,-4.33322302320079,-5.38788244647239,-5.67160518366933,-5.70789296193999,-5.72963094096556,0.849620443762859,-1.42640859465268,-0.421254175618259,0.0352648689796524,-5.76097560975612,-3.15448606271775,-3.33579774734628,0.80038996029495,4.76924560408412,0.526182211643516,-0.107568748068205,0.00803649655364884,-0.104620775684806,-0.132064610021464,0.708468556138975,-0.008224189222975,0.911361245519219,-4.65283443509884
2007-04-01,-4.56580345598189,-5.11474319773782,-6.53195261362245,-6.90250793796304,-6.9497046598693,-6.9779587343379,0.445694649181831,-1.07923710044182,1.53748251315565,-0.672278909496441,-7.03743902439024,-3.70316202090592,-3.55552305323718,1.68915781467547,3.7784502139944,-0.958427026560173,-0.0776246372437952,-0.115951773475958,-0.500320581762839,-0.148168210114979,-0.788837243100782,-1.2133091185154,0.753761066129488,-5.59020110660154
2007-07-01,-3.74477899894924,-4.44291888917999,-6.36896649725543,-6.88547150597216,-6.95143648079375,-6.99094265995566,-0.680901366786344,-1.42365676554235,0.872970815817297,0.319508720221108,-6.84963414634146,-2.70677700348432,-2.65191880722793,3.77523848811424,2.89477620791007,-0.884145355003426,-0.482358018143186,0.0198255343826513,-0.747903788049906,-0.573291398530627,-0.498412724001402,-1.10439483158188,0.476123694536884,-8.55733390479395
2007-10-01,-4.72654307160116,-5.53023206452639,-7.55951531967122,-8.07577313758404,-8.14123833703545,-8.18040075700887,-12.0456086677576,-2.75896955483145,-1.22363222525041,-0.219791318205552,-8.10219512195121,-4.07340592334492,-2.55491046106474,3.377767106688,1.31601299437924,-2.17486257367631,-0.39499489840426,-0.0856012309466413,-0.154730736782992,-0.894028679611193,-0.328740077844895,-0.950583076343613,-0.492397279778364,-8.91279609164798
2008-01-01,-2.0409776764514,-2.87884527528522,-4.97930344888616,-5.50768268670257,-5.57455709293339,-5.61455006558631,-6.53000988459462,-0.470936884432547,0.184726171391759,0.586253388897319,-5.5128048780488,-1.58044425087107,0.568777246576445,5.60528218944981,1.65508508224605,-1.12168481343588,-0.171468368193917,-0.191343382653483,0.0276005089690748,-0.155753335468661,0.00718369857095981,-0.502288499982402,0.125888283088063,-6.72599648758523
2008-04-01,-0.419741288350025,-1.22068701872507,-3.19794008410582,-3.68669456401318,-3.74837645578819,-3.78524690464451,-2.55872677773363,0.1986593513804,1.79445712474805,2.54465145453182,-3.71317073170732,-0.208074912891959,2.52359695324526,5.91501379363692,0.636881348940051,-1.33988982465618,0.335473058507606,-0.190298718547015,0.0131079579276313,0.335744440972368,-0.122732187847671,-0.115089756772409,0.395946538183773,-4.48874281252222
2008-07-01,-1.59136567164092,-2.39838762567427,-4.40922039882898,-4.90544647620311,-4.96803089399683,-5.00543667543923,-1.79779644542111,-1.43268315760318,1.8793205424264,0.862904983707182,-4.92097560975608,-1.52550522648082,1.83490316830077,3.81427963698243,-1.98630175836652,-2.38401218279131,-0.00737055395940765,-0.0211495963889466,-0.135596568724601,0.0200960816001085,0.356125438633475,-0.257027106046027,0.807996986946578,-5.92744326347716
2008-10-01,-2.02514489771971,-2.83663466651808,-4.83515370074798,-5.32153217772122,-5.38273005461809,-5.4192930005735,-1.93648337769903,-1.07806189812126,0.572467282713149,1.08362890400375,-5.40548780487802,-2.12234320557491,2.06437403776033,2.32999987108752,-2.98057159799941,-2.12164350538822,-0.039643289328738,0.191140167784538,-0.109432604027466,-0.293008608291483,0.145941759080816,0.230090676290867,-0.0786429787663072,-5.37981145428321
2009-01-01,1.27858663107367,0.55546612013103,-1.32694927324582,-1.79620630685054,-1.85542058153422,-1.89081448916323,2.68472919663853,0.602399171165473,3.64584408553131,3.71267696689338,-1.8868292682927,1.22932926829267,5.21695972773682,3.55780371783632,-1.66240756974173,0.0572109669783458,-0.0520186907604899,0.135639875416928,0.325978479125153,-0.254684613714679,-0.0998134988077119,0.254911991726185,-0.218257755258139,-1.7203882713865
2009-04-01,4.28703874281592,3.75889304432167,2.24756607962976,1.8573677196145,1.80793500827673,1.77836960109832,4.44521663252686,1.63159314385646,4.53533990958502,6.10083774296336,1.73853658536584,4.31580139372824,7.5474661696783,3.59594699118242,-1.20312277625953,0.828647068978512,-0.228603009798816,-0.706594294967887,0.475658308242453,0.482320462631062,-0.296158870930921,-0.0802771312953393,0.185425816049043,2.61492442718341
2009-07-01,5.80213072312318,5.51182722379326,4.43629649550309,4.1340306048811,4.09536722346516,4.07220803347741,5.92445642465108,1.40151830535973,0.974808203155419,10.0560862283998,4.00682926829268,6.03226480836238,7.96469816060286,2.12161733615224,-1.91653637910596,0.533819453008107,0.218577573299993,-1.13566431890024,-0.287535005721844,0.393705096464942,0.55560452464922,0.785416086074198,-0.803687650891478,5.33761921778674
2009-10-01,7.92943563523659,7.939289358944,7.42835779828008,7.24114194529261,7.21658002788152,7.20181013375969,9.4945722427841,3.36052366561418,-1.81865827006581,12.6331877653501,7.14890243902437,8.41532229965156,8.5222323960781,1.11313940597122,-1.98053756510083,0.764235307899696,0.718269770197658,-0.130069784547672,1.42647557861429,0.42937855867853,-0.161809101676773,2.54297124574893,-0.109801022015133,8.39524481571991
2010-01-01,10.3309175538507,10.7227393578494,11.0269660027417,11.0231336642895,11.021402986949,11.0202506912512,13.113307021883,6.34886389311069,-0.396735992163428,15.5962262869145,10.9586585365853,10.9997735191638,9.00142695081433,0.124552673645155,-1.63471845511259,0.868398480850715,1.96826858772256,1.65704695242015,5.86755314339499,5.4476495697984,0.546636222185214,3.40940656728133,0.386745540356254,12.5012226308056
2010-04-01,11.3020503554653,12.100853905702,13.3295616482839,13.5416971208279,13.5669965471389,13.5819798975303,17.7456596573366,7.54746054796277,0.424217383179496,10.1793793882833,13.4932926829268,12.1317944250871,7.87322097074787,-1.84687516114059,-1.90164827515065,0.187404005030601,3.88128215603554,3.78455089119052,8.26733263959147,10.9669962681968,6.32740056339603,8.02118769369945,-0.225941553003348,15.6455989346528
2010-07-01,8.63393406982968,9.73493806593075,11.6866361107002,12.0707151226844,12.1175712945212,12.1454262812939,15.8891842711563,5.12620576457596,0.305186625465183,-4.69008255674794,12.0167073170732,9.6587804878049,3.45583664208732,-5.63263419790638,-3.5341089568401,-1.32846124441983,1.9633394921995,2.62325842912619,6.04216236335348,4.73700642267508,1.23516738743829,10.0522493825034,0.882381667020498,14.946048355911
2010-10-01,6.80726962360433,8.11232918496523,10.513302261965,10.9947311933675,11.0535927314721,11.0885966718899,18.8665813504611,4.36597673069451,0.423970828132042,-5.96255559539253,11.0524390243903,8.08628048780491,-0.0166988088485596,-7.09959972670549,-3.43668849584884,-0.655083664208746,0.039215952218112,2.04783621339376,4.38351701935435,2.6917014153347,2.57699869767239,5.25703769522428,1.56953704506052,12.7124661668505
2011-01-01,5.02408194560707,6.48354061439437,9.39471429737421,10.015091855941,10.0916686766852,10.1372786426263,15.748433239445,0.595035669196704,0.773817037176855,-3.01023598982908,10.1171951219512,6.22786585365856,-2.79069200226888,-7.76880511009125,-2.30865905223521,0.207923438309365,0.320684158756468,0.0536841394460216,2.21511367334209,3.34335591315855,1.97290523514781,3.39735407586012,2.06268288389482,11.6793874146011
2011-04-01,5.88631260540109,7.51004165262941,10.9935638967795,11.774139511934,11.8712178999903,11.9291094129383,20.5698812787745,3.2229680622246,0.525584592049483,1.28612677117025,11.9456097560975,6.89582752613239,-2.96994246819554,-5.84185595317899,0.47211880575486,1.97601697945663,0.418907112015722,0.136352149235454,1.05657333477607,2.39468888593413,4.04030506412159,8.60523529195138,7.16152291261492,13.1222385154006
2011-07-01,4.1187260262713,5.84238318946541,9.84427470898288,10.7872319783832,10.9053593014162,10.9758855507586,20.5042345880977,5.75781769689848,-0.756319968043442,2.48152943664002,10.9724390243902,4.76634146341468,-5.25830402722636,-5.81196436858659,1.13964368586613,1.44241140348691,1.33022904478861,0.455310264447777,1.03665321273331,0.689593685427545,2.39642119535679,6.87488872260186,9.77238609389917,12.6114132800134
2011-10-01,5.17786769978107,7.00840983718416,11.5181897051927,12.6177303896323,12.7561245125299,12.8388132164618,27.3062143137621,10.0711303720079,1.42821893520789,4.19343747548402,12.8670731707317,5.45270034843207,-4.89169273154533,-3.10784819264683,3.14107977105141,2.28225813213646,0.827932193434183,1.24102682650039,2.04630099976647,0.64954405993161,1.44700398131212,14.4683379218063,12.3636971641697,14.1960643683547
2012-01-01,3.82858892900572,5.70932179611123,10.6327433038451,11.8728528669063,12.0296239092133,12.1233579795514,23.250229980206,13.0437486056434,2.24128917125773,4.3573041663999,12.2098780487805,3.57682055749132,-6.46402884693305,-2.35512104883207,2.8349541071521,1.29869386421336,1.81916496107026,0.349228143312629,3.34538759331864,2.14702830925126,4.35832847996756,10.683643385807,7.4404064950545,12.8106939886655
2012-04-01,3.76823517844105,5.70236384328513,11.1494683751853,12.5740660350414,12.7550606359204,12.8633641092048,19.9527693176339,13.0416117321283,5.15438048031018,3.61681696665579,12.9251219512195,2.75992160278747,-6.33380925370716,-0.630117181457194,3.35198576806056,0.976310081629549,0.838823762288736,1.4245321729597,2.57770086434548,3.62507595384793,8.56093624231024,11.7648646903101,3.51405014997074,14.0776032785895
2012-07-01,1.55959890952278,3.44942516825284,9.14540810342368,10.6819068338432,10.8778855287273,10.9952279929531,13.9772515127456,17.8664166913169,6.33957208605216,1.54143208758887,11.0862195121952,-0.182116724738648,-7.88765983307673,-0.417499226525024,2.08947893569831,-0.178658844854283,1.11227821733066,0.64844216805547,4.82139000815716,1.92976404912516,9.68387370581666,15.8289282535149,2.20170188063814,11.9219818249015
2012-10-01,-1.76932594791236,-0.0375723716654761,5.67157589442735,7.26896483794474,7.47362172047025,7.59624647277411,3.2020980561972,12.7318059183093,5.89159260715587,0.739021617317064,7.70036585365852,-4.36339721254353,-9.6900875131675,-0.758229773629637,0.729923941628329,-1.06081826925464,-0.457693031834604,1.05360116911852,2.10523703236219,4.88588751769196,3.47114426981535,11.8358307959155,5.5390531883254,8.41191776421294
2013-01-01,-3.28313429669481,-1.76216101543582,3.83922362082154,5.47041191134809,5.68038772292238,5.80629258864553,-5.53201991328484,13.2891761469332,7.28414187028869,2.02259952941904,5.88939024390243,-6.79101045296164,-9.16384085568433,0.40955370494504,1.08762517403176,-0.610240449825824,-0.927439383293242,-0.112124596930304,3.57683272308826,1.96643927413714,7.32704788353174,7.77850718092336,3.017977286731,6.96530792857095
2013-04-01,-4.10748447539248,-2.83155883428776,2.52926203080625,4.1558233071122,4.36618175049983,4.49240787188035,-10.8722687380719,10.549271866154,7.0946301027542,4.01248270420388,4.53865853658539,-8.47484320557493,-7.68715177052104,1.70628190584222,1.72124503686916,-0.370261288812287,-0.375355542216481,-1.81816129987339,-0.699353161077527,2.85105875556194,2.73007523137407,10.4873597620004,3.43809398345901,6.18736403144698
2013-07-01,-5.17074067222109,-4.16460022459376,0.894524146817446,2.50297125507893,2.71205065739497,2.83760876976294,-10.1282348504812,12.8979248059654,8.90446491334382,3.34305253414999,2.6758536585366,-10.2655662020906,-6.22243092131919,2.29198486567321,2.02203166090851,-0.963482638289918,-0.24798845840406,-0.357017187384064,-2.86188927312784,-0.205819280203595,3.62948425763834,5.63351524577048,9.89973167721399,7.46767684354626
2013-10-01,-6.90965434336835,-6.28860673053896,-2.1541035915256,-0.76825698270278,-0.587149904629143,-0.478300596375959,-4.94413533690351,7.0382355140573,3.47110954966433,3.13439603332995,-0.637926829268338,-12.0796951219513,-5.91019285309136,2.78520149022842,0.981552879904939,-1.21904196157749,-1.35148534869554,0.04451900920524,-1.2786257190397,-1.88631207994573,0.73268207733428,4.80130036488065,4.24944213036934,3.99598278887726
2014-01-01,-7.6646540119666,-7.43859764100409,-4.30505234055846,-3.16725748736786,-3.01744184293494,-2.9272954961732,-4.78435243779927,6.11505365954906,2.57269810965539,1.75785513214811,-3.08036585365852,-12.8538850174216,-4.50905518191394,3.74262104883206,0.531052699427448,-0.739859429332171,-2.65596956343226,-1.05913610377457,-0.713652465606254,-0.280592336903973,-0.182067446611883,-1.02209769189572,4.78230900288659,1.29859896189669
2014-04-01,-6.49976229338387,-6.6086867959819,-4.38184645183077,-3.47519349496849,-3.35463581243721,-3.2819864148268,-2.90239587560728,9.33249333084331,4.8939461547094,1.68150336895258,-3.44378048780487,-11.6608536585366,-1.39444129325011,5.40628319496722,0.930942865982388,0.237772941379717,-1.05359977967258,-2.32070575228434,-1.32632144653189,-0.791980254476723,0.31325300954807,-1.87890234801271,-0.349694064586183,0.916113411049423
2014-07-01,-6.38377134161658,-6.80124717259429,-5.46719780967214,-4.79506478129861,-4.70430495526728,-4.64948602986101,-5.96823659687664,7.37441248184194,3.65081519889367,1.18827395315378,-4.84987804878051,-11.4129442508711,0.576809010615023,5.32870107770844,0.195873511060483,-0.0336807319532682,0.971028423494142,-1.05557635116093,-4.8047787849339,-1.24895357854854,-0.494189680631543,-0.75677671423683,-1.07228777732797,-0.0690472906531454
2014-10-01,-1.6645218433506,-2.22246419136223,-1.50015688689393,-1.01128261294099,-0.944159377212202,-0.903517366156109,3.52069781198662,7.23310138271643,6.93855474834146,4.70377842639425,-1.10817073170733,-6.38456445993035,6.13389271533913,7.82029598308668,1.77831923890062,1.33778601198532,1.39391595725556,-1.09600810139821,1.07740157255178,-5.47835671076038,-1.93018532690415,2.95809529576759,-2.24619045515723,3.62526316558291
2015-01-01,1.65987970745869,1.10669189246579,1.56863697693791,1.96085478411044,2.01527175849083,2.04827062343952,4.69583412332219,5.9052856701083,4.8477102637529,6.5978792422444,1.72951219512191,-2.66966027874565,9.66124301110119,7.59261653689475,1.40829010467689,0.296111803003612,11.0540845849259,-0.118604661690815,4.14805420357717,-4.69632257347241,-5.69961009535463,3.74921440674951,1.01846889343938,8.13968491832657
2015-04-01,-1.53193092577834,-2.19475728716515,-2.4122750124248,-2.24350120832077,-2.21821732590388,-2.20272173415822,3.33610086925631,0.608878105199835,-1.06807440428952,4.30763289668187,-2.55987804878049,-5.05364982578396,6.62728466088652,2.5312296962822,-2.96327824472758,-3.00312886877578,2.58668776118707,4.19828498002631,2.17084361054756,2.43472351749299,-1.96731736607587,-3.04613878181612,2.06351819342817,4.29408342474454
2015-07-01,-4.51008344786527,-5.375793089686,-6.56219243748831,-6.6997169627644,-6.71423798961473,-6.72264556154443,-1.81077915435475,-1.02251631767109,-2.70719074928508,4.06577868879492,-7.04951219512191,-7.02847560975607,3.91133295519006,-1.00518679420406,-5.22832207497549,-3.42360076697315,-1.91112747564267,2.9578209311276,1.66498002149466,0.531721497609121,2.68394127593545,-3.25677235881417,-1.25372081750909,-0.856051615346757
2015-10-01,-6.70323262451996,-7.81960988914528,-10.0591063076078,-10.5203495427303,-10.5768255469032,-10.610416976967,-1.34810484159294,-1.3480125428415,-4.28797359436214,0.254738539582888,-10.9129268292683,-8.22433797909406,2.17969208329959,-3.06490872995408,-5.47776465735058,-2.15822671335872,-3.1987981804663,-0.261340356324787,2.79699243143596,2.91979350820286,-1.98317114753781,-0.957904412052733,-2.49592651976019,-5.32044314182497
2016-01-01,-7.41867637716427,-8.78997214609461,-12.0878522317305,-12.8742652901266,-12.9728885793579,-13.0317797715952,-0.195366329235753,-1.04372200400661,-3.15782863592722,-3.4608922663935,-13.2936585365854,-7.93642857142856,1.83677335710235,-3.49563631207138,-4.11604187077796,-0.0357827566649007,-2.76955728432234,-1.88110724882818,-2.82694232543344,5.17030787503887,2.34273558772384,-4.01854434822564,-0.728700605863273,-8.56179553461425
2016-04-01,-7.26353758827497,-8.85607181907966,-13.0858923661672,-14.1600445766891,-14.295985305002,-14.3772790955826,-1.32002534730771,-1.93026242880683,-0.829382892812816,-1.77190084545947,-14.6452439024391,-6.82028745644601,2.20072360424598,-3.24071636673028,-2.17312561233433,1.66092708821498,-2.08764570185662,-2.13726967997074,-4.03966699345577,1.39572026491676,4.91303446289014,2.08507751392992,-4.1864036613929,-10.0551326350721
2016-07-01,-1.28537969000968,-2.89593808108674,-7.65202392360277,-8.92661990146962,-9.08908131667994,-9.18634491647839,2.62101157626955,2.38284237436545,2.88092074958473,1.79424555531199,-9.37414634146342,0.183475609756101,7.05749290981282,0.987422652503483,2.16986025885643,4.67714943648423,-2.2458720193733,-1.61005568393875,-0.310788041969538,1.45097591706714,2.93875149693096,4.88274000271209,-0.617187701782578,-6.15031288288515
2016-10-01,-4.9565878856838,-6.66663366468418,-12.0061379878073,-13.4756458136049,-13.6635969261925,-13.776182341412,-0.874342623535654,-1.69783445295758,-1.38158920094088,-0.845817212412953,-13.964756097561,-2.6269076655052,2.95782999756909,-2.96600641984219,-0.472533646160969,1.1566272287854,2.13977937239534,-0.246945434720557,-1.83590259462596,-0.594769480274104,-7.85930766417815,-1.29707303930233,4.46834156716012,-10.9119943481251
2017-01-01,-4.01054743944741,-5.78549851588042,-11.6576479787192,-13.3150787811032,-13.5277385764937,-13.6551886589089,0.305836641848487,-1.45782183877787,-1.21809151375555,0.111797245974856,-13.7814634146341,-0.773231707317052,3.0510266591038,-2.26902426133137,0.75978033311003,1.49187828306486,-2.27961780334923,2.16710165897839,-0.356082386085247,-1.75574462092907,-1.99441616876947,-8.46396657801975,-1.09193672718894,-11.844606949149
2017-04-01,-6.28276662590588,-8.17391595248057,-14.6145978793858,-16.4563726069303,-16.6930783035639,-16.834976755612,-2.94462716360113,-3.98725209492625,-3.49784017878841,-0.934629507458169,-16.9229268292683,-2.2695296167247,0.311794830240672,-3.82830660547614,-0.0495658227195008,0.0554649929717925,-1.14763356488872,-1.3442338743173,1.46346282344048,1.33365456600533,-8.95121326419368,-5.81898642280454,-7.65212611325109,-15.7577810331051
2017-07-01,-6.27369210745167,-8.27276796495585,-15.2500678780062,-17.2667644659602,-17.5263016550069,-17.6819201580327,-5.30135952597351,-3.57837065998012,-2.14050164636495,-0.590990816808585,-17.6756097560976,-1.56167247386759,-0.231337817032681,-2.96082478213788,0.924475841798767,0.413894917260222,-3.56970707262273,0.0392786075908552,-2.62810938109681,2.74153690219,-0.5988890452552,-12.3666382126855,-5.36876807071917,-18.12720507558
2017-10-01,-9.65538823533655,-11.8418896732983,-19.4033981562154,-21.5853037583232,-21.8660741005828,-22.0344216413255,-9.46666178677532,-4.79875001489785,-3.12248590165473,-4.17565878960505,-22.0175609756098,-4.47348432055747,-3.40948545498748,-4.46401149899447,0.0114479451349894,-1.02111778342305,-5.39636784479359,-1.87648940854831,-3.40849801406337,-2.63020861037903,-4.59826917863545,-0.82679558291984,-9.56208975367099,-22.8439397629974
