"date","c.hp15","c.hp3k15","c.hp25k15","c.hp125k15","c.hp221k15","c.hp400k15","c.hamilton13t15","c.hamilton20t15","c.hamilton24t15","c.hamilton28t15","c.linear15","c.quad15","c.poly315","c.poly415","c.poly515","c.poly615","c.bn215","c.bn315","c.bn415","c.bn515","c.bn615","c.bn715","c.bn815","c.stm15"
1984-10-01,2.26755217921441,2.68760983367856,3.3062750113949,2.82219282975161,2.69541887114873,2.60814453423748,5.65818344401565,5.17902477501723,4.85424894079027,5.09887362481918,2.60628415300548,5.30780010576416,-0.290739761443078,1.45682601063515,0.768825814587387,-0.446103125127394,0.249107648951896,-0.436092633599426,1.86957371313949,0.467181933810935,0.292752712698347,-0.522171985751962,1.09604966055665,1.38640668802847
1985-01-01,0.275225849590456,0.68398750276377,1.45126533292139,1.15883679049706,1.07195893632992,1.01129428074888,3.67093491300039,3.87911956196527,3.55170318288231,3.10606523683798,1.06327868852458,3.05488365943945,-2.32329866619659,-0.170207378518143,-1.21998855916688,-1.60449466263935,-0.355548185201843,0.265811498167992,0.27844793493694,1.13027520649543,0.158566835527008,0.030932160748473,-0.484691636788096,-0.572561169796117
1985-04-01,-0.284719737966924,0.0886728908461265,0.953090793280438,0.853021247099619,0.807470766717628,0.774503931558769,3.33536384589006,3.12250567376897,3.02026463227959,3.05571244273555,0.881475409836071,2.09447117927023,-2.76291086432811,-0.41865121334979,-1.52443909408942,-1.25425334580844,-0.0944671094971349,-0.0113755619909515,-0.0383499161488953,-0.100465737355786,0.88703414036523,-0.539946690267273,-0.427974055708213,-1.16996262004972
1985-07-01,-1.44647963059857,-1.15533631152633,-0.280661090043381,-0.166777768041555,-0.163884158663308,-0.164133148066938,2.51725942602759,2.2560529931901,1.78709569786402,1.81302720612452,-0.0837704918032927,0.347958751983086,-3.59714319290205,-1.2675021299724,-1.92917092096157,-1.32844621622044,-0.346158054001152,0.86723529798406,-0.947278324341109,0.320684358109671,-0.212458239044705,0.673642617669525,-0.927211429928486,-1.28056298576301
1985-10-01,-0.502523870219093,-0.255561545368678,0.635869455027446,0.86578969964026,0.894514112159627,0.911665784602391,3.00603881567292,2.98107139665524,2.36363526210987,2.81885906447228,1.02983606557378,0.954624537281873,-2.5604912157001,0.00555353575416007,-0.902480779400364,0.291987865936463,0.168767764967075,0.103199122219583,-0.55432989213542,-0.353392371507925,0.244903835278732,-0.399155594389456,0.411621110914163,-0.473614520374468
1986-01-01,-0.936228811244035,-0.750516920799967,0.11940959014251,0.472280106760351,0.529442251054675,0.565855907133965,2.44529040736586,2.70833926583317,1.86785558114433,2.51521396196863,0.702950819672125,0.0807403490216814,-2.75945237675539,-0.176600049944199,-1.0422442338201,0.521816668700197,-0.107271426908703,0.371872544451155,-0.384655098877051,0.540833322459507,-0.142024569661876,0.188480301743152,-0.514616564767222,-0.803340367331671
1986-04-01,-0.942075612721254,-0.8167621889706,0.0104636898194315,0.464696135029811,0.545944481109473,0.59873291439267,2.14940571172322,2.57716698573545,1.32146611384437,2.35308685918672,0.762896174863386,-0.369463246959285,-2.48136435748282,-0.0199563722897977,-0.753249806777049,0.979570350105888,-0.00830619408149425,-0.146297563004791,-0.052060640423089,0.187161845109266,1.01863668906984,0.120706227361145,0.127165319881541,-0.906194243743755
1986-07-01,-1.80554846487077,-1.77081310920454,-1.05952248391254,-0.511194568788255,-0.405698457083517,-0.33625347742371,1.86741469029134,1.60075678579913,0.720590231776285,1.06554842791131,-0.193770491803278,-1.77820994182972,-2.92231858511076,-0.727775023503142,-0.938756610259119,0.658831416357941,-0.140134001886795,0.514808745213846,-0.49056264235597,0.262645291777988,0.443649906700597,1.68114521417457,0.131022112435565,-1.30469803012876
1986-10-01,-2.45449851027665,-2.52499701517917,-2.03129027678273,-1.49666562092577,-1.3893165013136,-1.31815270683659,0.549501088210988,0.73170084968416,-0.633957688805353,-0.431938923896993,-1.17251366120219,-2.90241406663141,-3.2172912627064,-1.05076991156942,-0.877126062726319,0.694085928283528,-0.0264248983415427,0.601153299038357,-0.515655359894564,-0.0280889081989482,0.622401743572972,0.774082186974746,1.31413206457084,-2.29704447993498
1987-01-01,-0.200621666792642,-0.300814379306203,0.157001567590072,0.765874952595823,0.891405049916017,0.97498336967169,2.47276081520471,2.77052547210742,2.33321218651245,1.52449575914432,1.09836065573769,-0.960774722369123,-0.645115459192681,0.993491098184379,1.3768395842655,2.20288797136263,0.294131959372472,0.326587355430766,0.757572008808116,-0.0176303050074705,-0.152540021634289,0.828932422230144,0.899547467870915,0.47661758707477
1987-04-01,0.487322382733254,0.388795840505637,0.841849709730496,1.48477593643845,1.61858529852626,1.7078145008531,2.67055233712109,3.12502162958683,2.99596507658582,1.6427385170672,1.8331693989071,-0.414799048122688,0.232226335272344,1.43273235060815,1.78423437944916,1.93819623825422,-0.400809634835534,-0.392883753055001,0.535197494063267,0.602893099710742,0.101424175934201,-0.11246498160942,0.821435107159474,1.26169125403837
1987-07-01,0.306634708140578,0.206194875185474,0.650598537469989,1.33833022851815,1.48305088145867,1.57972871816966,2.488820265577,3.23756125257424,3.22651981208551,2.13952755074543,1.66415300546448,-0.729029613960876,0.263940302015399,1.00102550825547,1.49298315909367,0.922987676104526,-0.168721102968819,-1.32109794198105,-0.0881994947237544,0.380977702012065,0.57518463917192,0.277562003180311,-0.117175969100111,1.7976998465622
1987-10-01,1.27584594569907,1.21565418183593,1.69786393187745,2.37070414401057,2.51150469759007,2.60548754214648,2.32075731660515,3.73211237588451,4.2584218502785,3.24474948115177,2.70628415300547,0.34102326811211,1.22284270521183,1.74104768934721,1.8700909673351,0.914310185562314,0.0255582098058192,-0.637160370650494,0.090371176078971,-0.542568552287235,0.237012144458532,0.240047045395097,0.403270140103663,2.55991047476022
1988-01-01,1.86159447836422,1.86005426905689,2.45975489577327,3.1908470603468,3.34277440542833,3.44408508077065,1.5612758750696,5.03849361667578,5.21674316417327,4.80368979504355,3.52628415300546,1.02103120042304,1.85327810094601,1.90601772283915,1.87132601797988,0.336678454962723,-0.244513131119015,-0.52833454818338,0.396488476898732,-0.894306995149295,-0.86443195520585,-0.0453612082310045,0.474085737027144,3.75141353232982
1988-04-01,2.44876182155804,2.53030302230289,3.29062614008993,4.06242169384619,4.22037036000982,4.32545215989663,2.00092159104675,5.55481153251276,5.92851744112846,5.88943846857575,4.41224043715849,1.83828926493918,2.34904518479348,2.10279320171571,1.66560041492089,-0.135997505050668,-0.11710904464657,-0.991713605990915,0.593794213743342,-0.149281425540514,-1.39267644268578,-1.21146755492742,0.0576824191593494,4.61753288017134
1988-07-01,2.94317048632725,3.12356950586977,4.10704677492295,4.96056536273299,5.13247531615662,5.24656421189236,3.09231139009086,7.0242048261396,7.13444891746873,6.83929007637806,5.32065573770493,2.60561078794288,2.7160608731418,2.1562608334802,1.31352433592326,-0.613385257766083,-0.0846650149006369,-0.870931242903892,1.35444507640327,-0.0829076891720787,-0.708814972522471,-2.0769719033086,-0.700703568345511,5.83176228338581
1988-10-01,3.75306523225979,4.06247099363262,5.33067409377863,6.25120392720346,6.43212018939059,6.55171363676487,3.73343153294262,5.81134567800166,8.18705895014502,7.6957529362361,6.66546448087432,3.82411951348492,3.24474528468184,2.54841298695574,0.98433673676935,-0.632848064041525,-0.0617427774871998,-0.848868473467452,2.14261976236847,-0.0740960740491032,-0.571946090730519,-0.851294898225017,-0.0922011606861833,6.66357358167504
1989-01-01,2.31734018463388,2.70227230550519,4.17357402644861,5.17385402577659,5.3684244450998,5.49682658646357,3.69702123462689,4.14439996619473,7.51058509980059,7.52776147698157,5.63404371584701,2.58521152829189,1.69416299430051,0.871980947764243,-0.857075011186566,-1.97709836743525,-0.189046399634905,-0.563346001062021,0.537389118190213,0.22434058068837,-0.423973046379959,-1.13237147840373,-1.21251392746836,5.40671183883542
1989-04-01,3.03621872214045,3.51524680685402,5.26348094254818,6.392754007371,6.61053113483375,6.75404346218919,5.17024239032851,3.48897570785763,7.86990692187902,9.62719593971984,6.9237704918033,3.50441565309359,2.30393677654388,1.18188164698277,-0.63707063824593,-1.41920222647099,0.177558747686319,-0.649875717209965,1.80695277489823,0.334566611338809,0.873931830887062,-0.828731887823851,-0.482303093904781,6.42518650877187
1989-07-01,2.10341706790662,2.63774331524988,4.61153413534785,5.89180218330736,6.1389132356495,6.30178152111431,6.04423786256963,1.6826770084531,6.17316055332161,9.71632750778639,6.45661202185794,2.64367794817557,1.35424878077445,-0.0486197411716489,-1.56070226375945,-2.02473705575697,-0.064716772718886,-0.0153922151685947,0.941343835092703,1.07402021112208,0.0750518166635493,-0.227784519625632,-0.465647107003962,6.44422075388644
1989-10-01,2.67076562411742,3.27949478474902,5.49698470506952,6.88004750047902,7.14482170124313,7.31908807964416,6.90999405785647,0.897655093615754,4.30159349368148,9.4269970379021,7.51065573770492,3.4258989952406,1.71946765379872,0.302126300017605,-1.29724672537931,-1.16584006223847,0.206297112721931,-0.470900811061159,1.27132573868504,0.323256503078909,1.2336254423301,-0.362231838412704,0.550002216149547,7.1149495608359
1990-01-01,2.42459567104373,3.09182189781565,5.55090600240766,7.07115756470452,7.3614603027055,7.55244418320639,8.63956414432145,2.43333653040919,3.81167616989032,9.53309543678591,7.77377049180329,3.28785034373347,1.35892590633999,-0.190308625653699,-1.58886715413092,-1.02571912839483,0.276218367201646,-0.192345745768932,1.69669168381027,0.860680450987692,0.855890340620631,0.763649454668014,0.821703077516867,7.17245901222154
1990-04-01,2.01352007795604,2.71911837159605,5.39129155528359,7.0545320904034,7.37225385047002,7.58128535910441,7.68542443455351,2.66394345913618,1.96445647335734,8.95361221768691,7.83021857923498,2.9028476996298,0.888016922263375,-0.814327736647286,-1.77892298539645,-0.934604503112126,0.249097090994086,-0.0893350369985301,1.27894508050659,1.11832235478608,1.03267653897354,0.0335071222404738,1.47887895449577,7.07501320069511
1990-07-01,1.39945795319011,2.11447236487466,4.96127894840471,6.79073520575228,7.14205482594357,7.37339406055567,7.9148440755112,3.2004363222898,-0.212849867710275,8.49190109960793,7.592131147541,2.22720518244314,0.271676361713403,-1.57379197514544,-1.85770237562538,-0.939744615181596,0.215490634405661,-0.00531344958252338,1.62088571230309,0.967491970411085,1.32563142770322,0.50856814278357,1.00875631754095,7.59268584042951
1990-10-01,2.71739859700276,3.48805314218927,6.57052847618623,8.51245042356378,8.88348951107301,9.12759812853984,11.1002885625696,4.94876693961689,-0.543532103770872,5.39693129788013,9.37825136612024,3.73587519830777,1.30158881250371,-0.371349117163192,-0.708001006793268,0.539864210022756,0.804764157925173,-0.228095326588723,2.1631949128278,1.50583719889312,2.52165472092258,1.59473906964338,5.08038767998459,9.08741767366548
1991-01-01,1.87121783473407,2.66357852816711,5.92126012225037,7.97584333278274,8.36794847031945,8.62585761899285,6.89595957356228,5.94229480360863,0.622026441730696,4.07860321995733,8.90366120218582,2.94715230037016,0.255844644221185,-1.19990066249488,-1.35505033966561,0.251120447395692,0.776191676211673,0.181665995621458,1.17147720935502,2.28018056707566,4.26978083479805,3.81277309298739,4.07816883378137,8.40824340028109
1991-04-01,1.07278650185464,1.85504423526288,5.2202348666718,7.37403649817826,7.78561642641429,8.05638722811794,4.00782938468238,7.20356243215986,0.5002784112759,2.18972068705412,8.36147540983609,2.09138022210469,-0.667469299018734,-1.85950426728951,-1.65800934588944,0.256461943551244,0.0978925398498551,0.0589489320072621,1.5740629351511,1.58601883111504,5.30287602016952,2.67383212436638,1.60243861552499,7.64904071380751
1991-07-01,0.569923221079193,1.31887817490767,4.75153107060808,7.0175301971851,7.45251334480805,7.73889311127304,2.24387493873147,7.35593298258725,0.974457962986492,0.770363544785738,8.04098360655738,1.43359333685879,-1.21659204418592,-2.18870765761798,-1.47385734043849,0.524839446974994,0.117850523608598,-0.0276235074283987,2.08830779378019,2.85340165269647,4.27049939433935,2.56645184628916,1.90359268039778,7.59600478240627
1991-10-01,0.635489243303255,1.35368493320414,4.82560777511233,7.15419439904271,7.60180616625912,7.89655904634135,-0.324447992618502,9.52286746089027,2.49396163622788,-1.62198397599613,8.23245901639346,1.39414595452141,-1.27334743521945,-1.86786257271285,-0.911322509457733,1.21268011261122,0.344509489108815,-0.0510155206655924,1.44689082368966,2.57821739179381,4.1897828241917,2.25222331791918,2.02138634678619,7.41410761477854
1992-01-01,-0.206245148055444,0.448242857898919,3.89236506105996,6.288425954421,6.75139722856312,7.05652202249772,-3.47993899421482,6.26533905158246,3.73664035635099,-0.097927225504975,7.40743169398907,0.291708090957144,-2.08922263352724,-2.41852690375464,-0.917686409307265,1.0415220121628,0.186448013289455,0.227228941092305,1.20059228377496,1.24514710014868,3.69611842832772,2.80723775861603,1.48106215298365,6.52178573294894
1992-04-01,-0.394996570200306,0.187636789025333,3.57364685563758,6.02886026363078,6.50607523865236,6.82089189881398,-2.95323408490108,7.00094354420071,6.01064500009366,2.70912640165767,7.18000000000001,-0.198688524590182,-2.20237734296961,-2.33666012985486,-0.246638937477144,1.24002662747995,0.12638597077204,0.10857114347647,2.19326140500881,1.07453492174502,1.70932808102277,2.62509374386089,1.89334878189336,6.31823758702902
1992-07-01,-1.7364204117259,-1.27115861284895,1.93151447175015,4.39991556413277,4.88377077382624,5.20340849557633,-5.46060114634844,7.29248441659125,5.2541678324118,4.46599677991166,5.53601092896174,-1.94719460602857,-3.38578529878373,-3.20355136171338,-0.356589055444829,0.538632718748744,-0.244253053559502,0.178634025264057,0.821730147729871,1.4768933631523,1.19828066961863,1.23380132440569,2.01134207212919,5.14261255872751
1992-10-01,-0.611103957040314,-0.222760269564503,2.85601222301187,5.33176226002246,5.81972679668635,6.14236409867837,-4.97042993282983,2.85513964306034,8.19606062999358,4.11571031831448,6.43841530054645,-1.05536224219992,-2.24603678241965,-1.71101067189613,1.35020949436608,1.50635560312665,0.483056423880999,-0.45136395473013,0.899829500031279,0.22785033384018,1.78544905060366,0.948305165237209,1.10953165014933,6.63268090080456
1993-01-01,0.463030462924991,0.818268775035563,3.82187658657739,6.26234585188081,6.74359223036083,7.06180504478991,-3.60377425447729,1.36045511703765,5.67028989282414,5.27381876132469,7.36420765027324,-0.0115018508725768,-1.34917327692577,-0.26932068570423,2.31960114713428,2.01865015118864,1.67339565538873,0.0438862216278073,1.98539925333164,0.817991374455283,1.65794234727667,-0.0908737873871373,0.515676297370986,7.41009479602027
1993-04-01,-0.44747901122588,-0.15208826178187,2.69812724536473,5.07046544236636,5.53930913113459,5.8494237225207,-5.50205041289286,-0.956188932184119,6.85436628556928,5.16552422674457,6.17295081967214,-1.0530671602327,-2.3463329220283,-0.656530568776077,1.52379886506941,1.01764867998219,0.28751095434739,0.77110566253679,1.68468393371276,2.38832910282042,1.35740473375428,-0.218349998426269,0.0230368797374104,5.80442009327004
1993-07-01,-1.48602347395823,-1.28594998119405,1.33961134229688,3.65747943982936,4.11886317579692,4.42439534919382,-5.39038468798773,-5.12513780741841,7.73335383766724,6.50509392010861,4.72928961748636,-2.39368323638288,-3.28554321640516,-1.12326333803401,0.94861693039914,0.173633235705125,-0.367456379749561,0.117816712522203,2.42594150940021,1.45940404512154,3.04877821426047,0.634110031564246,-0.0943475422931574,4.58126259624467
1993-10-01,-3.16204312332275,-3.10679975643876,-0.87438288292725,1.28292270821893,1.71639484431427,2.00386659681411,-7.20896931270784,-9.03064058691979,-1.27615913997434,8.39457644193784,2.30786885245902,-4.45492860920149,-4.81302661731004,-1.89756522122337,0.0376365781231414,-0.620013474758849,-0.816293958794612,0.149773448304693,-0.353649847658986,1.7506662457725,1.26018632040092,2.41630286160167,1.24235512689439,1.93563224726256
1994-01-01,-3.23266470540082,-3.32337706366789,-1.49427477083591,0.519337090995634,0.929273943735524,1.20169790232657,-8.47654912712505,-8.29759648678086,-4.35480073595818,6.38098781525474,1.48087431693989,-4.97456372289795,-4.61652506022679,-1.20831974557851,0.626261949314596,-0.180803536318763,-0.67707503731937,-0.147436905720227,-1.362053192401,-0.103519492402823,2.17820592275611,1.57842812155101,2.10032255702174,1.27739703556355
1994-04-01,-4.09603828821437,-4.35421501457739,-3.02686972565692,-1.22632912669579,-0.853437915185367,-0.604978502907727,-9.15716349900876,-11.691791050856,-6.58435452940722,-0.859429479325712,-0.341038251366115,-6.32011898466422,-5.16099535812913,-1.20248068335391,0.46997111825246,-0.365464277481578,-0.680519993711676,-0.196589054744476,-2.8577845542515,-1.62885914629253,0.147582718132815,3.3458627737324,1.51387441382764,-0.639781216297706
1994-07-01,-4.69523065052249,-5.13650841423063,-4.36628904176405,-2.78843318743344,-2.45324972770723,-2.22905526899879,-8.26022551599723,-11.7211851202604,-9.79050758587067,-3.24507092293825,-2.0169945355191,-7.47177154944475,-5.31637228979375,-0.983437995769464,0.634649452873987,-0.39823217941904,-1.22309662123005,-0.299092920765856,-4.22433363700334,-3.75973926616142,-2.25309120432283,2.21981772308754,3.76787066321312,-1.87706716195945
1994-10-01,-3.30985464784479,-3.87629086091079,-3.58619634550789,-2.25659363004701,-1.96650271360699,-1.77170863616323,-7.29085277368864,-9.30393913923083,-9.40238727693676,-3.67626603868035,-1.5703825136612,-6.44176890534109,-3.59382689934779,0.970760620482963,2.02070994182969,0.741147761325976,-0.247943336569867,-0.750374294766742,-1.27508287370453,-2.62353652830614,-2.42309127743949,-0.178077299796148,0.826642243175668,-1.67174743776968
1995-01-01,-3.64805292177414,-4.34494525494509,-4.54806686331429,-3.44417704966756,-3.19342656290036,-3.02408193562559,-7.64230643541478,-9.8880204676139,-8.21208825013798,-7.12555778209841,-2.87497267759562,-7.20533580116341,-3.44150420118692,1.06063058199655,1.81618511776429,0.105818799238563,-0.108925164979534,-0.151169824036698,-2.76599543049611,-1.47453528487411,-3.79413575347828,-1.57329595560681,-0.981209683296714,-2.55448999037677
1995-04-01,-2.87704261597554,-3.66591636893952,-4.31919582000836,-3.47067792179212,-3.26688057038524,-3.12820971636316,-5.83975783011553,-7.57874761652025,-8.94684438788664,-7.48653482275097,-3.01081967213113,-6.70093072448441,-2.25898936482756,2.11561269757328,2.28700651873243,0.240547854886785,-0.375810874545211,-0.0950475536739066,-0.90223885618459,-2.53438053530727,-1.51545978398047,-1.75745823283232,-1.50760171892262,-2.64536040509856
1995-07-01,-2.99612043316014,-3.87211038363176,-4.9749133194079,-4.37944492813963,-4.22189976692772,-4.11340980289157,-5.5367409864069,-7.22719517806487,-8.26352222605928,-8.11438569823667,-4.0546994535519,-7.07178476996299,-1.91083494917444,2.19230492390855,1.90243079567182,-0.447450880689416,-0.327235898618606,-0.305043849017605,-0.481458808454438,-0.980768172828327,-2.71759168929179,-0.868776080679669,-2.75152411445748,-3.24297097368836
1995-10-01,-3.82334545353064,-4.80136032748314,-6.43410130203415,-6.16954226208279,-6.0742401600387,-6.00657772050687,-4.55307483415504,-8.74929171007051,-7.74764900262818,-8.55351436205751,-6.00207650273222,-8.10194870438923,-2.30236911686936,1.72985358276043,0.927832241793141,-1.29234237921841,-1.19099231948519,-0.235085025547406,-2.3969899075318,-0.742493847975773,-1.77790443030143,-2.19386148336641,-2.65578755205927,-4.95768505059473
1996-01-01,-3.75953151715569,-4.82732460156808,-6.9868588114943,-7.07662253742595,-7.04890664016136,-7.02568328767967,-6.51545638078787,-7.82493758382736,-7.42731408682923,-7.5972552157948,-7.07005464480872,-8.17566895822318,-1.81866737176097,2.09795577736644,0.7054087682545,-1.2216499969488,-1.5299691152568,-1.02693699764992,-2.08622009920313,-2.88324481235199,-1.27129878379955,-0.75243202676499,-3.92556608964142,-5.9231969020716
1996-04-01,-3.14490654912552,-4.27318516692279,-6.90041398630675,-7.33080488493331,-7.36876069760154,-7.38879303246617,-8.74073959598587,-6.25098762897474,-5.6868160998377,-5.64824352948375,-7.47945355191257,-7.61870967741936,-0.79271520065808,2.81924209706797,0.787571848431867,-0.831747294878625,-0.779033095148196,-1.19761375036966,-3.36307337657923,-2.83712570935079,-4.92402748413682,-0.0397448142023114,-1.66903264367865,-6.25447553578263
1996-07-01,-3.22304380419561,-4.4063927670808,-7.49096158765525,-8.25914913601784,-8.36229588935376,-8.42527296819557,-9.49464443510269,-6.07145682607279,-5.7531320353533,-5.38681566074675,-8.57808743169397,-7.7282945531465,-0.43769669193253,2.77468399289026,0.217127283081851,-0.979225065763842,-0.859677107644323,-0.730835496057746,-5.20755661352304,-5.4149982294065,-5.35016035218411,-2.73718305246281,-1.08356773525147,-7.03919587782437
1996-10-01,-1.69413048296437,-2.87121403837716,-6.28451891070091,-7.37312205831657,-7.54037133093587,-7.64582554596527,-4.91307650026062,-4.87232005173598,-3.82488578944393,-3.17036940553874,-7.82732240437159,-6.03327604442097,1.40199541688699,4.05730709060458,0.702622086401192,0.000256164489968569,-0.365315437763876,-0.910017295641953,-1.81382865414001,-4.50645769661735,-5.84388150309961,-2.83807761399575,-3.50737030275581,-6.46415366008875
1997-01-01,-0.594324125037332,-1.72305379742278,-5.33704563069372,-6.67462154901853,-6.89246031985178,-7.03151367850384,-0.0900985095512681,-2.56414309573194,-1.43325127864432,-1.93410184769058,-7.24398907103824,-4.70252511898468,2.83102297432282,4.57954822551264,0.612649951185773,0.260911893720419,0.604063551619972,-0.433970066839527,-0.940874306220756,-1.77258664272998,-4.66594014396116,-3.55287957821575,-2.56780718510367,-5.90295228365005
1997-04-01,-0.101630926636375,-1.15959375914056,-4.90233564043106,-6.45844415314053,-6.7216089889312,-6.89086036044196,0.230291139307838,-1.4911630252675,-0.0623494712968977,-0.931138736948895,-7.12562841530055,-3.92344262295086,3.6450672777484,4.32908532375578,-0.0021412154741256,-0.000751408494039651,0.25128572729625,0.630710677415495,-0.354601732991514,-0.912206690276562,-2.01624366211457,-3.6322547639129,-4.17772568220772,-5.88899843564468
1997-07-01,-0.345546074080886,-1.33891918169354,-5.18718660996035,-6.92563722045514,-7.22646161147458,-7.42078316790602,0.841369390657064,-0.118147608844652,-1.10285837200351,-0.666218774732016,-7.71273224043716,-3.89992596509785,3.76178153828074,3.2829512236324,-0.956824177276985,-0.666931593988124,-0.395718547327247,0.246280169680682,1.05184441987536,-0.393999430891324,-0.973712283126663,-1.53303127250065,-4.54155275339447,-5.99727350483772
1997-10-01,-0.212329479110565,-1.13026035679474,-5.06829420522791,-7.02688328672326,-7.3746548056219,-7.60039254573121,1.10110585500988,-1.39277166914232,-0.852389938577858,0.152919280970224,-7.92147540983603,-3.36827604442095,4.10410599917741,2.68398701451319,-1.49074528129196,-0.676482325184622,-0.690971547374926,-0.402316971033538,0.167652999031213,1.13726026462182,-0.518918425467268,-0.600652644209727,-2.14146403786286,-6.22826624454754
1998-01-01,-0.101290004353189,-0.940181373845633,-4.92620528279318,-7.07486105509807,-7.46381840570623,-7.71718175274418,-1.18922826599373,-2.7539309276755,0.0507122298321008,0.142210720018056,-8.07579234972678,-2.84216816499207,4.39993536635524,2.00139788618603,-1.8388619167718,-0.623614362567963,-0.424537119449495,-0.769281031757045,-0.905070521032927,0.181801094275433,1.44122558652222,-0.526988113502276,-1.15861575059446,-6.22950830356677
1998-04-01,-0.169908883463336,-0.931147219021852,-4.95266236535358,-7.2977213164375,-7.72986430249856,-8.0122610141346,-1.43292743047812,-1.94021677578993,0.0691769752799871,0.0482820482373256,-8.39267759562844,-2.45729508196723,4.44198013984368,1.1798175935719,-2.16661437782216,-0.575355013288771,-0.532729417101786,-0.495573222746372,-1.58471760284118,-0.974949634568233,-0.016558973947431,1.64840961656634,-0.88124170008477,-6.6438222179097
1998-07-01,-0.381293979366433,-1.07585538148348,-5.11448677944682,-7.61858601752826,-8.0859589050875,-8.39206512193087,-2.45790705011783,-0.087529670063077,0.391950529440066,-0.0297191664581362,-8.82426229508198,-2.24530936012692,4.33773429696221,0.211344489981798,-2.31284597079286,-0.605525439328318,-0.739001219147307,-0.615582865723298,-1.16468242492488,-2.26653997967218,-2.2467306469921,0.160965250169796,1.84137645951165,-6.65832952698926
1998-10-01,-0.621012357918232,-1.2556623861899,-5.33210445253371,-8.04026871180807,-8.55305598405039,-8.88975514330298,-1.51733463965127,1.7984083019446,-0.812992841409567,-0.295168611986384,-9.34437158469945,-1.98569011105235,4.05096186614959,-0.600070325812283,-2.37858118415173,-0.45527285963226,-0.951916450945446,-0.905822115124181,-1.62213844514563,-2.0345804913406,-3.83519237131261,-1.28168376633811,0.0464464384079326,-7.28770376736185
1999-01-01,-0.07962570948132,-0.641524599218656,-4.68147590407338,-7.53506373516322,-8.0816758745139,-8.44130089607381,1.12495425624114,1.59612966460134,-1.09516048454657,0.12802807604011,-8.93262295081968,-0.928484928609208,4.49691873788119,-0.731217499559307,-1.66540525973238,0.0975602126808326,-0.542567493730786,-1.20457287551893,-1.87532299415084,-2.48517982997986,-2.88636930988763,-2.65335680512958,-1.868540467996,-6.66969367347974
1999-04-01,2.19396673526606,1.77831520592017,-2.02246280797337,-4.94347040214984,-5.51081070041974,-5.88494775507704,4.24839257073377,3.5216591198503,1.91264377265867,2.46558918138513,-6.3907650273224,2.07735589635112,6.45341324402139,0.590769140372572,0.112829190904222,1.39018156178381,0.789142154234055,-0.545788270213203,-0.796233102148758,-1.61105500884844,-1.93690275752472,-2.40081243336916,-2.0248501327113,-4.13523278615696
1999-07-01,2.84313801421854,2.59089206418776,-0.880679826854191,-3.80749874187578,-4.38373575135913,-4.76459602773343,4.18152318772295,3.83855185422297,3.16932630642441,2.82857948110504,-5.29879781420766,3.51418032786884,6.67248957048007,0.303174393325122,0.246614733759117,1.01936548292176,1.96516343885238,1.03939664920963,0.153895246820576,-0.589073756198658,-1.050561839014,-1.90034016248861,-1.57270166922872,-2.73932158893982
1999-10-01,3.77898092911818,3.72029990029321,0.664727230623782,-2.25964993922517,-2.84523449717577,-3.23334661041801,4.93788825702833,3.79568294942652,3.78418793510994,4.6732549566,-3.74442622950818,5.37983342147012,6.94833421470125,0.413334545214212,0.38822595899606,0.977627840716451,1.1086093705303,3.09557087910147,2.10225371345257,0.419656844097819,-0.74437525255889,-1.9807354861633,-0.131458060435402,-1.64545407091816
2000-01-01,3.00308471239384,3.10268889921608,0.446835191134397,-2.42871113308746,-3.0129330618374,-3.40104727191425,2.80643717583726,3.37112939459354,2.71754066590196,4.33063685107552,-3.89743169398906,5.37939714436807,5.55922204594867,-0.977048445854592,-0.670149442704314,-0.13778142754461,0.94819168143987,1.31785550719591,3.05792700120861,2.25658718362814,0.572677051107464,-0.842323083917,-0.587556181408436,-2.03104882372043
2000-04-01,3.67466581443244,3.94605770461911,1.77016427235569,-0.999423655259278,-1.57126907447008,-1.95213053937997,3.23766794904924,4.55170139471281,2.95899665584963,4.96052798710599,-2.40923497267758,6.82243257535697,5.54336565015572,-0.910723125624259,-0.380570719603014,0.0858459690979885,0.252800884067686,1.19937323006307,1.88126364854629,3.56202722478024,4.44590799719441,-0.386405389624473,0.499180553794116,-1.03497656165783
2000-07-01,4.5284592227751,4.98704289917305,3.4040535275287,0.849985695171569,0.312901457563243,-0.045817414653385,4.93508687417901,6.1596287973523,4.14182496914529,5.69347286703288,-0.479234972677602,8.40096509783183,5.70020917797757,-0.757663310123945,0.0328420554854745,0.234574714572517,1.67764760284459,0.7180450631863,2.10274821143193,3.85835341382006,8.30420423095734,2.24773501377654,2.35143490616688,0.83896693213012
2000-10-01,4.07078558635655,4.69282033882379,3.67606951340468,1.33309762786331,0.830031931327824,0.492973381822196,6.41114485655871,6.06859254144905,4.75807595681744,4.5116056025779,0.105846994535511,8.61804071919622,4.46830601092898,-1.61617640578174,-0.66481303136311,-0.356724718301393,1.38529006808641,1.9787492205171,1.91371118008242,3.98132723106357,4.72182450936988,4.53974026479878,6.31562763982817,1.03227854024672
2001-01-01,4.17320859344116,4.94919993354637,4.52924739371656,2.45144984021238,1.99390065487086,1.68619568366682,7.95648079896824,5.70057301527365,5.35065165775839,6.68878842442791,1.34999999999999,9.30795875198311,3.79181973088902,-1.82190713320404,-0.740748027091854,-0.266354848879615,0.676870799269117,2.88549870729122,4.96104639445051,2.68499088277878,5.73417941807516,4.19055621346248,11.6548770759829,1.92563483494189
2001-04-01,4.48152281098351,5.40964554505777,5.62282564242062,3.85261660637175,3.44928593430285,3.17672465090206,9.46463474476312,6.11253963065917,8.20966382104231,6.59602896584852,2.91699453551911,10.1389053410894,3.30200364298724,-1.75455373406194,-0.655763688321173,0.0599125411868897,2.03090508077138,2.41651243098282,5.10476737642864,7.18032329070937,5.67880895489778,4.76614820102178,11.7400280569677,2.84910085595365
2001-07-01,3.66803343960268,4.70684235108558,5.50399768191656,4.07170400862671,3.73050050085695,3.49852075832348,9.55325638936964,6.43482472655589,6.76333713047038,6.41303759647639,3.32464480874316,9.63459545214175,1.81182208120336,-2.64520462424346,-1.27114199853557,-0.320885520481738,1.77501618145369,3.216643075679,3.30848596603402,6.04457465652477,9.10755352219983,3.64832036486007,9.20614150593213,2.55520363418191
2001-10-01,3.09467769901451,4.20786509728978,5.56344121271761,4.53391253015261,4.27025720716188,4.08934466555303,9.7635767960536,7.88810730531736,5.05252041190008,9.91077095431481,3.9628961748634,9.15826017979907,0.71212762206946,-3.24390589194428,-1.29002705121422,-0.392226835279359,0.822468103130943,2.57971178639658,4.15284712099098,3.97133438671846,7.59013687989856,5.22029852375874,10.7495797966762,3.20544709561705
2002-01-01,2.1678241885885,3.31495545518919,5.12673608307625,4.45132708305746,4.25624282747245,4.12052301321069,9.07764701112478,8.79016510721416,3.13208391354459,6.87965875711495,4.05420765027321,8.24281597038603,-0.759829602209294,-3.87608389887771,-1.47878935646582,-0.427193089059017,0.772937258209816,1.11538351803618,3.27305508042073,4.59196285210994,4.6696949099415,5.23574040796475,13.7568481040072,3.04428657711239
2002-04-01,0.978729683327856,2.10954759291258,4.25728297447583,3.89825441063607,3.76576712966116,3.67144568269526,8.25367133147779,10.9347457223893,3.44460658693143,8.34419823058843,3.67464480874315,6.89829190904285,-2.41502320935427,-4.50254898936481,-1.64521351136963,-0.390335801163502,-0.00908095509750543,0.903478282615669,1.33332085906896,3.13470747990179,5.61054756412228,2.86398923710017,10.5555406604983,2.22616095859715
2002-07-01,-0.313973560273467,0.745491252116864,3.10653473437253,3.05002679223867,2.97982541929647,2.92695937731949,7.64169498120634,8.51492855175619,3.19781231161792,5.76870953781906,2.97857923497267,5.23234267583291,-4.01519595745933,-5.04744642017744,-1.57309756742464,-0.295130993301626,-0.706830246626031,-0.046039843407304,0.852803329575328,1.59437738871509,3.48182686428621,3.83445539200217,4.10233073414253,1.40641991099795
2002-10-01,-0.54089037751578,0.432056170755459,2.95099370483868,3.17789122176583,3.16699534084196,3.15370008977439,9.4341019733875,7.19799844864818,5.94857051087115,4.17569529989825,3.25349726775954,4.56166314119514,-4.50182149362479,-4.47499540954226,-0.581317017857856,0.520185824553636,-0.528474020007294,-0.648106275208225,-0.0631535195193106,1.02410662659681,1.57600195516227,2.76921521718658,5.53558850507542,1.53665410034455
2003-01-01,-0.310505116651001,0.578035594572782,3.24065430585134,3.75165649464321,3.80076712917489,3.82757010711552,10.8539196107409,7.08608210757518,8.70820158554307,6.67209025350232,3.97207650273222,4.31178212585934,-4.48315999764969,-3.49755548945294,0.588353740389692,1.27220476718358,0.568007764423746,-0.50987379161539,-0.52211592654692,0.132853861932613,1.13411221748946,0.921234965184231,5.45703748540031,2.1690605041774
2003-04-01,-0.59900496977312,0.192829706790974,2.94203280233921,3.71346639231302,3.81866853233004,3.88306412852316,10.6942979899168,7.24342848829741,11.2774318747058,8.30196902871543,4.06633879781418,3.48627974616608,-4.91835595510901,-2.98855855955105,1.13238981206524,1.33626705955351,0.856604932208235,0.731133712323455,-0.350097917505678,-0.379368444806973,0.215618528676332,0.771997596457077,2.57602691091429,2.23062628287337
2003-07-01,-1.53573633712412,-0.872683554379535,1.85210137424804,2.83574590087562,2.98872912324305,3.08535236626903,9.53356366440855,5.36570107118075,7.53875446809718,5.72213741748098,3.28983606557375,1.92164463246962,-5.91172219284329,-2.96193041600563,1.10665149696948,0.925210460481139,-0.0681034201514644,0.883245197950596,0.894645887205711,-0.207632145137252,-0.250213655542946,0.204771446675298,1.30397944336766,1.60690448413075
2003-10-01,-2.96922260801986,-2.47906347891532,0.0498836818933341,1.13670338907903,1.3165417420503,1.43161408085547,7.57386044129353,1.78083827376162,4.07912176846997,8.88356134312235,1.67781420765027,-0.228090957165506,-7.32966684294024,-3.14167107350607,0.709709911320857,0.458706914670216,-1.21551344614016,-0.188210617789354,0.756419119506446,0.778305267440764,-0.324814124458978,0.0749857859376891,0.117552050695336,-0.341854827164866
2004-01-01,-2.77032716501887,-2.44756800721109,-0.118836518666399,1.09652238757178,1.30956860697589,1.44744488345216,8.11109745695305,2.13647686808008,3.1422340383067,8.08887242615296,1.70382513661201,-0.818878900052852,-6.95720312591808,-1.89615209471765,1.69410014034094,1.02822075553601,-1.3208253977984,-1.19561507945172,-0.455706788123595,0.598489566233149,0.467272794520958,-0.128611919026516,-0.220888581004645,-0.129496214429537
2004-04-01,-1.4297231507517,-1.22297193904112,0.9708957714995,2.30617337471108,2.54933139432035,2.70781758885749,8.61211346961929,7.09880221005136,4.19754405959222,7.72713490610971,2.99781420765026,-0.134161819143287,-5.47092778659146,0.227068643868591,3.0817455660416,1.91310397429157,0.200179094781735,-1.12763248237081,-0.951689477122276,0.0241566086734553,0.306028072889284,0.0920432667922896,0.33308982330158,0.972627834669083
2004-07-01,-1.20577134734802,-1.10298419758035,0.962895758888635,2.43255930470812,2.7093719871593,2.89089203404376,7.63551516367775,10.4134151051475,2.84697114690286,5.6354170720987,3.19065573770493,-0.587702273929125,-4.97511722192843,1.05411103031904,3.20945592482613,1.45269682470314,1.02368449050453,0.395623916512335,-0.954310327499625,-0.684044690507713,-0.0382164213927831,0.163322339052634,0.540541580144858,1.35614166508833
2004-10-01,-1.07939111999099,-1.06739878994199,0.852231161302484,2.41794396385146,2.72031098298103,2.91945190512391,7.71234872890562,13.7701613480594,0.451896104968796,6.72891514163769,3.23267759562842,-1.08062665256477,-4.55030377813031,1.72624236147834,3.04154741081237,0.898872899971934,0.2372225133794,1.09760824694968,0.455929949522781,-0.958220827663516,-0.705606547558287,0.0705344392378365,0.84651803504385,1.45809474461441
2005-01-01,-1.35384158836342,-1.4337315668075,0.29823162912399,1.92443868873971,2.24540743002294,2.4575801761795,6.9720931188746,11.8447452322956,1.1413861456985,5.81895795213143,2.78060109289615,-1.97275251189848,-4.44664433868033,1.9602620600505,2.47727677663426,0.130605923470711,0.127983683266078,0.278880422789228,1.35118556285572,0.972402728873413,-0.907157170130268,-0.731754008791831,0.46956835909459,1.05559378254827
2005-04-01,0.455716557581923,0.351733854368291,2.03223752961375,3.75951893448445,4.10562294026226,4.33499572726009,9.13219311410228,14.5639704227061,8.0491503731763,5.97599427819213,4.67655737704916,-0.624685351665789,-2.26576532111173,3.84147423467888,3.36820953504454,0.652211165575608,0.0206978931607803,0.283397095090697,0.803857256038591,2.64049817321545,0.0115020103832743,-1.29632746817918,0.236457135597692,2.92582709269468
2005-07-01,0.293007272702084,0.165713957088798,1.78784317762171,3.61945894940962,3.99181789767073,4.23918655038079,9.05718059805702,14.2805323163699,9.49273995899256,4.74903358012958,4.56306010928961,-1.24782919090427,-1.9660614607204,3.65592921881424,2.44711167270069,-0.521663336112681,1.41370734018534,0.186237318594813,0.499561910478447,1.62136943622863,1.60778757221958,0.0603066299347861,-0.343804989367848,3.32859658314513
2005-10-01,0.956644391615072,0.838955909624445,2.43327455556215,4.32352582710556,4.71104266541187,4.96884204380731,9.79757150470749,14.8998894134765,11.7237675266289,3.91363072014869,5.298087431694,-0.865851401374925,-0.94447617368823,4.22358999500557,2.05469297888789,-0.795165231053716,0.365477241346582,1.60321793927796,0.698964118372545,1.7511853836101,0.708669727031339,2.10240735757704,0.525442544351617,4.1335211109662
2006-01-01,0.906270455245817,0.802573900313149,2.36761183943531,4.30270477463543,4.70232460870392,4.9684991398133,8.02493893163597,14.2897298943923,11.3079966905584,5.29795333678058,5.30136612021857,-1.16924907456371,-0.599583994359278,4.00778908866559,1.06227169181952,-1.45511020488385,0.916999069477621,0.40922971712762,2.24989857208449,2.1629189824952,0.738458398978807,0.39918091493657,2.83496747859765,4.20294080871798
2006-04-01,1.56527526517189,1.50188038668367,3.09765429496042,5.09342907413122,5.50749285910632,5.78350801400558,6.84327223846759,13.8003412055974,13.7689523400722,9.9079411643778,6.117868852459,-0.684405076679013,0.457451084082464,4.29245108408247,0.692883089940182,-1.46502366133768,0.691942880635328,1.03088367463348,1.21478274810048,5.01651677016023,0.618923275339628,0.500629463957978,2.19183106166921,5.13494488523224
2006-07-01,1.17778083557386,1.14536132416183,2.7472217136125,4.78428038234469,5.20887905374076,5.49213997094316,6.58247805259018,12.7584045553827,14.371499066857,9.77256819044146,5.81426229508196,-1.23415124272873,0.493737587402308,3.53058713790469,-0.438511166253107,-2.06635666246319,1.0858483044012,0.723144965346615,1.76032715197291,1.8913050883641,2.94804342450488,0.951312967711377,2.10482841087265,5.11226049551755
2006-10-01,1.3217463132861,1.329096925812,2.94446850644735,4.99614329309776,5.42492346383679,5.71110816798887,7.94214019150618,12.02436638892,12.6672814615771,11.4579231836582,6.03120218579235,-1.16926493918561,1.01106175450965,3.25455759004643,-0.995606364154099,-1.95946906907236,0.414249256412023,1.36296166258903,1.42343963905894,2.99754453640469,1.49118121937343,3.82348307085327,3.39769103460805,5.39904228955092
2007-01-01,1.08749297631925,1.12762916156029,2.74612579811139,4.80473037027417,5.23609939814617,5.52414541120612,9.68245904331005,11.6607157504596,10.7515292098716,12.9313615151798,5.83103825136612,-1.47552353252246,1.16708384746457,2.56227157882367,-1.67781266525654,-1.99046536224228,0.844718097938477,0.549886697655054,2.12178415093691,2.71057324471954,2.84825517675508,1.70005278393558,6.78061903939996,5.41779622666218
2007-04-01,2.15540316573498,2.26571588078164,3.97358287955393,6.04985732030548,6.48423615457838,6.7742374722894,8.55254804218981,11.8664962379403,8.23728752276605,13.490100494267,7.09054644808745,-0.345444209412989,2.53787179035194,2.94848588342444,-1.27131315339881,-1.10276013912045,1.09709040990345,0.919598521753354,1.80847233420937,4.19091526325989,2.95586205710356,3.02303977476186,6.12042934453185,6.5626335840519
2007-07-01,1.68139686149513,1.84326879706407,3.6272348145427,5.74107478043248,6.18323905066615,6.47844613556896,4.87086389167337,11.6069631249882,7.13791918175662,10.988559492823,6.76622950819672,-0.808479640401885,2.43020859039893,1.75753275750634,-1.93679804132947,-1.51336136761185,2.36924218350943,1.51593838544419,3.12913455720066,3.0888172633733,4.26788342698439,2.8566532272006,5.73714439782001,6.72638657778273
2007-10-01,0.705721577012866,0.88771616615702,2.66063832767162,4.74579598827779,5.18231156696444,5.47379420553008,5.4179710254918,8.29197503695931,5.2319793552011,10.2461831071574,5.71590163934425,-1.73559227921734,1.73271050002936,0.314393472001882,-2.71521422324375,-1.86489649012225,0.435605790868967,2.3968525303341,2.57279101451064,3.31466362456813,2.84297840544139,3.44343060245305,3.3447463148917,6.29325446773603
2008-01-01,0.390450235271686,0.58433998334965,2.29883216017839,4.28318864816501,4.69835504398918,4.97556342390786,5.16189359572729,5.24108806879514,5.75771899318116,5.29246742111593,5.19060109289617,-1.89448175568484,1.53069628062752,-0.269613740525273,-2.81291497172845,-1.32470943673874,-0.068832929532258,0.481125800638875,3.03006247415557,2.36659453625163,4.38929133884656,2.22493558861969,5.74412963279212,5.96554186592911
2008-04-01,1.96855327310945,2.22524602696063,4.01362705930211,5.94286422802705,6.34406273645641,6.61170249592851,8.10239505545599,5.66741238541127,6.47854878696353,3.66045815819777,6.81147540983605,-0.00415124272871026,3.08063811034725,0.796835889300212,-1.516141795143,0.346622174537401,1.22353514032593,0.307956629942179,1.99192373769444,6.56639092946267,3.44614561237089,3.31547820369633,6.81811220386369,7.67261589771718
2008-07-01,2.86652757063325,3.21494667128064,5.16124344221132,7.06410400489048,7.45586131442499,7.71680124215419,4.99959019626493,7.29987328535475,7.36404630484267,6.11402973656897,7.92262295081966,1.29295610787943,3.85487278923554,1.07511935190084,-1.08883806899081,1.05876813583853,2.99172411542323,1.14090212017826,4.2737071048057,4.74016226870496,7.9563640872367,1.48134027978983,4.80469998389637,8.59499795259038
2008-10-01,2.48063282953061,2.90356751360764,5.00391600545072,6.90776249019342,7.29628227092908,7.55471136021836,6.33883827650232,7.48672391258583,5.90250888313614,3.77300799620721,7.74999999999997,1.23867001586464,3.37543333920908,0.124636802984924,-1.59435824553557,0.751075607804154,1.90219674959645,3.583411647835,4.75106716703907,5.70637931241961,5.79731502340714,2.03666115546518,2.40988541273525,8.536541600313
2009-01-01,2.99628160958218,3.50872936433893,5.81176907014381,7.72935584155769,8.11627055491812,8.37317042033871,6.11978069933159,6.71893665288826,4.24354033848817,4.49082619598187,8.57650273224041,2.14771285034377,3.7026558552206,0.0650352179916922,-1.27592289386979,1.2066074031508,1.81137629525963,3.08589934549147,14.2226651226792,8.59477238335119,3.69926285104659,1.67821572622239,5.89831614126366,9.21760099106291
2009-04-01,3.34136620026476,3.95011377141174,6.50292110309081,8.47108737011001,8.86361859374571,9.12375950542221,6.86860119096823,5.67285130912265,5.60297094156161,5.41104989703041,9.34256830601092,2.87863828662086,3.83839473529582,-0.209189545507911,-1.05536554732953,1.3644891371404,2.88967825181553,2.55175881667735,12.4252091893135,10.5800147438542,5.51744566974322,2.00964341699391,3.73740714669198,9.79543812179392
2009-07-01,3.06242553289911,3.75139767017146,6.55600134588664,8.61032172377907,9.01643785440473,9.28519208837724,5.71181515685029,9.35049213544843,7.18494326144344,6.53295264457296,9.49278688524589,2.92143574828134,3.36805100182147,-1.04951377871785,-1.15784032664854,1.0046755379731,2.79854425781733,3.94232219195275,7.52002227703439,8.26538752631473,8.83915378082087,2.66691016660198,5.05032818210971,10.2253889017547
2009-10-01,2.69154850760103,3.44620716241678,6.46351041700018,8.56404954236473,8.97523309211911,9.2468927608306,6.62190720365643,10.4975844564677,7.78335305754709,5.69366058195558,9.46491803278687,2.89939714436807,2.69431693989068,-1.7478670897232,-1.23914692063627,0.814869252464149,1.86994602181543,2.96661958072094,9.3224641887203,6.25182118016709,6.51011992815807,11.1901222060865,9.32036782217209,10.0816851015565
2010-01-01,1.13544489320728,1.89732150941998,5.00842423083091,7.12788167699034,7.54039648201675,7.81266541738157,5.07158224683315,8.007533381819,5.99910154661691,3.46114450757207,8.02065573770489,1.54016922263352,0.885118984664189,-3.29978847170807,-1.94028917341254,0.0554291414116221,1.08850001043405,1.5082166283778,4.66341697481195,4.56910429572465,4.42537831039757,5.74957814758679,7.53094309259678,8.7944409698782
2010-04-01,-0.453488262929568,0.258665578583134,3.31574912485567,5.38073236012389,5.78092952558953,6.04486476752791,3.26631974435315,4.59528869730568,3.64685894514562,2.1341630762723,6.24748633879781,0.0453754627181411,-0.97236735413361,-4.47576734091308,-2.30619981287879,-0.185267656172044,-0.365361512524457,0.969331278519829,1.36175203295408,3.99011399796928,5.04950539559296,1.85514181835158,1.76616915226201,6.98972534943246
2010-07-01,-1.79354430671049,-1.18028159796793,1.69404873003205,3.64984542068549,4.02803387937718,4.27734184731611,0.299091652408407,3.55249258211416,4.35326408349567,1.61189366149912,4.48409836065574,-1.33158117398202,-2.54289676244198,-5.11333766672541,-2.17795712484235,0.0604612604913939,-0.723947862741774,-0.246591777532608,1.13160691772082,2.26256527861014,2.93799078435899,2.30462555684442,0.0973763350478459,4.9714572865675
2010-10-01,-1.62603870108171,-1.11179648228367,1.58535770432917,3.45913742006169,3.82154124250724,4.06043439951367,0.87675963104661,4.73637568715557,5.37343392985645,3.25168766374131,4.26661202185792,-1.2692860920148,-2.55292790410718,-4.32399083377399,-0.751812838140182,1.16702794275156,-0.560663427272421,-0.619469579454526,-0.317819795324356,0.80243723748277,1.39099931325474,1.88748538084744,1.81051772337327,4.62716525453044
2011-01-01,-2.09561520376172,-1.69831232907603,0.770318368956822,2.55338848952982,2.89929493699145,3.12741137021081,1.53607322833795,1.55100346697844,3.39362225413336,4.44096194688956,3.3248087431694,-1.92598889476466,-3.14276044420942,-4.10515104442092,0.0201434426229525,1.39621727921752,0.526032146331432,-0.581097214126357,-0.991150137275464,-0.296296673905289,0.556448801652915,0.959548124727672,1.24683519720047,3.67510544149067
2011-04-01,-0.745335517627495,-0.419251517508457,1.91370269721102,3.64045781399798,3.97583666359253,4.19704005360953,1.14993051190677,2.48089738913316,2.64104341724254,5.26709036829507,4.40393442622951,-0.680095187731325,-1.95697397026854,-2.30134500411302,1.96371781312286,2.43105795502368,0.138431097522851,0.141556156131463,0.470552928651051,-1.34839525391489,-0.448561500788229,0.0889956389541061,0.657672542099731,4.52660506374477
2011-07-01,0.11044409120845,0.393878554531028,2.66735467890271,4.39705031337678,4.73398205913878,4.95630982578598,-0.257655175469893,2.68673768132567,3.605148903584,5.00630861956927,5.1544262295082,0.0802062400846353,-1.22692167577415,-1.19219071332037,3.08432005857702,2.32555551600782,1.75381428230621,-0.251721342707227,1.91590446326668,-0.567060927337932,-1.43871004331842,-0.352109875142435,0.403403798669037,5.42762796599376
2011-10-01,0.152707090269104,0.399546242398088,2.60672816504754,4.32426870342803,4.65954671790593,4.88085399632206,0.255102446307745,2.46511344753293,4.9918929105439,5.15675829225853,5.07005464480872,0.0632152300370308,-1.34330924261124,-0.818951429284908,3.22837667290401,1.41943376350952,1.31593962233449,1.16552081554589,1.04925909881124,0.703205711704749,-0.648100192590612,-0.9340636493259,-0.0170263711729499,5.46572260812934
2012-01-01,0.662876549170988,0.894706910792706,3.06983322062746,4.77774708983162,5.11128590606211,5.3314545100034,2.14056783928004,1.82059175973728,3.10241944788882,6.1549045772658,5.51912568306011,0.579825489159191,-1.04109877196075,0.0172678330101803,3.50648593540251,0.855860164206632,0.802196557658096,0.983624204035112,2.93500735549317,-0.129767727507356,-0.342929396377018,-0.942943395847345,-1.41612870841436,5.92607985124673
2012-04-01,1.05596060644677,1.29009241143365,3.46368429706905,5.16824271493402,5.50088498101002,5.7204311409005,-0.142195303308654,1.18913651307852,3.40407523262695,5.96669073781837,5.92027322404371,1.01435483870969,-0.87426523297492,0.73114625565546,3.40715219867388,0.200644068056164,1.17717881201143,0.397033925987056,2.16793064443143,0.771877787991837,-0.984757009970671,-0.557546124514983,-1.17611887930038,6.14375358407381
2012-07-01,-0.172627765330674,0.0251885796989768,2.1032258568425,3.77778274778876,4.10561559373582,4.32209694104739,-3.31100493329564,0.167263713156416,1.528562745893,3.18951326521062,4.52650273224043,-0.300661025912206,-2.22222339737939,0.0452485090193306,2.02124461009643,-1.30464237650594,0.736885096639883,0.566054499537137,0.304361126406326,0.476411467830646,0.627129399462162,-1.06889178816323,-0.296443028622287,4.646987344915
2012-10-01,-0.831355608705593,-0.689833494163651,1.2358328580809,2.86048306441455,3.18033213016437,3.39173149385286,-3.925431756953,0.548181143943737,0.533253125896977,2.17673141537256,3.59945355191257,-1.11905076679005,-2.92957048005169,0.0369201333803346,1.2775034068259,-1.84054083784136,-0.32884368358177,0.457917616377021,0.535926790714842,0.389811303697032,0.745180511711717,0.196888543565176,-1.25447937857003,3.6087333274331
2013-01-01,-1.65933639879515,-1.59964813444586,0.0992150828484455,1.6444594204923,1.95136142185694,2.15448951590179,-5.95841165058411,-2.86181678318468,-1.87227873272494,0.258594334597632,2.36612021857925,-2.19611316763616,-3.7165509136847,-0.0311225688936076,0.476477698002753,-2.1205177188842,-0.128496693672491,-0.0954911566713253,0.781951935082286,0.827942054949147,0.218541054169599,0.281245230890217,-0.224478813424594,2.21274359458468
2013-04-01,-3.40362315206025,-3.48173125312772,-2.16317695864552,-0.759084157303363,-0.475692963920096,-0.287648293104922,-6.91340670900013,-6.63090566731344,-4.57035365108732,-2.45084385300095,-0.0754644808743024,-4.36060021152829,-5.26300605205947,-0.79264314883369,-0.8285335902859,-2.57361291339558,-0.35501005168523,-0.0386226502389476,-0.813517674979248,1.38678408321049,1.0425589399889,0.574866920402537,-0.0304219231352628,-0.433589275050792
2013-07-01,-3.2033676731709,-3.41077694231481,-2.46766592732146,-1.19758039762945,-0.935928143663034,-0.761751841974615,-5.54290449541139,-6.01335197236014,-4.77868617219454,-3.79327669096369,-0.543825136612014,-4.61907191961924,-4.76087666725425,0.192806569128578,-0.408185585567196,-1.44604386161171,-1.2357370454978,-0.41999398475027,-0.366472343093399,-0.0375974761127297,1.3605373366059,0.9334640244827,0.397237259145308,-1.16694977820669
2013-10-01,-4.01141854144177,-4.3723422058965,-3.87629501953029,-2.75680816449685,-2.51884249310442,-2.3596762786479,-5.82513978891788,-6.63418293997864,-5.25650071004688,-5.52851330550672,-2.14928961748635,-6.00708090957167,-5.08942241024738,0.103764726188331,-0.780039864947298,-1.23714644435881,-0.25506218338795,-1.31617635332052,-1.34106720378068,0.30023309196238,0.346047020190902,2.07827115975037,0.938851453310341,-2.85759072438333
2014-01-01,-2.80942779282012,-3.28042907824684,-3.1360785716063,-2.11551649483957,-1.89122618544403,-1.74046174476709,-5.90487369488562,-7.59399647476175,-6.96785978593303,-5.28113960878869,-1.5650819672131,-5.31472501322051,-3.35300428932371,1.60864530084021,0.419829506162841,0.0922637340842698,-0.705257941019233,-0.261469997257646,-1.40123823642714,-0.316228585887158,0.951676620853107,1.18876263889835,1.840267610828,-1.8672935102831
2014-04-01,-1.22558588918321,-1.74378379768976,-1.84213469056891,-0.919061103481454,-0.710411768724242,-0.569589913301513,-3.10800381492973,-7.83552117260226,-5.58660270101518,-3.85388207590006,-0.411420765027316,-4.02505552617666,-1.34115517950525,3.18524222927311,1.36847704714646,1.1090049865079,0.711604627495266,-0.873569515096482,-0.15844760004657,-0.873937944273177,0.252608065423713,1.55992693293217,1.28697754774201,-0.595426218090267
2014-07-01,-0.571574142145437,-1.10718720678628,-1.38949015923299,-0.549904683261161,-0.354884432821109,-0.222753025968785,-5.02328151507155,-6.70254485667743,-3.69179791273814,-5.27859505446958,-0.090273224043699,-3.57420148069806,-0.260329044009609,3.63056730712728,1.24222231826877,1.04607455694287,1.07649191275549,0.542912420313784,-0.905410849925153,-0.388136782176106,-0.673814865175636,0.554587853177064,1.0933616156071,-0.0170786764396098
2014-10-01,-0.355308887018964,-0.891417019248536,-1.34353536923095,-0.616595653800118,-0.442197609813633,-0.323516854879529,-5.59443807705756,-7.2680342175816,-2.4402285179433,-4.34945944522099,-0.195300546448067,-3.47098360655738,0.350441271520083,3.57177951847933,0.666973518284976,0.70746653344446,0.55205560599917,0.921022495076152,0.603555126255424,-1.06292810591802,-0.428592367188052,-0.28602401651722,0.184908992173474,-0.247328569150483
2015-01-01,1.18418495278885,0.702751838007487,0.233353797783678,0.92758530085257,1.09634917659091,1.21141257538602,-2.93777226853476,-5.90138190353471,-3.11110400881424,-1.51960476838715,1.32163934426231,-1.93896351136965,2.29424055467419,4.40707205916914,1.15704607859087,1.07554081241773,0.536793628774516,0.429664031613941,1.23655256035374,-0.665929047406575,-1.31651154773911,-0.705484934806616,-0.46796647972292,1.47846524156398
2015-04-01,0.629809903965594,0.190731958843827,-0.327472645503747,0.307345277796259,0.464975872984127,0.57275790678176,-4.38924050894468,-4.74467117441674,-5.45279369584111,-1.57158798215974,0.651366120218597,-2.47480169222635,2.13807391738646,3.2224416461014,-0.0546319611113688,-0.0884620554177502,1.2892895029608,0.342835632052579,0.348528175709447,0.0382687972110329,-0.846612466051144,-0.969491778566836,-0.817612766877394,1.16625774835404
2015-07-01,0.252970716067466,-0.150350248108111,-0.747700602481274,-0.218725434154919,-0.0823381084333619,0.0113693138772533,-5.01713371962506,-3.01195721446149,-4.60025092224055,-3.60629274162679,0.0687431693989424,-2.7681861448969,2.09347317703745,2.3091698983489,-0.851099743725371,-0.662590797841318,-0.0800005486505443,1.12446365097026,0.374600501075586,-0.163886844023628,0.0145507535793643,-0.936938490765539,-1.15623455575384,0.69487626877148
2015-10-01,1.30508240488925,0.974064698820968,0.401257475073692,0.86658624254602,0.98899362571504,1.07331636866166,-0.295671916632301,-0.919511042549004,-3.37071857790846,-3.02107716671841,1.10393442622953,-1.51896351136969,3.4091368470533,2.5912676640813,-0.377144927388883,-0.225578406147946,0.11769929738606,-0.0951140356405092,1.28750788419606,-0.4790253833474,0.0554004742498837,-0.623447920298502,-0.55233552488899,1.98479583237631
2016-01-01,2.27707766522201,2.05260622738373,1.60069315334371,2.03236134270637,2.14534106830817,2.22314168100957,2.10510578701957,2.35177208294795,0.0981204904844333,-1.6079657501565,2.22289617486339,-0.208617133791648,4.52342205770023,2.65390923379752,-0.125152290200589,-0.107374879659403,1.14489639392192,0.0816821660752782,0.237092805963065,0.0534860771732463,-0.43339150914274,-0.671954997595712,0.0937981421824037,3.45588584116348
2016-04-01,2.84382206861642,2.74714534164698,2.47393821149396,2.87076924720543,2.97249804901168,3.04239495732426,5.21555769624933,1.98509510807335,2.33361922198372,-1.05759341272443,3.02677595628415,0.828622421998915,5.08093424995593,2.32210195222984,-0.323178212585987,-0.307447007756082,1.40257316067703,1.17523743773223,0.448883544736796,-0.846452637159997,0.333480092888348,-1.25423828881477,0.0562869852239719,4.36375133590795
2016-07-01,2.35400065211513,2.36747358550824,2.25584619379276,2.61222943517294,2.70154141848334,2.76275319139728,6.87392480090099,1.49826962380823,2.58762052739149,-0.674674554819205,2.72759562841532,0.805433632998415,4.52917092661147,1.09115565691286,-1.22103582760445,-1.0463679931255,1.06140891367162,1.08686695479324,1.4925414002468,-0.5398632882051,-0.88145985143672,-0.680249880928613,-0.782603896793129,4.22005174716631
2016-10-01,1.98992558394289,2.09897855842581,2.13321956997973,2.43716056818781,2.51138309470639,2.56210448187343,5.68359253988638,2.1170114604686,2.29824317957551,-0.390802338698705,2.51284153005466,0.917794817556853,4.02323168223751,0.149270484458555,-1.76259325550177,-1.28066427171927,0.313271224485932,0.927221489274291,1.64695181160442,0.148075811122899,-0.875074903105139,-1.02146472200925,-0.60428740422664,4.05713311880723
2017-01-01,1.49457077155117,1.67853985580533,1.83106398897453,2.07284709747995,2.13011516967831,2.16911410077913,6.52766794280311,1.37826317851403,2.55739347384437,0.907083334513885,2.11267759562841,0.870949233209927,3.3353052470768,-0.755494594276996,-2.18740054102426,-1.30785973369166,0.359456768978497,0.318252733736093,1.1447707627515,0.201514049860074,-0.511358235620729,-0.916626602245327,-1.13036904189642,3.59156234035859
2017-04-01,0.425539362210998,0.643326067371675,0.837213913737912,0.994084188169609,1.03067966281679,1.05557599551432,4.28339580106794,0.216166043996822,1.59779370154047,0.979837651114025,0.996775956284154,0.149177683765174,2.08115165403373,-1.99604229096892,-2.76643574828134,-1.43673122686437,0.196959754264867,0.341032971756163,0.223136646419989,0.289993688209859,-0.17482593570703,-0.651620389308277,-1.20164388501251,2.30957089558936
2017-07-01,-0.758719356231893,-0.553859906380978,-0.405088636311802,-0.344887149742249,-0.329865155824109,-0.319516679668482,1.8688615295022,0.71958087111409,0.363035156981454,0.948160838237612,-0.39502732240436,-0.825293495505036,0.761458370057028,-3.14152087372938,-3.0288011023878,-1.35985191324659,-0.300235693351816,0.217595718274511,0.234766019311049,0.477828530141206,0.374210526448241,-0.020066272895864,-0.874292883406655,0.959423256702564
2017-10-01,-1.28886276474532,-1.12014779718129,-1.06374387664806,-1.11302298044475,-1.12155631826568,-1.127009814573,2.36197465542384,0.128964352569767,0.461630379970757,0.300314275128784,-1.22808743169398,-1.19304865150716,0.0694388624478677,-3.48827266584405,-2.55197850140337,-0.674053241400316,-0.525135851482856,-0.246184513361935,0.158357403711712,0.648616144479061,0.637906815309271,0.760115009813962,-0.143177307471134,0.282245747304358
2018-01-01,-1.12410253519482,-0.989195973525966,-1.02368403443162,-1.18978847780534,-1.22367381888267,-1.24615701353315,2.58906933823366,-0.0648020690888416,-0.382122066576642,1.02617163474798,-1.36491803278687,-0.836626123744054,-0.0130089899523682,-3.07333256213644,-1.6112262030671,0.392994557552754,-0.181871776769473,-0.420131109533094,-0.314177973273202,0.578809679118134,0.980981725044554,1.81657498855041,0.392543666180823,0.168447338824421
2018-04-01,-0.807314129723608,-0.697898236667783,-0.804107555482346,-1.08073207947911,-1.13899910817079,-1.1779005869424,1.17879420424848,0.992031892061931,-0.665363832418421,0.441505951799343,-1.29852459016394,-0.313503437334759,0.00125741817970493,-2.48695648980552,-0.774779980067478,1.29285376750829,0.148137173350375,-0.190962693934423,-0.450390635240333,0.378670722679311,1.39175934984286,1.60263766556472,1.21321088905161,0.0337982181888776
2018-07-01,-0.776007143984202,-0.693227565784497,-0.8673704126426,-1.24142502815855,-1.32116498586967,-1.37452552473252,2.13505101876655,0.901940580402879,-0.149020842299336,-0.119642957072301,-1.47808743169398,-0.128016922263356,-0.247203713496674,-2.1777004744697,-0.305240511735775,1.72765467158865,0.320620124526698,0.133448419143675,-0.251774371674297,0.320820345976353,0.632925542749147,1.97522488294712,1.11604573820817,-0.596920009446848
2018-10-01,-1.21399614370645,-1.17671218709287,-1.43901792956359,-1.87620562540187,-1.96902552999123,-2.03111588437463,2.21298280373384,1.11101682464874,-1.06596171834167,-0.935892549539176,-2.13229508196721,-0.551279746166074,-0.840490040542903,-2.34332253657678,-0.120023288451392,1.62091250389832,0.091013487571186,0.260164110349007,0.0943679356923424,0.113985121911021,0.170585312228281,1.64600587212118,0.860230221673419,-1.40554191904869
2019-01-01,1.34063487927588,1.41514927233368,1.28327737237302,0.897798490809606,0.813446945474794,0.756765220050227,2.75705001604257,4.78593591583834,0.787747795843472,1.53469582424077,0.654207650273236,2.16893971443679,1.48170162759268,0.00992181532404857,2.19774859659114,3.1072044620945,0.115678673741486,-0.146109675405761,-0.181999261882011,-0.658280090503479,0.359858349702018,1.6690417898649,1.87507316028984,1.47327406265745
2019-04-01,1.43453948536884,1.55203271660918,1.55790675009845,1.21636242029794,1.13848698900154,1.0858454877874,2.66891069324353,4.29496188674764,1.75412829808556,1.3017917516523,0.996885245901638,2.46099153886831,1.29099242023622,-0.000772849462350678,2.00114662571696,2.30203361232032,1.3256833784409,0.0777050362026162,-0.453454346489312,-0.796973745745507,-0.502335716682466,1.06656270827804,1.01213458417489,1.66921470924663
2019-07-01,1.87715139988018,2.05213073116062,2.24316215132939,1.97732244241621,1.91213967810438,1.86764563515257,3.49839365505517,7.58641459380556,2.47825662651212,2.0503802378762,1.79972677595629,3.10684822845053,1.44528585698339,0.300042599447664,2.04887788308994,1.78734893015539,0.650818839457992,1.46410984678575,-0.510101582592146,-1.1572262512292,-0.813706378071693,0.13604972133061,0.662710565370491,2.27288767502108
2019-10-01,0.74993684033717,0.944265880863156,1.23591131012807,1.02126089465355,0.965008275517192,0.926287672724129,2.49377961245682,6.5274883893662,2.04489053772832,1.79098865614247,0.885573770491817,2.05893442622951,0.109261413714108,-0.742587145249416,0.954160039458174,0.367116037166937,0.574127404889935,0.341461032682845,0.689294110010816,-0.799554577732931,-0.816851103791075,0.312393457468059,-0.331453988583078,1.03918074909544
2020-01-01,2.38965129905725,2.65312189889795,3.2007605141888,3.14295698040542,3.11647277002413,3.09731311822671,3.80757667238049,5.49850104932742,6.05897797645522,3.85972396866663,3.0626775956284,3.82972765732416,1.54366414007873,0.636099359539315,2.17517242606681,0.883704067174193,0.197349523864938,0.138902200064441,0.681368957413721,-1.02596119900732,-0.63319105869059,-0.260816191921039,-0.0244491519770588,3.39589859908958
2020-04-01,13.4007992412092,14.099910507252,15.8257177594565,16.2977720465109,16.3659630919558,16.4083713526115,16.0871227466135,17.7993060107991,16.1914381313392,14.6905500583433,16.4601092896175,15.8444077207827,11.7888501087021,9.55635209177979,9.23119762640849,6.10579704470652,-5.00552709010135,5.63025162374152,15.0292958687999,411.708127591312,-12.0433091733891,-7.70778459925986,12.3417587020775,16.355159317003
2020-07-01,13.02991697557,14.1507103779867,17.0995418226836,18.1653793317839,18.3415498212229,18.4543983417446,17.9240494838899,20.6231937830196,22.4541178862322,20.7233921647786,18.5879781420765,16.4041512427287,10.6895187731359,7.31705281597038,5.69429860065901,1.58039336974153,1.79806596294112,2.24305166616954,7.91199210210235,21.3568280508665,-6.03862270115511,-12.5659312653586,-3.25149872362321,18.2362051826969
2020-10-01,12.1224971725562,13.6282469878978,17.7744880290035,19.4456009165623,19.7325202269624,19.9176895047065,18.8508567986708,18.9587495539907,23.5157593283919,19.3157382799247,20.1456830601093,16.3376361713379,9.04976320582881,4.90194690492979,2.42193024651183,-1.81714552909114,2.32770040974653,25.6277499438625,14.6057446211049,71.3692588970524,-8.05733047024503,-6.66174127206304,-11.0289695277301,19.3934207879992
2021-01-01,7.44841435598411,9.16990920693186,14.1655982864683,16.3368474045905,16.7177580814237,16.964585062435,15.3383100546799,12.8880045547955,14.0634141857959,22.318669382868,17.2601092896175,12.080089899524,3.84558434690643,-0.318840891062962,-2.67376540698851,-5.98049652368127,1.54206085303515,1.14142899902803,5.32211028665809,19.8645785842671,-3.5303319689415,-5.98937769795691,-4.07878752845588,16.366663981402
2021-04-01,-1.17125943029561,0.463674177570283,5.57965420804038,7.94946953078451,8.37115449934495,8.64510173496058,7.2228404260708,3.33806716517441,7.03610585468294,13.0248522848442,8.98295081967214,3.18117927022737,-4.97270227392909,-7.82925700687471,-8.88686317780571,-9.94714058834722,0.28040321584948,2.8261832672052,2.31668808275016,2.00447777101148,-4.56890895922514,-6.85216220712249,-8.12848248243916,7.85935557519983
2021-07-01,-3.87916794081346,-2.44142201612203,2.52586913500926,5.00137755346921,5.448574437227,5.7398741947143,5.07941942743443,0.590234857478777,6.1815312799967,7.23788064933632,6.09961748633881,-0.116877313590692,-7.71947000411302,-9.02512375874025,-8.63199589146964,-7.69456596021686,-3.06015365897817,1.86885709365268,4.54158099592474,1.37037011500867,-2.19549336558156,-7.68313975137531,-9.63056957284197,4.91810312083268
