"date","c.hp_r15","c.hp3k_r15","c.hp25k_r15","c.hp125k_r15","c.hp221k_r15","c.hp400k_r15","c.hamilton13_r15","c.hamilton20_r15","c.hamilton24_r15","c.hamilton28_r15","c.linear_r15","c.quad_r15","c.poly3_r15","c.poly4_r15","c.poly5_r15","c.poly6_r15","c.bn2_r15","c.bn3_r15","c.bn4_r15","c.bn5_r15","c.bn6_r15","c.bn7_r15","c.bn8_r15","c.stm_r15"
1975-10-01,1.1254628782376,0.912552146402568,0.317628409822767,0.138902096093361,0.112165195677498,0.0954066566704839,-1.58486569572918,-0.486762336370475,-0.766915533571392,0.0589187927524293,0.0520765027322412,0.322361184558432,1.75959222045949,1.7396953405018,1.73228689541551,0.802263759508932,1.67342630119095,0.204394656308221,1.33516343873175,-0.782500771478317,-0.556289039356038,-0.898595817702754,-0.170582285501842,0.526894556280567
1976-01-01,0.699453889127803,0.524974253284491,-0.0365089919202148,-0.233590893387735,-0.264916624295587,-0.284810285129446,-1.22822317030421,0.139890320664122,-0.014829536372396,0.891058489357697,-0.338415300546444,0.026197778952934,1.33812444914508,1.08284747928786,0.952364082902804,-0.233826424764715,1.06550034559841,0.576654705363022,1.10254236249038,-0.0571010254341968,-1.02049254169786,-0.520783583053038,-1.18795454606205,0.239964390259608
1976-04-01,1.3027483628335,1.18844335343636,0.71582879838649,0.51477219404709,0.480848180351977,0.459044193724232,-0.306785560827635,-0.0133380973953479,0.401123758731458,-0.632376948213491,0.405628415300548,0.833638286620833,1.88000940125742,1.39472978729655,1.03004998372858,-0.335463413062875,1.24654044551819,0.0211716159684514,1.40743548285845,-0.428673513402365,-0.350933275391401,-1.08475962403997,-0.521288082162427,0.949747968108618
1976-07-01,1.59600224211174,1.55156252713738,1.20594780620829,1.02173351917566,0.989055976505668,0.967856179966695,0.53393965483297,1.22028726072075,1.85141887893892,1.76416473724444,0.918032786885249,1.35273664727657,2.0900205652506,1.36464576355838,0.786389425619312,-0.682397591831375,2.48044821572995,-0.0932578078353397,1.59758093197225,-0.119438413473536,-0.867322558796036,-0.601166782867253,-0.894800430324048,1.41235941612233
1976-10-01,3.6334066913621,3.72514173653832,3.69336499801759,3.61433735880797,3.59891180010013,3.58875125178462,1.33656034090711,2.31859453497131,3.33036520276011,3.43532013041294,3.55071038251366,3.76454785827604,3.94502967271873,2.73651764204712,1.73171007403489,-0.00681539749659521,11.5432446484926,-1.16534389419987,5.83728269384181,-1.16389132948222,-0.188766235122711,-1.30710232348714,2.08818691407497,4.01601807346997
1977-01-01,1.74341744998761,1.90756044949656,2.05076803529509,2.02236794277801,2.01460100614993,2.00925625233974,1.48596992483935,1.69304290496997,2.83168248551121,3.0153870372863,1.97852459016394,2.1131226864093,1.92439156237148,0.590008960573471,-0.484320109425205,-1.96482954006131,1.24419427244542,2.0425097605786,0.767605699387214,0.731470461482918,-1.56114453824661,-1.07589877288039,-1.69259344140378,2.39823653688347
1977-04-01,2.19212513434804,2.43990836900552,2.80426844719109,2.85128009539665,2.8557018659566,2.8581296655961,2.7502412657992,1.40167554320386,1.75017638759194,2.82919548156705,2.8432786885246,2.82369910100476,2.20277102062402,0.735080645161283,-0.45017964650367,-1.64608150618976,0.342261580802628,-0.0229439816183238,3.63991071423427,-0.883137612197332,0.255488862279076,-1.84753842739111,-1.04167080260321,3.13254257577492
1977-07-01,1.62232991003893,1.93011818445606,2.48056536161141,2.602043299691,2.61909731340885,2.62965736470912,3.39436073563236,1.35427537883536,2.46416635836023,3.84409924351294,2.62863387978143,2.44438392384981,1.48884188260181,-0.0211445663669991,-1.15550614245616,-1.9454247260979,0.970404220019903,-0.0294728077482788,3.59799953153174,1.15960748643289,-0.921476073424907,-0.292142388500873,-1.76919877013683,2.82434262607527
1977-10-01,1.76998894133226,2.13730097616103,2.8936373695761,3.11080546286884,3.14481907401779,3.16638818512688,3.06835554407957,1.28845206063551,0.853566709810323,2.37229513060419,3.17672131147541,2.76892120571126,1.48122686409309,-0.071683302485468,-1.13739164259853,-1.54563055939755,0.933978683430055,0.30290855683472,0.597157810119158,0.0160654904340888,0.461432945640007,-1.31892616534319,-0.308264947098212,3.35547687492434
1978-01-01,0.96911438483879,1.3647963000535,2.2616557362516,2.55084116604861,2.59773215544446,2.62767119537763,3.48810742330485,1.36168911781934,0.997154674295018,3.54774204286637,2.64754098360656,2.07649391856161,0.534135965685422,-0.882503378576885,-1.79044792132773,-1.64590733433694,0.434037354574345,0.45992780725308,1.42811142883818,-0.0792121035707307,0.564894390777297,-0.0287116211658329,-0.70382233990482,2.80157629004911
1978-04-01,1.42650136371896,1.86116334657839,2.93222877447603,3.30807060127901,3.37036390683011,3.41030303000518,5.99683683023233,0.81508113415471,1.11379351428808,1.35869779695125,3.45273224043716,2.66230830248546,0.806203654738823,-0.484215435689535,-1.35880715331731,-0.711229152260088,0.912521915005113,-0.0290071352962129,1.92291261268767,0.15664511092891,0.00089900232189106,-0.718582863239928,0.64196891606777,3.4131920757933
1978-07-01,1.76005824695926,2.2391799484479,3.51826247824084,4.01355514344078,4.09796903134479,4.15237922056423,7.50435825166021,2.25785310364243,1.97014388805458,3.90578285178397,4.21743169398907,3.10065044949762,0.968898290146313,-0.283919993830423,-1.10130201765446,-0.0751962314746493,2.00118659290556,0.246899416542732,2.63784670351663,0.353453172640968,0.0170461992153626,-0.495586654829687,4.65020156720502,4.04540572543851
1978-10-01,2.70681535185651,3.25727346955125,4.82594464141829,5.48550341179997,5.60043784907644,5.67482820999049,7.45471224044678,4.15590873550671,1.92928459173848,1.19319483765788,5.77273224043716,4.18953992596511,1.71756624948588,0.364431664610152,-0.472550543058219,0.758663761542181,4.22167003691353,0.891506866383249,4.85586936479838,0.123288961921859,0.014019366398489,-0.648461385771387,3.06716541624273,5.39326346284453
1979-01-01,1.32441720215793,1.89525603398825,3.64703941497923,4.44595892497365,4.58801514476828,4.68029930241892,6.75275790011642,4.25839278283134,2.3030666729623,2.7982262054915,4.79814207650273,2.79901903754626,0.231886714848116,-1.07941253158235,-1.59432071960299,-0.046467621595184,1.08968065849743,1.50103675271815,3.86257590761787,1.32156538850929,-0.355239917935438,-0.84054522733861,2.9519923836794,4.37538038221429
1979-04-01,1.62870317491745,2.22557326114237,4.17893559015143,5.12810971330968,5.29933947688095,5.41086378132384,5.99062127726548,4.40262588285903,2.77638358206367,1.39872139184074,5.55311475409836,3.10012691697514,0.418972912627069,-0.881888073623585,-1.1091061912704,0.597487872716556,0.871730716150892,0.323004692817163,5.99109750024437,1.18882989011668,0.925545145474812,-1.11942348628098,2.55216693043807,5.04030423070033
1979-07-01,1.11598472349198,1.71741751964353,3.82641014208069,4.9159857759259,5.115135046438,5.24514375243425,5.5504163379172,4.36752343198947,3.6714563880179,1.57001321706119,5.40448087431693,2.51942887361184,-0.174316939890716,-1.41198550149832,-1.22665368343978,0.564255667873127,1.33747796271581,0.372593598237538,4.35817061760283,2.71098414268306,0.960501052049887,0.0578751805498232,2.84318528852204,4.90021304150522
1979-10-01,2.04027080636094,2.67340706189492,5.0056505796135,6.26490461029869,6.49717585644282,6.64904901053937,3.73444084349812,5.97588888939336,4.36011981794266,0.829792445990805,6.82885245901639,3.43842411422527,0.620727422292731,-0.65207598860097,-0.209705487532034,1.41527357998037,2.72194327337991,0.400569188298089,4.79709572491651,2.15205940351895,3.20102567377832,0.100845049649816,7.87278821982119,6.32906310355693
1980-01-01,0.735046091784923,1.3539959317078,3.79371344806817,5.17380384449491,5.43055281483531,5.59867754289247,-0.019046734320753,8.18913517783857,4.39970596476384,2.39771372392839,5.79142076502733,2.02677683765204,-0.76730830248546,-1.85086924907456,-0.977762986616767,0.615898876594713,1.35133289585159,1.43719110024074,4.51660002881347,2.23391378838762,1.24058751397085,1.35650715442226,6.86138767704487,5.33171747086624
1980-04-01,0.954452021047544,1.56420933524038,4.11346677439519,5.60746836642079,5.8870739802268,6.07035025689559,3.11116213640942,7.96475188247922,4.4841100425845,3.25976482550975,6.28666666666668,2.15470386039134,-0.652933779893047,-1.53761053822197,-0.349765895130773,1.07734872676217,0.908646228149556,0.503954276757827,5.7404618561318,1.93724818860488,1.5779648126928,0.0584793144675612,9.14251713523681,5.69579261266851
1980-07-01,0.868448605760122,1.4624992950705,4.1115704052133,5.73186826538027,6.03745262737328,6.23802009399013,3.81870013126677,7.66032212967868,4.65666584644822,3.92319092441794,6.46191256830602,1.93436541512428,-0.802057700217404,-1.54127207092073,0.017798427775304,1.07894762132359,1.90796281477113,0.302981437800081,7.24625815668153,3.43964082907204,1.78261262169303,1.14214333555354,10.9886845040829,6.00503667527271
1980-10-01,0.540721515992416,1.10790119430087,3.81089209784903,5.52321568309581,5.84796726438782,6.0613139809428,-0.261978331162553,6.52391325710964,4.54168257570778,4.17882323890986,6.29863387978142,1.46969857218403,-1.21156589693871,-1.67208083612432,0.164697097587776,0.892438592387649,1.31769086214172,1.15338610444463,3.34728335222458,2.83449220328766,1.8850995210082,0.596721341466805,4.18543464063692,5.82806435911128
1981-01-01,0.0267729347242778,0.548643561315984,3.25181348479175,5.03520907631078,5.37559391958651,5.59944732675392,0.892706188707706,5.31525189184842,6.83308738454694,4.2009147048767,5.84251366120219,0.769399788471716,-1.77354956225395,-1.89085819525236,0.230962657120784,0.592098850493016,0.754302410046078,0.79530775904834,4.99508917175539,1.5436680934545,2.1505829662956,1.49065616017936,5.43000971873694,5.44080742452431
1981-04-01,0.175023895844149,0.656458147905937,3.35549209649182,5.2001641250053,5.55411588662088,5.78709549122681,0.712951910403646,3.76524233969275,6.29084916774018,5.9280142427111,6.0383606557377,0.748778424114221,-1.68637287737235,-1.45066194400377,0.797063570353501,0.722462499491712,1.19301213480115,0.318077775120936,4.50739640168122,2.5474351393605,0.95651968589956,1.57990275325725,6.18294627075301,5.65017339184855
1981-07-01,-0.589770378765039,-0.173911131533686,2.44523033639196,4.31743211487039,4.67899993945258,4.91724605014737,-0.44968625503094,0.5623225673462,4.81625471953483,5.87829854892958,5.16868852459015,-0.245655737704922,-2.46818496973971,-1.77749684176509,0.60131101777651,0.163080804485801,0.65539238302414,0.76467028077087,2.35778880777512,2.05503274578335,1.79311061677302,0.44604100516093,5.2213180478463,4.85977714387636
1981-10-01,-0.388485712764492,-0.030376921982338,2.50891929140884,4.4004284612024,4.76784622144172,5.01017646211743,-2.08149152389818,-2.02759373892658,3.88491489235673,6.18925979970368,5.26147540983607,-0.249656266525648,-2.29410893707033,-1.15853880222105,1.15229823455235,0.325856206525202,0.710294278514227,0.234384871268703,2.72573818645502,1.00369856493144,1.81669153325203,1.26268381523146,3.18825128951114,5.01967717039977
1982-01-01,-1.73776886495214,-1.48000183464787,0.851545297454464,2.699076164087,3.06080003984565,3.29967987477852,-3.87685437558143,1.71772975428773,1.46120549585611,3.40288650456141,3.54459016393442,-1.89606292966684,-3.60844115400435,-1.83158069657442,0.435961182524522,-0.520359216734775,-0.360466301505536,0.534061609891148,1.02820675763809,1.84885199698202,0.81788894005775,1.29178351441477,3.88874463947002,3.3594770220493
1982-04-01,-2.21795153781839,-2.07402595535983,-0.010154843351259,1.75738127826342,2.10665182164999,2.33764866018427,-3.33414046707421,-1.47155277509898,-1.22556879682048,1.76152674936201,2.5772131147541,-2.70632734003172,-4.01630883130619,-1.56255783976732,0.533817678883807,-0.467286564902309,-0.989499282692272,-0.136501954860127,0.440607825653238,1.09260521899107,2.03347331324745,0.827407645553571,2.66119466569291,2.37268261096457
1982-07-01,-3.03202276175516,-3.02608981752846,-1.31410159799222,0.333546537183381,0.663292077117035,0.881816100044404,-4.9407437842346,-8.28843641362637,-4.61014156585084,-1.03550035107072,1.11120218579235,-3.92382337387625,-4.67662964921558,-1.53439868676188,0.369294024325782,-0.590976555613977,-1.10472651042303,-0.554627048569313,-0.584166710146437,0.895576698265162,1.33173059215553,2.06112518775452,1.08938827325258,0.895637478933097
1982-10-01,-3.13547439855222,-3.26694330372794,-1.9335376746342,-0.424334018354969,-0.117544758392867,0.0862643128420046,-7.59141086457326,-6.62052636128202,-5.05239232556752,-2.21303093816542,0.306721311475414,-4.44856689582232,-4.56713672953758,-0.853914558728491,0.748283112313402,-0.215237401523865,-1.0277571580922,-0.747412042436686,-2.5441135555433,0.140978420108213,1.27399418539922,1.60571325185072,2.5137700474737,0.0301791733739236
1983-01-01,-4.82718605192234,-5.14762530860736,-4.34603214877599,-3.0391453269208,-2.76629122438587,-2.58428240727831,-9.51109739473722,-8.74549823063451,-2.4280478787263,-5.60116650380768,-2.39284153005465,-6.70570068746694,-5.8945249427111,-1.56943140754453,-0.0688316112760816,-0.906997374540396,-3.4145875239705,-0.607924997022276,-7.07436040597935,-0.576218648392719,1.22805142823563,2.8246170861172,1.67974404064386,-2.53132427728698
1983-04-01,-4.39280358556957,-4.88063998376265,-4.60112715087034,-3.51459014448548,-3.27975482648428,-3.12230086857431,-9.10621453182436,-9.70648163096538,-5.20062267356829,-5.57933414101235,-2.9536612021858,-6.7810497091486,-5.07790351959576,-0.328116369939494,0.844325143391771,-0.0091434799114154,-3.48556699356427,-2.73588796269387,-6.48722482096022,-2.57101263046878,0.213125364598462,2.18034471586822,1.96147168393283,-3.0856653816294
1983-07-01,-4.34732073244562,-4.99374315600207,-5.24272251081425,-4.38246442010332,-4.18657758501246,-4.05426343733045,-8.73549608940222,-10.2961613705685,-11.7156238271177,-7.16890688400098,-3.92404371584699,-7.24005817028026,-4.575750631647,0.379659865444495,1.21094791115813,0.210314868676491,-1.06594062638159,-2.36388734366128,-7.79640083594617,-2.29173194178901,-1.54749226997925,1.60752822001318,1.20438676545895,-3.83003254989566
1983-10-01,-3.49412154901968,-4.26018305473377,-4.98415853581716,-4.35566272480456,-4.20094424174955,-4.09535784362095,-10.3630431640719,-8.92272767338412,-7.86977079600219,-5.08854319242286,-3.99650273224043,-6.77322580645161,-3.28685939244374,1.66816407397614,1.93524300329496,0.717799080326742,-0.515486248840047,-0.939297569962865,-6.89950044758151,-3.94107179089468,-1.49459988380206,0.0656914535899106,0.190901266106107,-3.80561047288928
1984-01-01,-4.97253322819331,-5.89738572074481,-7.22139574930688,-6.88678812311566,-6.7844833683111,-6.71295261626642,-11.0642108363625,-8.60639515626421,-9.58033043349241,-11.4185404235226,-6.66978142076502,-8.71642781597038,-4.21784123626536,0.784702391444839,0.73704495993168,-0.46641815482225,-3.52959744928492,-0.141957136951702,-8.78152853269219,-4.70370467226169,-4.56075612569082,-0.705598884692856,-6.2913560317128,-6.12545429405959
1984-04-01,-3.32487067638117,-4.34185436301334,-6.14612124276896,-6.0928437224445,-6.04255794388122,-6.00504332572797,-9.0722393839558,-9.11908343648143,-8.43632891606596,-7.16492021163984,-6.00273224043715,-7.32605764145954,-2.11566484517306,2.68112752658791,1.93879703453607,0.643274052868577,-2.16163888020892,-3.06823085175925,-3.30571343063018,-4.04339569832151,-2.34910027763077,-1.76592436671047,-2.75990909275095,-5.327220479253
1984-07-01,-2.17324138059121,-3.23326236909591,-5.41490686631633,-5.61212290025975,-5.60893057416989,-5.60229565229729,-8.37173292730451,-8.79923309031093,-6.85374782653578,-6.52594097435188,-5.64300546448088,-6.30000793231095,-0.53362242199897,3.78775945267053,2.25508191636497,0.83541320051809,1.26401948057218,-1.63266452725876,-2.5705005030189,-2.52727833205918,-2.91388643322336,-0.401038984931259,-1.87454160245536,-4.76532922437616
1984-10-01,0.47497122366903,-0.528673963842166,-2.85588251451217,-3.22717605566142,-3.25866426673893,-3.27498224155491,-4.78373940547024,-5.62254975814351,-2.77024128498522,-2.88234640513053,-3.33983606557378,-3.51246959280803,2.42093072448438,5.87353417503967,3.2513714762234,1.60432857564174,3.34396250167415,-0.0801452016330957,1.05369166474901,-3.40021157081475,-2.07624060180932,-2.53781575588707,0.648316489802183,-2.43417167895262
1985-01-01,-0.616445720933697,-1.59053891572745,-4.12323192184179,-4.6958933906551,-4.76702674115236,-4.80953727799034,-5.40768032284372,-4.48966810642767,-2.31523360857976,-3.77575710019705,-4.90967213114754,-4.50895822316235,1.70019272577706,4.36439751160466,1.08040658178415,-0.352301421036159,0.651641501949616,1.97664183696035,3.86721450837077,0.0428511538594298,-3.42546654440967,-2.45814148020823,-3.20600333293257,-3.85663319398401
1985-04-01,0.0438959631237879,-0.871013937823903,-3.53619414268003,-4.29613616234613,-4.40539297100285,-4.47322565287136,-2.92943431701696,-3.90575847778803,-3.34260361586821,-2.01293948637195,-4.59486338797814,-3.65023532522474,2.68112109994711,4.4537794156531,0.58438214416465,-0.512482940446816,-0.702351795595699,0.478664552949786,5.7340178230902,1.98640787897265,0.192992516481336,-2.55172894559027,-2.89185946729014,-3.58682878868515
1985-07-01,0.170824368346175,-0.6769379836974,-3.43067043053894,-4.34851901964224,-4.49023504457564,-4.57965728961146,-0.31554187029505,-4.33080574923282,-3.43482792554181,-1.85492330988895,-4.73606557377049,-3.30372818614489,3.14402491333215,3.90147996357014,-0.238507149249514,-0.979770149425846,0.288677941428149,-0.549461419342761,4.4874761743186,3.30448942873374,1.12346866921299,-0.111238546504233,-2.92115050481174,-3.52749331687805
1985-10-01,1.06820584273251,0.322134531880934,-2.428159664554,-3.48471327985702,-3.65672257869095,-3.76647861069702,1.07850446606051,-1.58377909286705,-1.80356895755284,-0.355162629949788,-3.93765027322405,-2.05743257535694,4.28021270344907,3.95772922909691,-0.404937507627281,-0.771361357442359,0.728081479557688,-0.0548685211082249,0.419910710119343,2.55019375753789,2.44568082220547,0.473484274452776,-0.253947859254391,-2.80744668819814
1986-01-01,-0.956703351707773,-1.66829289429756,-4.54760023168139,-5.78028335949961,-5.98839611070423,-6.12216278745247,-0.116877257112307,-2.33859009316899,-1.25432526264565,-2.17106480182663,-6.33819672131148,-3.8843892120571,2.58990657500439,1.38528005464482,-2.53394891795148,-2.3309291312426,-1.24753225198693,0.920060127104126,-0.677518294125152,1.24697240853021,2.16841297706622,2.1660997082298,1.07504924678475,-4.89181776830587
1986-04-01,-0.395182598965505,-1.05200319215361,-4.01062905900351,-5.42572319721607,-5.67270789269192,-5.83248483548995,3.34329560272684,-1.88928584581227,-0.527611677185334,-1.13925869230599,-6.07322404371585,-3.00881808566896,3.36067924084844,1.32875995211236,-2.18462687629669,-1.51342237691391,-1.45661292860923,-0.757288420681767,0.667151631708857,-0.427252025944217,1.30296573857835,2.01597211208955,3.40497369382972,-4.63589892555241
1986-07-01,-0.0976325411825201,-0.692469342484969,-3.67799408255429,-5.23480921533834,-5.51267326113015,-5.6931784598597,3.76627433130606,0.243569126197599,-0.57080808862635,-0.287083725068527,-5.98136612021857,-2.37089106292967,3.83378341853224,0.909038244021403,-1.98867321929792,-1.12937445761999,0.188150287852388,-0.894064935411247,-0.688512131940112,-0.063805464886326,-0.580173798059695,1.24781593954532,3.35344734423194,-4.1468255295343
1986-10-01,1.98173394683327,1.51933214293688,-1.3160931891704,-2.97111507862962,-3.27410509239955,-3.47184126115351,3.67890574222061,2.29933912474874,2.45233953191247,1.39120916295067,-3.77502732240438,0.296716023268104,5.85118044538456,2.01227708737295,-0.621101320017971,0.227278946155067,1.60042219219832,-0.600519657267031,0.718906296115225,-1.84322074699195,-0.598760819289502,-1.1598522903436,2.93264678421306,-1.97580742004698
1987-01-01,0.161993343243054,-0.231154369784562,-3.03504175379437,-4.82138378972668,-5.15472689887793,-5.37301567200122,1.80949723414965,3.49573941158032,1.87578411317519,0.989938414535558,-5.71010928961748,-1.06805922792174,4.00136318232563,-0.417251307362349,-2.309875879673,-1.26781061438122,-0.181675478495281,1.12268562034169,1.0873913124889,0.531548249773786,-1.76943957687942,-0.77944479053629,-0.779707977612738,-3.71088700722886
1987-04-01,0.782383809052888,0.476330712310272,-2.2341171151634,-4.13336586383478,-4.49448648145382,-4.73174174922602,4.60672880861735,4.41203514792919,2.03688108052958,1.00340000737511,-5.09180327868852,0.0960999471179207,4.45275280568777,-0.416332664962667,-1.70217294471793,-0.576280008881739,-0.575761841288355,-0.173626202183365,3.77444633598505,-0.205346088224473,0.504409487848064,-1.65116002908703,-0.428409925500287,-3.03190421066338
1987-07-01,1.10089528544984,0.887900681036726,-1.68131630635254,-3.66051300442122,-4.04316495133162,-4.29528542076766,5.0139511697906,4.71674527291859,2.78430590939566,1.67910953268812,-4.68726775956284,0.994915388683225,4.50438803689994,-0.678478832481332,-1.41017115486312,-0.264585265563113,0.412828478991561,-0.363459876036307,3.18041750137376,1.23955644600393,-0.780593915595464,0.376105990381732,-1.10249825553779,-2.37852365176731
1987-10-01,2.61057428134339,2.53897681064568,0.240665702070302,-1.78545274098754,-2.18526762833952,-2.44959936201619,3.46863167636104,4.91917294083046,3.76871792599258,3.47127083632897,-2.83005464480874,3.25056848228449,5.53300193900935,0.174397364710046,-0.434575926453263,0.763544336194173,1.15893568137993,-0.258569770614443,2.34271999110163,0.864731494612302,0.305955804268349,-0.981312693387586,2.00984502065051,-0.87598484987177
1988-01-01,1.20040199003883,1.21582564217388,-0.890836606600033,-2.95467167554921,-3.36801216998991,-3.64195593466931,0.790593576776601,3.91974050127791,3.08387227505334,2.29370309324963,-4.02377049180328,2.4050105764146,3.71199717962278,-1.59322889123918,-1.71815889029006,-0.311230016678323,-0.0315913183216572,0.613571318147408,2.60555614762376,0.898421169628863,0.339196346140986,0.11458818019585,1.65607970340163,-2.1949448060678
1988-04-01,2.44448574453504,2.58136774597585,0.78572922889991,-1.24892909192181,-1.66333699257427,-1.93873325241373,3.74547115110626,3.93323587956891,3.49851940516544,3.59199806163915,-2.30284153005465,4.2724405076679,4.44442799224397,-0.833919442975485,-0.704397347760661,0.733980935334401,0.43381203470957,-0.442833998589401,5.9183904835593,0.280895431256359,0.279629073241243,-0.0227973840231202,4.59873940884741,-0.766936317881289
1988-07-01,2.02498868910749,2.26105259337047,0.76880854263824,-1.20304429241928,-1.61083833483855,-1.88249526627206,5.40096231846631,3.79144821807188,2.66939833097018,3.53190942604806,-2.2364480874317,4.37775515600211,3.52760796756567,-1.59297770139256,-1.08744925354918,0.415741738870707,0.399902119370832,0.201111383106462,5.03397168795043,3.1973167392304,0.0871742919807154,0.0847061466880635,3.59012148700168,-0.808297571207163
1988-10-01,3.08344931205784,3.44714185344542,2.35545789972998,0.497288209692584,0.105397403706647,-0.156458129590689,6.35103211500831,5.86746441258614,3.42742604006085,4.88201204933519,-0.473333333333329,6.00966948704389,3.99022739291382,-0.937152961396066,-0.314244905015642,1.19924024393515,0.789443249633838,-0.197855291149533,5.77988491415605,2.44728237393546,2.76596752883512,-0.689699341612895,2.71569664974381,0.535345654650811
1989-01-01,0.0229652478104896,0.403486066872873,-0.520316711011247,-2.32348608299473,-2.70791257691461,-2.96521449908352,3.68286405001864,2.85463646585048,0.123103941535078,2.00943369046519,-3.25841530054645,3.19677154944475,0.502169340149266,-3.80689101151653,-2.53495591465645,-0.650423370147706,-1.02373441289735,0.886996035498174,2.02535704043362,4.16657531842241,1.31321813561644,1.77753366259063,1.03373073038636,-2.53733612355168
1989-04-01,0.933208885509529,1.35110960807411,0.670943138416817,-1.01985616935386,-1.38540945327796,-1.6306007632529,5.55741858383219,2.20570705967847,0.274592253871361,3.28014545622484,-1.88775956284154,4.3407747223691,0.968649156824739,-2.850629994418,-1.12039214091037,0.762354752267385,-0.110545267848061,-0.621385815438467,3.18247924138967,0.416148036773248,3.43241402110334,1.06794743268829,5.26880362342709,-1.53090181559286
1989-07-01,1.87941013289938,2.35666021544431,2.0095281616527,0.509132135790594,0.178337115881661,-0.0441813041146162,7.40159206825534,4.60047923589536,2.56413422863145,4.38327724209664,-0.274590163934434,5.49956372289793,1.48086139021095,-2.02751116399318,0.0674253549200898,1.57096823346741,0.505180574721159,0.0622125054461857,4.64444677143376,-0.0534944712745216,-0.432934252112836,3.08010658589212,6.51407825467384,0.000454782680208154
1989-10-01,2.51406619943138,3.06664119363921,3.10004722096437,1.81352472749617,1.5217300903869,1.32464792020141,7.13743620711728,9.48799938491918,5.89991892113132,5.8020787069493,1.14120218579235,6.36885510312004,1.62708619777897,-1.52545445531463,0.717792631086539,1.79516097675888,0.615372351734961,-0.234842346701367,3.93644353904129,1.93434415056134,-0.577056356852303,-0.892275328322798,9.38518371687452,1.07587639121853
1990-01-01,0.966255463526309,1.53509693710247,1.8303654697331,0.743135584319077,0.489622263320911,0.317732657768119,6.83773284370149,10.4138439526972,4.14363760772517,3.62105963111573,0.159836065573771,4.85971708090958,-0.29347787766612,-2.90062356777719,-0.239667910751294,0.528215043593889,-0.2652279404722,0.126243213971589,6.38396115077858,1.18304121255094,0.500581607250606,-0.676745749570974,6.06542326360112,0.0697648991224327
1990-04-01,1.78606433653351,2.39349239052888,3.00226091072022,2.13301211055169,1.9209009733773,1.776207266518,9.03020903250061,9.34494192754748,3.82700309524255,6.7893422649735,1.66426229508197,5.76139344262296,0.091371996004483,-1.96004226893471,0.789581519749461,1.1606802549865,0.301997779775377,-0.377565288397125,8.21941996379416,2.59830248697177,-0.064145551884487,0.549314464989843,4.8237494165788,1.27736904673289
1990-07-01,1.20207442124598,1.82203791941342,2.69722646839253,2.05431240541041,1.88661052059862,1.77124919374934,9.56562068985335,7.58237791722884,5.07771612180505,6.42568587877858,1.69267759562842,5.14247488101535,-0.850362535989163,-2.29944437099712,0.605527905463163,0.587872344032021,0.0495858784045368,0.230435722053009,3.76818747469586,3.97102049358203,1.41554513639741,0.122121486656926,5.85305437508943,1.22565862041047
1990-10-01,1.74781885887866,2.3946016289422,3.56496561681816,3.15816442651466,3.0365037041749,2.9515226704892,8.63286752120709,9.61105897233531,9.84697255905752,8.31610020545554,2.92737704918034,5.6664172395558,-0.685331688113266,-1.53788853634173,1.27068085668958,0.845670059933383,0.334597015945852,-0.319155975852986,4.81655788098986,1.64668327290365,3.17969553560709,1.65013405788834,3.48384973678905,2.08568458630667
1991-01-01,-0.093788880626775,0.512550415829551,1.8253881956563,1.62170228498182,1.54201576266681,1.48498886813462,6.9472786575115,7.92496357793044,9.81058470829055,4.79675993506696,1.49442622950819,3.57606292966685,-2.73765556143132,-2.86303102414948,0.162521966399538,-0.536323221331088,-0.399563797724586,0.365858888967715,3.40679688283765,2.43585589777044,1.36696747118493,2.65917093018786,5.74676109112978,0.555257018785952
1991-04-01,0.674526599729347,1.26193705872026,2.76044362511846,2.78125925311893,2.74761921422649,2.72122670746867,8.48856168168794,6.81857162251123,8.23733458712221,9.708484657414,2.76994535519125,4.11816499206769,-2.1817063282214,-1.70905495328751,1.27647520644348,0.113475911538188,0.231323346895052,-0.354331851690447,3.90618139030271,1.5685700562588,1.88221981709354,0.741529434756739,6.69590704358362,1.68619746182739
1991-07-01,-0.565354938380295,-0.0421914517405924,1.53056235814041,1.75063759083764,1.75990171328857,1.76226495294634,6.57963079506948,5.32796899024754,5.26906840583294,7.9747940049953,1.81098360655739,2.5198810153358,-3.53015570832596,-2.34571196163114,0.697624323719694,-0.796091853787317,-0.247432848229778,0.461014140143449,1.7780516963669,2.48943712045138,0.47820959800864,1.52575924936334,1.82696970397398,1.13620526630594
1991-10-01,0.0559756562078633,0.538997554788892,2.18587513906513,2.54583099430698,2.58445254490043,2.60641195562165,4.78129056252318,6.90725875393862,6.99894170319364,8.05367971580884,2.70819672131148,2.90667636171338,-3.14275926905222,-1.07509070744463,1.41870189765287,-0.102519898574442,0.194627182011144,-0.300488241906965,2.26907468301111,0.336344407852132,1.94323621365023,0.154621222117251,3.0367919551579,1.53493552269939
1992-01-01,-1.92757658154862,-1.5549835769044,0.00437407108557863,0.479794165613185,0.546019825356652,0.586749202297455,1.95847245482011,7.568060262754,6.30077396255246,3.92892337317328,0.703387978142089,0.424320465362243,-5.11451554145364,-2.18281406075565,0.156204643452838,-1.27689490704917,-0.646778617254708,0.633024494892451,0.362002563529562,1.56110798766565,0.117192914357667,1.6636295070716,1.11415474271672,-0.414249580936328
1992-04-01,-1.07166428699406,-0.780019633262498,0.729578048815199,1.31873387013967,1.41154316728465,1.4702972101807,4.20386773304115,5.91637132241657,4.71361985410344,5.90965116676213,1.61699453551913,0.845423056583812,-4.25744638345378,-0.618800495034989,1.19854492942282,-0.20228080211244,0.0836536063902197,-0.289000526814988,0.956542633713999,-0.357670415879819,1.39522756517148,0.0827566452222705,2.60240880123074,0.319689991089078
1992-07-01,-0.843357047897342,-0.624575739516786,0.841434215151665,1.55656889236269,1.67888207736725,1.75765103133438,4.31674408280622,3.1480297131489,4.01335411232283,5.51426215876502,1.92437158469944,0.612636171337911,-3.94216698983489,0.188638800752074,1.43315136476431,0.021647090130287,0.115232240010655,0.313873924349984,1.71240754378088,-0.519850533282023,-0.803066001697226,1.04119269090689,1.10678996075741,0.62158918800597
1992-10-01,-0.242088117911308,-0.0725451690072134,1.37825908570444,2.21607248674657,2.36670138310855,2.46464423689382,-0.418389280126689,2.21641039512757,4.91050942380156,5.37685168794876,2.6668306010929,0.796396086726602,-3.2276984546683,1.21385032904399,1.72615455802794,0.342653103771113,0.235358982273265,-0.231411463750199,1.91936232665813,0.510606482499844,-0.617015461134432,-0.86497974997308,1.72615762478453,1.11850997750453
1993-01-01,-1.35524814160665,-1.27038459212825,0.0700892257800945,1.00639511344646,1.18214722662461,1.29732557449589,-2.49587751590337,2.46840733893241,6.06506504185042,4.10920459957708,1.51109289617486,-0.866969857218393,-4.0554086609084,0.586611103766359,0.693045346377602,-0.571021174863091,-0.331010031439939,0.237844448880147,2.26003441142411,0.551384012522144,-0.0322800049318128,-0.605630037175715,-0.179283286238947,0.0429001813377994
1993-04-01,-1.01557848850237,-1.00020540356269,0.237673126454666,1.26086560676906,1.45911514306887,1.58975865919196,-1.3276689454126,-0.755971682044859,3.84204094757862,5.78550934857486,1.81147540983606,-1.03346113167636,-3.400868441154,1.27398514160642,0.915268071431512,-0.259584189277248,0.0557054597977917,-0.0722595945033608,2.04629659845727,0.726919145568309,0.364404409118993,-0.116141877995893,-0.378214313232086,0.450812102861079
1993-07-01,-1.68063427535539,-1.75260384378117,-0.68749117598621,0.382327309778304,0.59559767957505,0.736812924902765,-3.80491501203066,-2.85726888306904,-0.299663041786587,4.23121696271954,0.944699453551905,-2.22654151242729,-3.6858428814854,1.0040348287208,0.289952812919552,-0.655505939063659,-0.246192745529129,0.520072814977826,0.0293888458603776,1.12976411202598,0.378256573051848,0.421604780330008,0.101901627815181,-0.0562680600246637
1993-10-01,-1.21472746683661,-1.35073038696538,-0.453623824950043,0.614612357509174,0.831864022904114,0.976184070172408,-5.22205954600111,-3.49183137623359,-0.704374849514807,2.1335878477727,1.19945355191257,-2.17265996827075,-2.89470944238792,1.77989691668135,0.479181700768848,-0.087805232952519,0.0705769173549613,0.0108800195927731,-0.0498660369228836,-0.126889455276275,0.809384694171485,0.256059105762747,0.218559429602975,0.0235240827828846
1994-01-01,-2.89406922641446,-3.14717870200991,-2.5562773127939,-1.53430745495201,-1.32003865908305,-1.17701869496655,-6.5635429971411,-2.43434147617319,-1.34037975179859,-0.527494241486963,-0.971311475409848,-4.42203860391328,-4.06183559551091,0.537627981961322,-0.867341862262535,-0.991840474108244,-0.585280870580249,0.697682348274875,-2.06752984060324,0.750923049633921,0.200023181896735,0.950787534204735,-0.0859513105707015,-1.89712816104768
1994-04-01,-1.93314846078503,-2.26522339277226,-1.92551715495944,-0.958337840966777,-0.750070148770888,-0.61048875373001,-5.45784911063225,-4.41397251217144,-3.71950316650783,0.601546605926458,-0.412459016393441,-3.90401110523533,-2.62453845701864,1.67889821669898,0.0118333807916002,0.136103828526103,0.161133201267376,0.0437169314603256,-0.701430052623261,-1.34110755572085,1.05940151924801,0.281041950959103,0.967266692696982,-1.26612419597126
1994-07-01,-2.32106855349348,-2.74019619454754,-2.6870393088669,-1.79169798440186,-1.59238501287382,-1.45814954300039,-5.83433841511088,-6.49075686928234,-4.87349118214686,-1.35559576741822,-1.29759562841531,-4.74075621364358,-2.46907808919444,1.41255563634759,-0.296381391612087,-0.0148666507344757,-0.248553679246563,0.809597758855829,-1.73772348949127,0.0570481957438315,-0.743135997245274,1.18274019673918,-0.052842947855435,-1.66876620959218
1994-10-01,-1.45934102189227,-1.92719916985529,-2.11713286268935,-1.33135763078818,-1.15056163813667,-1.02822618060294,-5.35352330996166,-4.27661118328226,-3.6139787021412,-1.93310243207283,-0.876557377049181,-4.15137228979376,-1.17040484164758,2.24245475644868,0.25933363503232,0.703806797380096,0.142438158584642,-0.0854626884377932,-0.796704843494548,-0.739380181915956,0.314848115392019,-0.551783301904586,0.843749616437478,-1.27932798661129
1995-01-01,-3.29631889211628,-3.86917419873713,-4.44786954433452,-3.82809724204542,-3.6754014424783,-3.57113743567609,-5.95367935948921,-4.8773632143037,-2.58212674898485,-3.69618874629704,-3.46054644808743,-6.39446589106292,-2.4243069510547,0.557548548680884,-1.16854203107842,-0.512267793461788,-0.715969659945939,0.857952151005105,-2.53785746110704,0.516071551507558,-0.184806256638435,0.322761173688916,-2.30940269254502,-3.50544143638727
1995-04-01,-2.21260878278163,-2.84746797614294,-3.7406275451215,-3.28713370974005,-3.16417214715977,-3.07922963508116,-3.64683129690972,-5.55323288113661,-3.0774158540801,-2.4671552991643,-3.00825136612022,-5.55409571655208,-0.841255067865333,1.54168649744403,-0.0868160415734707,0.509296465036584,0.160536556894789,0.121251357003069,-1.71044382580819,-1.20820571611083,0.955518070713467,-0.441328064179554,-1.19206869405502,-2.73770012404779
1995-07-01,-1.69623449115662,-2.36827874028505,-3.53872510347847,-3.2632004875565,-3.17344934306335,-3.11025372587481,-2.2610785665012,-4.02632416687652,-3.57858097334594,-1.68958552609045,-3.0784699453552,-5.16382601797991,0.113246371702203,1.82957668635055,0.271234186226209,0.692656163134444,-0.0420593945700556,0.810934091298662,-0.963120744504855,-0.8681214518704,-1.0937610704294,0.948647361929611,-1.24120077326007,-2.53497896287479
1995-10-01,0.673383324455003,0.0500215462305391,-1.19738064141033,-1.03707790512392,-0.970615404584706,-0.922866957160906,-1.90464464650429,-2.12345611374951,-1.74245245833706,0.0290015727744617,-0.918907103825134,-2.67087255420412,2.77743228156766,3.51997326517423,1.77733647235888,1.67679751589864,0.542585165300803,-0.579416197584644,1.93451914729326,-1.51918245395937,-0.728097794116242,-1.10671151942498,0.793086481094199,-0.188089038248947
1996-01-01,-2.08401205365065,-2.74378187908633,-4.28091856061377,-4.33525652319439,-4.31022829122902,-4.28977543965175,-5.51501560441889,-1.60701865441096,-1.83495215048991,0.262877247315046,-4.3396174863388,-5.45030407191962,0.396892884423281,0.579054108643291,-0.780032186877165,-0.944156878398061,-0.956486832527773,0.581433357926936,-1.28448813860505,2.20164013934327,-1.23061562315982,-1.00937137774118,-2.51580475887065,-3.20012391934037
1996-04-01,0.555289430765868,-0.0474788687008925,-1.65870569624285,-1.86943584444067,-1.87736537568719,-1.8789258681047,-1.07707760764895,-0.196915931416527,0.0566351649229944,0.499524058224878,-1.96032786885246,-2.54064251718667,3.199337211352,2.60230422615901,1.16827136639135,0.616387552712766,0.959446122240548,-0.754014128485553,3.47267650508697,-2.24816720608322,1.53076431163294,-0.924099264527428,-0.866059651886187,-0.671411444968399
1996-07-01,1.85335834999657,1.35436689160223,-0.197724778938337,-0.507825954381204,-0.53873051672312,-0.555837695541044,1.45165595882422,2.63365913378837,1.87756687120947,0.976256809721676,-0.676885245901644,-0.825973030142777,4.55133556613195,3.08224447676129,1.50686246593169,0.498042617527361,-0.238542716603417,0.729268775889097,4.98540281434734,0.0248200124476913,-2.62638508939218,1.5682175394686,-0.221247268225832,0.966378013187864
1996-10-01,1.73097627610498,1.33722134362273,-0.153385101666387,-0.59252663453104,-0.653517068419376,-0.691014790703989,1.61446208601896,0.871830748633556,0.359816635906938,0.606043276358918,-0.828961748633873,-0.446126388154411,4.35655208884187,2.30863960867268,0.550482040434403,-0.498460979131707,-0.241493934241439,-1.00101417195675,1.86267966138692,1.47719300160629,-0.257174894640574,-1.77987436255043,1.35515975369057,0.767228174524718
1997-01-01,0.475024547745619,0.144265322285079,-1.35864126370771,-1.94404812817297,-2.03762949360956,-2.09708164447532,0.324778992655013,2.17438458507537,1.49157884322329,0.964126011968716,-2.26349726775956,-1.29282919090429,3.05255655443915,0.660566866443403,-0.965326648496969,-1.76188116110029,-0.131853027043172,-0.103021171969471,1.2654080315333,0.961346364234026,0.736977161204474,-0.317081239699331,-1.07260357744964,-0.563375952593546
1997-04-01,3.13788110629024,2.95740393875549,1.68083035654577,1.04766550047594,0.938565113935027,0.868196274010742,4.29603193633652,3.53335826472018,3.01335807302095,2.22390573769886,0.696557377049174,2.00434426229508,5.47730301427815,2.52630222104708,0.623475165764958,-0.150912063214577,0.583991294213526,0.0325175950062482,3.17407773108595,-0.605345307269211,0.63601816542946,-0.074912382799542,0.574060888947947,2.30748465901883
1997-07-01,3.67740839628213,3.66239936217106,2.69347337400593,2.06643564878249,1.95210712691929,1.87759009977601,5.64101164351358,4.15442499064702,4.46687463046713,3.68429978474788,1.70065573770491,3.21108672659969,5.71378811916094,2.24732394676539,0.11695022983362,-0.483483843848759,-0.678340797566533,0.04065707027378,3.92332283986356,0.70870450871581,-1.52678817861634,0.13199250636657,6.34697397815004,3.31662405963309
1997-10-01,2.82762052317088,2.94767359181454,2.23649929976258,1.58956570980479,1.46482598342185,1.38272149004862,4.3611644231389,3.27761789505701,3.12497783812462,2.37075567446408,1.23010928961747,2.97434955050238,4.51992596509781,0.858998215230059,-1.36100145425704,-1.33862032875039,-0.290422204375882,-1.31306415694212,2.5501731791599,1.37736856634628,0.409659768087742,-1.12203201344672,3.36423112950809,2.37114648471028
1998-01-01,-0.393958874047641,-0.255374782924008,-0.938019137785886,-1.64870787060829,-1.78900304685048,-1.88172314982005,2.06287788252588,1.29452119549065,1.15727101140112,0.613783942740682,-2.04316939890711,0.0201348492861086,1.15708913567188,-2.36957003936774,-3.92642034129277,-2.99849464060563,0.117482747262803,0.779209903136035,-1.60846881244598,1.29558227486332,1.58821061396275,0.408780823581656,-0.112131864792106,-0.924256444904643
1998-04-01,0.476991390941208,0.655622453016477,0.0732580339166446,-0.665165184570597,-0.814507816983095,-0.913604563744968,2.89529586695235,1.71145159843081,1.19199341337199,0.66442180872366,-1.07010928961749,1.20259915388684,1.80706386979257,-1.62878125183616,-2.72827055282103,-1.16781323306161,1.06989973579899,1.68047781600239,-0.772878834843928,-1.05082581808245,1.47417658268934,1.05651247006224,0.165457202822059,-0.117418365631138
1998-07-01,0.362875564900122,0.570159128405237,0.0894897993745616,-0.652109553967406,-0.805020203116314,-0.906801788539326,3.40383498931681,2.04225714043456,1.45203054952873,1.55118409782199,-1.06672131147542,1.34417239555792,1.47489746753628,-1.84280546741876,-2.44075723060649,-0.403747271150039,-0.208839169776748,2.12329986489044,-1.14787206435717,-0.279890662065695,-0.939203906857192,1.5611692453877,1.16252129346304,-0.105490885943894
1998-10-01,1.06333386001879,1.31882638748912,0.989243098376605,0.252156766060622,0.0961795838545498,-0.00806713033288986,3.47993883975791,2.87841107932793,2.89322086200252,1.74095506143705,-0.126557377049195,2.34347170809097,1.8785204771138,-1.2973805012045,-1.60286875076277,0.782779054630808,0.0902776843128621,-0.0892656376706105,0.635864060270854,-0.428632896277312,-0.180131931090594,-1.22568734863173,1.94762933422939,0.18716119537865
1999-01-01,-0.240216770762316,0.0097945048270276,-0.244247230206796,-0.938993382924309,-1.0876858102953,-1.18723783627576,4.09676950322277,2.56471534594549,1.90389988800015,1.76583534450346,-1.30508196721311,1.09249867794819,0.476537986955748,-2.66350365767669,-2.10458365537164,0.274309787251269,-0.202057195189331,0.586041975567853,0.114118464827407,0.573284381071376,-0.315314614683293,-0.121852378919613,-0.458912022232019,-0.936850793071329
1999-04-01,0.242117457812796,0.498435772246808,0.349954968531264,-0.291611802384395,-0.431263283335895,-0.525001056781463,4.88479195627257,2.13281110038952,1.63333894795736,1.68872212518671,-0.636721311475426,1.66342411422529,0.801231564721775,-2.28714561666369,-1.00754555993984,1.0714038495434,0.48632239146146,0.381462384358806,0.442603448894064,-0.357218653245221,0.519965894927142,-0.0339972462830333,-0.504381103337407,-0.279169055528982
1999-07-01,2.62069209310151,2.95717085906192,3.11745539594526,2.63524202754198,2.52443618188552,2.44949240688656,7.5675020363753,5.54308553401361,4.45763962258752,4.3449276315592,2.32595628415301,4.2987440507668,2.89592808038076,-0.398727525118957,1.22915714111377,2.4871220626721,-0.169798049469727,0.57233648979151,2.91826102077335,-0.569388631958405,-0.860081308087381,0.680555572923818,0.403051455452054,3.11203050735892
1999-10-01,3.82509613163784,4.28438553156644,4.83432202246156,4.49693729542487,4.40963508507728,4.34968060281926,6.56209827815482,8.49920864700967,6.39408710236594,5.61977264439535,4.26956284153006,5.94566895822317,3.59738997590928,0.354614328103906,1.80882205182439,2.52215626652583,-0.687176223660971,-1.0913855904008,4.78324916100628,1.06375222203455,-1.22934266746591,-1.73715715807726,0.821881335072379,4.61816499057589
2000-01-01,2.06369100770056,2.58094622013853,3.4041003673689,3.20939908434418,3.1476262066566,3.10426401944174,8.48996486408025,7.10209008305966,5.03454497730927,4.8997334342864,3.04185792349726,4.40306451612905,1.47519948293085,-1.53044171220398,0.196520054509193,0.568699897626075,-0.50683864478639,-1.28644068652619,3.54569023971461,2.18002501908674,0.458505638798337,-2.05828698664425,-0.769144385213432,3.35771497286808
2000-04-01,3.32762350431743,3.9403375817726,5.14125160139287,5.1380996873108,5.11065098089387,5.08960744026237,9.96259539169456,7.45515047874365,5.99291347133537,6.59089912358044,5.05939890710383,5.96700951877315,2.28769727951115,-0.515980668664412,1.17675273563032,1.11846016556157,0.363987050233089,-0.625313016801868,9.85016251655421,2.91886020538816,2.18578928179126,-1.8322594731048,-1.07686331123208,5.2081377103237
2000-07-01,6.50192298822759,7.30953710023526,9.1682999627204,9.50047859850612,9.53401336888774,9.55274186916685,11.6389051674496,12.2230387032457,10.6673682272351,11.0323903714624,9.56021857923497,9.64178476996298,4.86617662612375,1.92721939450027,3.10756737379492,2.3205286597109,-0.424774930005354,-0.378910894101993,101.107727147789,12.7969494505953,5.14968567689565,-1.86977869723877,2.77854516290861,9.69825951019257
2000-10-01,3.29871154934841,4.1933410890136,6.4443312770469,6.98271715510094,7.05329839074855,7.09612360683708,6.14390631680459,13.2221402305986,10.6473327236194,8.47499073118867,7.17502732240436,6.70509518773137,1.13803043657089,-1.23060917210175,-0.223562980515013,-0.754958626557439,-1.11940225467308,-1.2070990049815,9.4415948828735,6.3656000184672,0.00921093291863025,-2.939757587477,-0.669235855175011,6.59708124942556
2001-01-01,0.983011334664752,1.87509322910354,4.35021155041598,5.09210913103453,5.20288382678004,5.2722847118869,5.43508246734982,12.8354123086379,6.75597106051691,7.31432857373308,5.38688524590164,4.31545478582763,-1.44870203889769,-3.18816561636993,-1.75273430826181,-2.00788248823679,0.736047464152999,-0.895956767457088,5.1773104140064,3.88631668226692,4.87129373747714,-2.61214187524215,-1.83190358170113,4.65916906466741
2001-04-01,-0.330657133166213,0.507118435250433,3.07885372369557,3.97959449912761,4.12318798240592,4.21444047847955,7.66695879501742,8.44623980015085,4.4118975028742,6.6937319080257,4.36224043715846,2.77636435748282,-2.95313120629883,-3.90102055056111,-1.96388042549727,-1.93050214240215,0.480912206596622,1.70997394225133,-0.265732368050065,0.881168306185696,1.11532652674648,0.832061325382166,-3.01032298444432,3.4598178185213
2001-07-01,-0.414528775688424,0.357362299838542,3.0047738388149,4.08223419371386,4.26335142613722,4.37969732395491,6.87359079941257,5.61097602147153,5.72508689184052,6.73051694276154,4.52841530054644,2.40001322051826,-3.17561901404314,-3.40346175597863,-1.0590443090753,-1.00228036142876,0.263214660271059,1.13221137628119,-1.88494850647216,0.201214589710989,0.410546208969966,1.26287520132766,0.323960838397674,3.97119419502361
2001-10-01,0.0882296642630251,0.811401620022082,3.52456302768381,4.7215740784047,4.92735437807508,5.06011428215473,5.60019352265982,9.44310385868748,10.7233592935067,7.48635750665815,5.26420765027322,2.70387361184559,-2.92550561137551,-2.27008453786942,-0.0707916548020648,0.154186972026679,-0.0464131701354232,0.471641536857099,0.282420881994958,-0.707332303575108,-0.555869161633163,-0.589199534574196,2.02975896756737,4.1312107309958
2002-01-01,-1.51127801862472,-0.897011717869162,1.75266397148479,3.06611882973961,3.29895387944781,3.45003724973967,3.33025128715525,6.8540176850905,9.27944071457783,6.76890935868718,3.67387978142075,0.64622686409308,-4.53482108231978,-3.10835426582057,-0.654409297075176,-0.417866903279929,-0.105926586328116,0.198458993364501,-0.159053597563422,0.453236361926316,-0.361241982204696,-0.258317000421847,-0.161569278466914,2.51868357034475
2002-04-01,-1.87678303052417,-1.3848770077376,1.14031963920152,2.53881186824236,2.79306589117738,2.9588071846066,3.35205989735481,1.33443915581729,5.62365990799265,7.91117028215521,3.20054644808744,-0.226388154415645,-4.85137082084728,-2.6860294009636,-0.0871020624008167,0.0435637008636718,0.437114613145215,0.320845016812991,-0.115390373997721,-0.189882525355593,0.49711313627791,1.11463406505526,-0.198590190005093,2.0003921846633
2002-07-01,-2.28713980404859,-1.93193304612723,0.411936693041383,1.87838375648643,2.15167087397285,2.33060136241477,2.10956758384476,-1.20206304325245,2.76231438136126,6.67882517119686,2.56273224043716,-1.19780010576414,-5.13404782889711,-2.29958226834717,0.385665042915861,0.28093573302715,0.173076875086951,1.04216458743577,-0.569123702282334,-0.114854734779346,-0.113648002852087,1.28696725861659,-0.0977045262017233,1.70161957633219
2002-10-01,-2.56333712726311,-2.34774125611068,-0.258313512502554,1.19342101551615,1.46859758388206,1.64928711446137,-2.84650882451962,-0.945058331408035,4.80686896345114,3.25421609637991,1.90595628415301,-1.99291115811741,-5.31106527998119,-1.67821791086433,0.749364703250194,0.598577972243959,0.210539501185432,0.597684288127041,-1.10023352792866,-0.241431037905647,0.125131768113866,0.725815361745909,0.567875761891486,0.723693790893151
2003-01-01,-3.60695052660682,-3.56545624962823,-1.82292516379718,-0.393016196144771,-0.115168752612618,0.0680374620471866,-5.5674030109937,-1.4523757042528,0.495948004122909,2.68768238948215,0.304644808743163,-3.71147540983605,-6.05633703507846,-1.81509893354487,0.597634442500919,0.225774315584346,0.26516730279418,0.708178662155814,-1.57370877412462,-0.363483407687582,0.0490374148688671,0.81066406132332,0.0835718160192646,-0.531699533483248
2003-04-01,-3.48073239327522,-3.60103767946427,-2.23914293894777,-0.889582508368136,-0.621473472407104,-0.444050279703333,-4.6086971222127,-4.35790709486494,-4.01204374443722,2.46268418548817,-0.213060109289643,-4.18280274986779,-5.65689758505201,-0.804269676537984,1.24838602896313,0.732911742870996,0.398521193445734,0.745282163572059,-1.52067502825143,-0.849266191018882,-0.00579214728812218,0.957326478141337,0.351523834674845,-1.03221273263307
2003-07-01,-3.22235296749818,-3.49017740979642,-2.50273407974251,-1.22990676871868,-0.970511775462995,-0.798155422441312,-7.9712103043947,-5.0122590169504,-3.97246236515076,-1.85513258169951,-0.60043715846993,-4.50081173982019,-5.06259239673307,0.187536172806858,1.76562766952777,1.01347922514223,0.154900120040689,0.798057018586616,-1.38563924325511,-0.837702654683078,-0.537072193844795,1.27530350409175,0.453449373380084,-0.988179028755269
2003-10-01,-1.1040992911222,-1.43565497634162,-0.689867599429448,0.49215158286097,0.736829430003695,0.89980203205431,-8.58369032495287,-2.56056876159448,-1.62820820411136,-1.79507485019747,1.13245901639345,-2.7030248545743,-2.74632822139961,2.69291820906045,3.16397703697673,2.23584994372851,0.03651994012215,0.183495422691136,0.689621809293767,-1.01060125665726,-0.585289291522632,0.362322050700774,1.02785075535738,0.108871177816326
2004-01-01,-1.46575901416946,-1.87000856936845,-1.36233535344596,-0.209849813707763,0.0344144375911526,0.19771082826361,-7.00876939981808,-2.55058544220213,-5.2961743160607,-1.99431425730612,0.41502732240437,-3.53557641459543,-2.64737763675893,2.48850384129503,2.43103623438958,1.0562826868844,-0.322943029018516,0.0468433101541457,0.650402740976523,0.471254518871641,-0.866335425519601,0.0842451515924733,-0.0317940370643062,-0.371486339050421
2004-04-01,-0.842559850510412,-1.2891914052407,-0.976365522783055,0.141673389344163,0.383610197151484,0.545865163990811,-6.76887927573685,-2.71908095543873,-6.25550985089208,-3.53900142723421,0.739672131147557,-3.26991274457959,-1.5803572477819,3.09847339737939,2.46496821990806,0.676161592021771,0.155675610478157,-0.356360609333045,1.17713576413634,0.0951799644978902,0.352256695431709,-0.289592983843046,-0.263504505885444,0.288592593041727
2004-07-01,-1.44442038639011,-1.94335797364187,-1.88374715839632,-0.855984920294077,-0.627774138663227,-0.474141780618567,-9.34770945815592,-6.13009602544588,-4.77504207225141,-8.10475696444183,-0.31371584699454,-4.1842649391856,-1.74098478171456,2.57955759004639,1.44350882723836,-0.428022218945046,-0.00816123537813309,0.458030168287177,0.317496918929869,0.583634739154743,-0.00794615947064163,0.684163502434057,-0.97388418792954,-0.39000870832399
2004-10-01,-2.53222657071734,-3.10894097527068,-3.4117266685455,-2.56981391383525,-2.37476580798779,-2.24267758678533,-8.1293839425631,-6.94418717371616,-3.54565714539808,-8.5475806378374,-2.09371584699454,-5.57199894235856,-2.38736706034436,1.77060160702743,0.203404080055293,-1.3313599336939,0.282403718274476,0.413377463359526,-1.32501206285591,0.437458315427433,0.568025006769481,0.558718962810506,-0.500605699189431,-2.29553964960195
2005-01-01,-2.46642485960513,-3.11522923669196,-3.7613936678907,-3.07860737451549,-2.91084291311034,-2.79634077297237,-7.53262448546528,-5.84985538906085,-3.93881289012492,-5.13159000486064,-2.69360655737705,-5.82076150185088,-1.78738938833072,1.91844978406485,0.169517705324807,-1.25629921253159,0.367571360240173,0.819905232874553,-1.26400721001089,-0.664398295010006,0.515663436791092,0.90339110471452,-0.0286066589608838,-2.45677733372307
2005-04-01,0.120115705536108,-0.5056772590778,-1.29329369858047,-0.727981118750762,-0.582410430380094,-0.482463103890439,-3.24158184370722,-5.70462738171742,-1.54776853620689,-0.816527079936122,-0.400819672131149,-3.24939185616077,1.15319583994358,4.11933115194782,1.74115679534637,0.237870505023665,0.00689560473950753,0.573801241357776,0.45301684789537,-1.03602188065943,-0.55586511773163,0.292247946966082,0.86182849744956,-0.0592917781024198
2005-07-01,0.746101205581624,0.170310840860225,-0.685743341246479,-0.207963178757524,-0.079352700271869,0.00943019116527921,-1.811733946739,-6.32644902260472,-1.88122471122946,-0.720984126443767,0.0533333333333417,-2.54786092014805,2.10757271285033,4.19650152035959,1.30516927348168,-0.216080616347256,-0.477759876105459,-0.218518698485856,1.01379663240129,0.290862691338333,-0.95076087668809,-0.228606637168824,0.710619809202022,0.788358836425687
2005-10-01,-0.128511976397533,-0.674296097702552,-1.67258613584144,-1.36011475709236,-1.26480695313791,-1.19811062144265,-2.23314106996406,-4.35718975436109,-2.00937005763279,-1.70302476099891,-1.16278688524591,-3.30703595980961,1.5044973265174,2.99467415094895,-0.291017979904865,-1.31630122950824,0.0126189017959117,-0.635100089534476,0.461761521082918,0.663752940116188,0.290890601389585,-0.689760619803994,-0.586801493219566,-0.613339927564056
2006-01-01,0.373703912459661,-0.125472203751826,-1.19001583279356,-0.979788624530045,-0.905034996876736,-0.851957340048273,-0.701748296509152,-2.73745131496011,-1.69449489518666,-0.500409822330397,-0.857158469945347,-2.67963775780009,2.31979552265113,2.94614236294731,-0.44334301143067,-1.19361392188372,0.217732156880956,0.166186170587598,0.800232360974977,-0.180814938886244,0.610551048048454,0.321550732101863,-0.871803444026024,0.0919206753208357
2006-04-01,1.56690925433529,1.15953081526828,0.128192654399555,0.238137042230051,0.290381753172738,0.328292486787262,1.87358348420324,-1.32942359439483,-2.1152541920622,1.38135550955127,0.31513661202186,-1.1719645690111,3.66309301369057,3.44411760385455,-0.236846957246939,-0.611971009776681,-0.187744035636223,0.276047092728763,1.05599266552629,-0.115528972603552,-0.25148753351433,0.439656488782844,0.240912370449022,1.16079838167175
2006-07-01,1.60599542199384,1.29083460519249,0.331716442825098,0.381385883793229,0.419284551119517,0.447456452937644,2.51703402420125,-0.307873944197041,-2.26540827643279,-0.188605423063649,0.402622950819648,-0.823276044420965,3.86387566837061,2.72457933045419,-0.926765651059725,-0.965440624618765,-0.266063060652323,-0.289961969926735,0.959805428397567,0.425226068266391,-0.195270173078233,-0.621515360773716,0.599555957268428,1.56812922831546
2006-10-01,-0.396598276966671,-0.682755242668691,-1.73639670189422,-1.8563559829295,-1.85444399447235,-1.85034007766129,0.72895093558779,-2.27492334792885,-2.19036880025936,-2.8624601274243,-1.89650273224044,-2.58660497091486,1.99667195487393,0.412670765027343,-2.91843896188433,-2.11707482474347,0.265689549760255,-0.13525126052889,-0.290121055807834,0.758248333392848,0.395156751268113,-0.551760639366135,-0.673731768823157,-1.05188193315448
2007-01-01,-1.82956859652685,-2.14060937160554,-3.37737549590551,-3.66018575134251,-3.69080977541839,-3.70826397015534,-2.10800390160523,-1.95142621253703,-2.76555949123144,-3.21056447412823,-3.79699453551913,-3.95966419883661,0.835456842352642,-1.22184121423115,-3.64992672782012,-2.28388484081154,0.741669807191345,0.785520046264859,-1.43191136750433,-0.0589931328793959,0.848207095056774,0.908210964868477,-0.794222722134643,-2.62961043193062
2007-04-01,0.103959168238475,-0.1686547599015,-1.43473435870118,-1.8361135207393,-1.89268568238458,-1.92757296259427,0.497890902313827,0.368487816142817,-0.751062559044215,-1.40161451112084,-2.04562841530057,-1.75835536753041,2.85758387684351,0.198169876314751,-1.67428741406673,-0.185938105940721,0.228659606914836,1.18834782434777,-0.274484273547633,-1.23046883696473,-0.129671522262843,1.19084311465508,0.64563089008054,-0.697004268873343
2007-07-01,0.608175578074338,0.389848227411989,-0.852877205368856,-1.35322735562309,-1.4325967242433,-1.48291201464167,0.848521079017303,1.39161681045439,0.399699031228522,-2.29160711952008,-1.63622950819675,-0.907408778424127,3.35088313061871,0.151386501850908,-1.21376230525163,0.262197834885711,-0.421930707434629,0.340756569191618,0.193883230433849,0.0871397715596025,-1.07936342169871,0.208242532543283,0.867088723655958,0.00710402660942577
2007-10-01,1.79761106225902,1.67418112440816,0.555172407597468,-0.0271201237225682,-0.127852215254393,-0.192857492186448,3.08220476603614,3.02754769903126,1.56859876700111,0.104222435551037,-0.349999999999994,0.784161819143321,4.35476349961806,0.704141143721785,-0.432783529268249,0.992987557458235,-0.254615759107535,-0.681153123122679,0.95868420363674,0.155168700392046,0.324523964874982,-0.624476027850913,0.365154419012484,1.13425691542713
2008-01-01,1.34888520208744,1.30163894908335,0.300011656176082,-0.338406325658354,-0.454618700312295,-0.530339609562503,4.00197058878263,3.65048358277565,2.34960632784038,0.973161174553837,-0.708415300546477,0.774005817028041,3.7314777601504,-0.278851761266793,-0.949390991742291,0.399414864947147,-0.220860789451394,-0.277313728966283,0.796568435092492,0.31525683373101,0.286863496715355,0.82286502815419,-0.445676032850959,0.924552204730446
2008-04-01,0.320719398707126,0.314049241433025,-0.650005681233864,-1.388344957984,-1.52853318008849,-1.62057856613001,3.2507425048359,2.64817044469712,1.47995969829199,0.617719662195725,-1.80765027322403,0.139238498149155,2.47744285798225,-1.53299143604204,-1.68456367204979,-0.173952884107337,0.284845440590257,-0.0888560990722961,-0.312580382765665,-0.0280479692637725,0.325451675568914,1.28394458007577,0.432343301342366,-0.276423519122517
2008-07-01,-0.188928461580844,-0.177280995684896,-1.13044478699271,-1.95734787057785,-2.11844329905591,-2.22469572194868,1.68662387035573,2.30077520280906,0.844627396838519,0.244944504916162,-2.43568306010928,-0.0444394500264309,1.74079088078031,-2.13714506580877,-1.70240410039457,-0.0880802197321202,0.381740620747231,0.685396914496089,-0.470955866719418,-0.305341136838917,-0.211513009267435,0.716321861267295,0.473039744454444,-0.755878409351624
2008-10-01,1.16705700404032,1.24051572821512,0.403704558694045,-0.48631118504332,-0.664999500657075,-0.78345292718592,3.25973233548578,3.76739898695607,2.84740960116929,1.49176875678256,-0.974918032786888,1.76207297726071,2.71778482872082,-0.991319811681024,-0.395658534353032,1.21893019735825,-0.0324703510960648,0.645802994401956,0.32520887346982,-0.430325127645192,-0.285028366577968,-0.205813452993502,0.465992487029536,0.241378165746738
2009-01-01,0.465397595170259,0.569940869742737,-0.174741116309974,-1.08158128498735,-1.26676703075861,-1.38986979083475,3.32031255380954,3.87868719978272,2.63788405544571,1.37110182878831,-1.59333333333333,1.35400052882073,1.74238909454138,-1.81852378224335,-0.760620296546392,0.706645259596485,-0.167392947702688,0.178803898266654,0.0783294337053358,0.6315300725182,-0.445768432517159,0.259607831157358,-0.237051064799229,-0.270524041787638
2009-04-01,0.533897631047012,0.669899942414361,0.0181430877237858,-0.915623707447452,-1.10977564721819,-1.23921467178732,3.08975648790539,4.28132109865408,2.95875548570706,1.96555495431301,-1.43333333333334,1.73738762559495,1.45673306304718,-1.76121246841763,-0.461899025749489,0.953897290132232,0.256377732014241,-0.061216830491385,-0.0852676204043732,0.247419243981213,0.761804979723264,-0.0205880450293852,-0.24627256137487,-0.340182314101611
2009-07-01,1.29581258550965,1.48310126640462,1.00377088220696,0.108000475462774,-0.0820452528530495,-0.209143892158835,3.72053979747028,4.63114863948255,4.11545377634721,3.17752419676245,-0.403770491803272,2.81456636700159,1.84813913860981,-1.11810127651449,0.299336024895297,1.48299315075431,-0.104858301608034,0.459908334495057,0.281408479025704,-0.191950090212213,0.31290492105013,0.845118081158647,-0.134458826785191,0.724224027060984
2009-10-01,0.59729172493229,0.812223309180041,0.438991464224443,-0.46535868009525,-0.660641060214459,-0.791599720817828,3.51932987579596,4.33842338788074,3.7691736367598,2.90459786547851,-0.943661202185808,2.38253305129561,0.750034667136731,-1.67782294788177,-0.249296159947932,1.02184565214426,-0.00927827501511308,0.0050332252906726,0.032371089120404,0.149524975473212,-0.300084267621654,0.717286004923227,0.432294186687712,-0.497120826460304
2010-01-01,0.664014403792919,0.899794162232752,0.670064440828241,-0.157299982735822,-0.338968888610964,-0.461102768482476,4.40048623479555,4.28485221581877,4.31868971856903,3.63673053367538,-0.599672131147543,2.56496298254891,0.567114401551208,-1.6092251674599,0.103845492820255,1.05894101106472,0.234835225908183,0.10138548955689,-0.133060432987958,0.0571423699984225,0.15088468085803,0.00127746457804113,0.313127502238208,-0.230263165034103
2010-04-01,1.18221712316497,1.45315143478578,1.40772836001096,0.679424819474889,0.515496428472289,0.404892739876857,4.93149518218436,5.16111838189047,4.8558171306216,4.97187653446093,0.29109289617486,3.21529085140139,0.807486926376413,-1.13475857864736,0.720286936094055,1.25435158442806,-0.0846392150345079,0.254954802614859,0.256366995541817,-0.254944522005571,0.0506370013304036,0.0920766229114383,-0.176407541655505,0.455024066551147
2010-07-01,0.290520310516598,0.562018674010716,0.638424851241439,0.0149370563470939,-0.128515141635489,-0.225605893542223,4.08549744140902,5.28075404327734,3.67187676031651,4.41346656546389,-0.349508196721303,2.34095980962454,-0.290999471179248,-1.89922659968269,0.253196263678177,0.399970236884826,0.126417709374942,-0.0596564066481839,-0.0646093582975523,0.207528354986794,-0.207674755144956,0.440140005525749,-0.101812793434522,0.151004841833043
2010-10-01,-0.107953731038862,0.153935701049591,0.279962397846248,-0.329126005383699,-0.471331149597887,-0.567783230488658,4.4969928490822,5.10624216998298,3.91903408778612,3.50301728221419,-0.628142076502741,1.99520095187731,-0.995111346142551,-1.92031626417531,0.175686399137561,0.30780564821265,0.380024800837703,0.208760279221607,-0.29771333123342,0.0135667922564984,0.16581350822636,0.0952353333346708,0.0854998831879897,-1.04973499500124
2011-01-01,-2.50427776800598,-2.34271704961378,-2.32870328613799,-2.89196033173909,-3.0218924094815,-3.10988745568127,2.43549339980339,0.95329706677964,1.00543393231209,0.40818259032568,-3.18633879781422,-0.737903225806434,-3.34268758446441,-3.76148055114871,-0.916086574055242,-1.14770278241022,0.892938064876928,0.613693706809799,-0.574980823985356,-0.032794234409914,0.321631389166343,0.617351434887979,-0.57607914275028,-3.24610720140635
2011-04-01,-2.44483819120353,-2.38103521416215,-2.51297704804517,-3.07736867172585,-3.20494960735749,-3.29112185153923,1.09407769145065,-0.158022009732576,0.370016003839567,0.201244005213368,-3.3788524590164,-0.948008989952399,-3.31984135378107,-3.06699993389739,0.121859313346619,-0.489873125398049,0.789338598806128,1.07782806610373,-0.359149453271315,-0.231869440255086,0.201957495496591,0.957369560062659,0.0778599847759148,-3.23973727157102
2011-07-01,-2.90190455378411,-2.94911801718845,-3.29652895607023,-3.91669120142905,-4.05278498977046,-4.1443300244392,-0.207363519572425,-0.659586723146248,0.119899562817011,-0.54101453028079,-4.23142076502734,-1.67797461660493,-3.83222045948648,-2.74635187143778,0.510535125899992,-0.368096109776985,0.361955992005303,0.883095596854325,-0.222987185720362,-0.2569883090388,0.189925612851327,0.928255342133303,0.207685212334006,-4.16772926117372
2011-10-01,-2.48286300553707,-2.62542958228008,-3.17453256037729,-3.85300021886894,-3.99831992720686,-4.09573009642597,-0.93322413251471,-0.517597945608003,0.599702582187263,0.298053888103766,-4.16000000000003,-1.52767583289264,-3.44235031435457,-1.65783848199069,1.43763459504527,0.148740381226418,0.250238030710044,0.474131151503751,-0.655817825542711,0.0422724610247579,0.210054722817959,1.05835234548625,0.237579810974866,-4.5051614492863
2012-01-01,-2.97273670407375,-3.2291726704957,-4.007543177136,-4.70316759438629,-4.84736860748376,-4.94355531944649,-2.02685655333005,-1.99250369922154,-1.75884645496703,-0.156271002276696,-5.04672131147541,-2.41627445795874,-3.79162112932605,-1.54745964069568,1.5964048326079,-0.368167814139156,0.343836738244957,0.171285283098854,-0.480979357332084,-0.552209082161382,0.426188843542245,0.966964874579804,0.157281582101335,-4.79535676336366
2012-04-01,-1.93804075708528,-2.26557293184882,-3.22759426913944,-3.97736550968858,-4.1298246212433,-4.23121426199896,-1.38260751474903,-2.12067234375459,-1.99452383231687,-0.289998554234643,-4.35530054644809,-1.57549709148597,-2.78991832657618,0.0578665755919872,2.55788532725876,0.208222450474068,0.132675147703172,0.301887711696898,-0.377512079812335,-0.316352986590533,0.245177096940472,1.29897437721836,-0.148815721871461,-3.86373213757381
2012-07-01,-1.94654701111128,-2.33801576607516,-3.50322870760908,-4.34512805903066,-4.51399890681193,-4.62605557913147,-1.44572180385404,-1.28522923000838,-1.90130788568689,-1.57777718367763,-4.75546448087434,-1.7229111581174,-2.8746130794994,0.711097523356216,2.20728318350089,-0.0412669663314489,0.125879682027588,0.071383892168297,-0.155152558840451,-0.309982203606906,-0.0550251736993766,0.319185861091059,-0.477703338748902,-4.3293733390172
2012-10-01,-3.10875172208688,-3.59580785173262,-5.07475920303187,-6.0777291607609,-6.27623661871885,-6.40766784107976,-4.3970717952869,-2.31599772364086,-2.97953726532643,-3.1663688706725,-6.50295081967212,-3.12186938127974,-4.02129149773782,0.411592558317153,0.892333319773854,-0.725865604957193,0.558172772839273,-0.0515409837522994,-0.995988460069525,-0.0548874129168102,-0.481081568103161,-0.327141793854208,-1.77847733446552,-6.84036629937961
2013-01-01,-2.8505276095762,-3.42674349528167,-5.16755370779259,-6.23760751617007,-6.44502194141316,-6.58187154320166,-4.89532406038597,-3.69068860806271,-3.40660863377812,-3.12081072821081,-6.68874316939892,-3.24623479640402,-3.50207885304661,1.19173956313529,0.999267125655962,-0.361624267786596,0.379336515787579,0.262698259823151,-0.743673871974047,-0.816623724882278,-0.0250112681189741,-0.426968480781879,-0.625230969558763,-6.92515005517853
2013-04-01,-2.74006577093812,-3.39481991351613,-5.40305063789393,-6.56409544403704,-6.78561113534849,-6.93136474186832,-5.53539089004531,-4.34553111832517,-4.44776211113168,-3.75804629472796,-7.03907103825136,-3.48195399259652,-3.10920148069806,1.75190871232152,0.793471403002115,-0.139355914995804,0.252945902641443,-0.168552558662157,-0.84509560005333,-0.686872108222995,-0.848757546221758,-0.200428617560822,-0.440193748942688,-7.38208627554005
2013-07-01,-2.43088248149266,-3.14915826485051,-5.39696395277272,-6.63161397411466,-6.8636707098043,-7.01595566935092,-6.4383729213593,-5.63497767626919,-4.1552697998458,-4.38039768373685,-7.13688524590162,-3.51047065044949,-2.44539044597215,2.32461715582582,0.673603557336435,0.145098467436469,0.205816520823922,-0.0103510315724773,-0.995800786143531,-0.86176061656884,-0.446390620392809,-0.182174870761702,-0.963883293419582,-7.37327868187228
2013-10-01,1.46849336157308,0.82414140543662,-1.34717801414436,-2.550623106644,-2.77612710373637,-2.92401830496635,-2.64350900491894,-1.87491779323449,0.460563472001837,-0.545468700594455,-3.00945355191257,0.378762559492344,1.66139138609788,5.7193904606616,2.86893386689985,2.3700346953857,-0.68141167360114,0.430499297685012,0.252163080929268,0.139212933320554,0.870565922240739,0.0878237618111281,-0.0605620781410382,-3.71187016484657
2014-01-01,-0.00447280903023284,-0.620583320790843,-2.7991861774197,-3.97065930386756,-4.18750239671263,-4.32939265946385,-4.02661786895902,-2.55166531775231,-1.72576593856434,-1.23007877224762,-4.40502732240438,-1.28768640930724,0.624203537223082,3.79872660702745,0.57622747427078,0.210073212857139,-0.235332317724547,-0.489561778008427,0.314215205186935,0.477886172961468,0.719261129532386,0.332631794855851,-0.719337499858963,-5.1716743864697
2014-04-01,0.336711030563407,-0.237756880827163,-2.37528494387044,-3.4792484333361,-3.68031326205437,-3.81148101393714,-3.86122212495204,-1.53536870380418,-1.21094789932113,-0.0499928108690142,-3.91163934426228,-1.109352194606,1.44812856219519,3.4890758123274,0.257989260871312,-0.201493596523648,0.284923255431313,-0.228760151469408,-0.380149306737521,-0.0058315698450972,0.419303523301726,0.63170156285682,0.0814900670532227,-4.17415911857401
2014-07-01,0.202899182220932,-0.328166829680242,-2.44404079685529,-3.53111617341824,-3.72768299539908,-3.85573219260112,-2.77008773812142,-2.67974934995178,-1.77399730704332,-1.03465013573779,-3.9812568306011,-1.28841353781067,1.69401022386745,2.78045621805043,-0.404574045071826,-0.749213014752797,0.1053122579104,0.68763631646878,-0.555801722917055,-0.308026753760373,-0.00569408439889298,0.41392553256754,0.380100850629666,-3.83376847444717
2014-10-01,-2.62585705136689,-3.20144472643989,-5.5473687575734,-6.77698326063708,-7.00016657542707,-7.14564911903244,-4.70306407569794,-4.55771351776957,-4.81302391458271,-3.0319386060113,-7.27218579234972,-4.27288207297724,-0.729112168752579,-0.0691177874728055,-2.78972318268731,-2.48445227223385,0.580340294435212,0.345683092197247,1.01851827169829,-0.93830250117061,-0.548779388378243,0.228628592837613,-0.968468368928288,-7.35264025799651
2015-01-01,-0.432318756244712,-0.983772648842063,-3.35741535501384,-4.60774446599243,-4.83404869682295,-4.98147614274174,-2.01705834270075,-2.38432325800557,-2.40294067885026,-1.18202557142038,-5.14240437158469,-2.12149391856158,1.86635054938597,1.5018499544627,-0.667553441402703,-0.63228737847291,0.504248005633714,0.669657938619232,0.665636210928757,0.799230261829047,-1.01983124857735,-0.736731131453494,0.00688128047251702,-4.75027251370943
2015-04-01,-1.62682072146941,-2.19199927169814,-4.68965735182474,-6.01369077619341,-6.2532137987935,-6.40922995619056,-2.79783936590678,-3.98768744079132,-3.36465822805715,-1.82383014309207,-6.66054644808744,-3.33482813326282,1.00799929490569,-0.039356931958423,-1.48923839645283,-1.56303874459348,-0.158699806700592,0.713588330614298,1.06158067039238,-0.200577683358302,0.509289910605059,-0.9738892811827,-1.61369241637433,-5.06495752722955
2015-07-01,-1.34419039529368,-1.90262343970838,-4.55667526908348,-6.09172172448152,-6.37551961652,-6.56110401154436,-3.3484761295345,-3.10377120933575,-2.01313487450315,-1.77442327064588,-6.82502732240437,-2.7864939185616,1.27265526764202,0.186502768964118,-1.28638006956027,-0.831183634693616,0.320330101617861,-0.127940622399364,1.1230985717743,0.226897106672872,-0.474094684439207,0.599551322403076,-2.55448247296325,-5.46109042045222
2015-10-01,-1.0885664201588,-1.63349901584309,-4.40178270312316,-6.10857473404164,-6.42864579507946,-6.63847773274156,-3.02461276374646,-2.97303480901411,-1.9671351801255,-1.34064858151802,-6.91218579234973,-2.29592014806983,1.54163934426228,0.271189185616066,-1.10288232721803,-0.308761932365314,0.0774828582192153,0.301027851847805,0.048842000183707,0.144294395215975,-0.387330262047617,-0.508675782889815,-2.91348786246076,-5.74794762377468
2016-01-01,-0.940163232827075,-1.46833596200446,-4.31814045405991,-6.16195856914982,-6.5111339939433,-6.74043692866582,-2.55153351863751,-0.589670506709268,-1.91249128493223,-1.24754388443321,-7.02704918032785,-1.94283447911158,1.73373053645926,0.156787450790318,-0.953379266159573,-0.0388658914019118,0.0702365918373381,0.0645198257308803,0.693592945821585,-0.215933917693153,-0.0531984204098054,-0.240693186900559,-2.42878801529804,-5.95065039477996
2016-04-01,-0.800773606421501,-1.30901224080714,-4.21099649669645,-6.1624168661389,-6.53467277694625,-6.77943857870645,-2.01369959038524,-1.09400561096047,-1.18135055195344,-0.898895104069481,-7.09196721311477,-1.6046060285563,1.91788589223808,-0.0251303689993279,-0.74820292478546,0.0867593967374489,0.0666086942995643,0.057582139313697,0.302282996282266,0.0418850586868867,-0.530268895144127,-0.291950304157096,-3.01097212796224,-5.85702459697683
2016-07-01,0.447835373175081,0.00101060789612006,-2.83989275818138,-4.85204237070582,-5.23925966438699,-5.49423974750258,-0.345166929883845,0.400813195449558,0.0800066793698591,0.521392989085342,-5.83814207650275,-0.0257720782654758,3.09076914037252,0.735168598331285,0.18995947402675,0.778105626855876,0.0443392191552584,0.0777928755021682,0.188598048760672,0.17695080495492,-0.26350994815408,-0.440665177318038,-1.70643134514279,-4.29439103750019
2016-10-01,0.47729741941086,0.0959594598501496,-2.68316871397636,-4.78737797064431,-5.19696732950354,-5.46720053160251,-1.02492064802334,-0.744650097936727,0.164219182473573,0.686833985195108,-5.81071038251366,0.410169222633527,2.91811622304482,0.426463988777272,-0.122383761135751,0.517492516847625,-0.0876753032222468,0.0456513107921202,0.191604105655663,0.0307192940208039,-0.021105593158173,-0.297180017060382,-0.80876237114792,-4.4947172986742
2017-01-01,1.20930201933348,0.914506319351318,-1.71407521141359,-3.84408454752804,-4.26294015413316,-4.53975333138149,-1.27998551169455,0.497138466357626,1.44780581364799,1.53155008985885,-4.88781420765028,1.55821523003704,3.43470239144486,0.68743242846233,0.170272037586955,0.712431609242145,0.0317163080134695,-0.0877616764000032,0.0410747388002955,0.143381104827073,-0.0744507061790853,-0.00565710203679645,-0.7597048181309,-3.60740862857682
2017-04-01,0.248531247908829,0.00666296268317979,-2.53529466582128,-4.71123500558517,-5.14271749759359,-5.42827081162096,-2.31433341096195,-1.14900435582132,0.450678722255276,0.716816561292717,-5.77994535519124,0.939021681649933,2.26111639931841,-0.498401051765654,-0.834205650246105,-0.138780169900855,-0.0389686011199488,0.0538905243666161,-0.03058871383202,-0.132852309547628,0.00138963896015947,0.00971270477324525,-0.301125193615817,-4.57641758172451
2017-07-01,0.194322643002863,0.00018522885406469,-2.44783207524392,-4.655577991059,-5.09673854855905,-5.38906547492337,-3.02782502979898,-1.02778447413291,0.44173369377657,0.584704626609664,-5.74125683060112,1.20415124272873,1.97183148246077,-0.718547285386904,-0.882653663100513,-0.00553838018171859,0.167782410527957,-0.0159138569856468,0.218180213515874,-0.137473679908635,-0.266380794584255,0.0762337962934862,-0.325035129991316,-4.6318773176906
2017-10-01,0.226642380361113,0.0783008572673793,-2.26661384095024,-4.49803914974203,-4.94734577544861,-5.24544237262396,-2.08343699079578,-0.65325860697564,-0.3701137288231,0.472999342013736,-5.5787431693989,1.53494447382337,1.74837181973089,-0.810202016863485,-0.836397256233965,0.236855762450716,0.0563724936218757,0.122193590044684,0.15863312123937,-0.0754590474559003,-0.238697783813814,-0.194920547087118,-0.238021394488553,-4.83387838737022
2018-01-01,0.966441698180546,0.882400545489105,-1.27620469132006,-3.45968010191913,-3.90261552441245,-4.19683607627928,-0.411481898792658,-0.169743383249028,0.295589332841359,0.59289795982707,-4.5145901639344,2.54640930724483,2.26070626946358,-0.372169523767553,-0.195557499084714,0.758630430582087,0.028146317423558,0.051017845457537,0.367367878870605,0.0225167035130669,-0.296249711125821,-0.319962372799557,-0.159787268352823,-3.95179930464298
2018-04-01,0.49686587310967,0.457468440136211,-1.54208600020132,-3.67241728691045,-4.10727793059658,-4.39642362111206,-0.915189306066992,-0.838938550925718,-0.0448257583983889,0.0100735760636894,-4.69797814207649,2.27371232152302,1.59586462189318,-1.04468535166575,-0.506550970182673,0.297616137167864,-0.0555019511355604,0.0192301119028041,0.161064265186355,-0.0676133435687555,-0.346249684357462,-0.112832623989057,-0.206153354669649,-4.30852193267074
2018-07-01,0.669588750459042,0.674603068033321,-1.13626780185399,-3.16975873571954,-3.58722400032008,-3.86505328971162,-0.377967822127857,-0.67161637769243,0.0180158626291131,-0.0700263512652839,-4.17874316939893,2.61580116340562,1.5810494153593,-1.10265365180092,-0.146685005898377,0.311245542312378,0.0892350970858802,-0.0539384153810492,0.0809392090635582,-0.0206316268250921,-0.37432127100038,-0.126771410032598,-0.304913487933359,-3.4594932970831
2018-10-01,0.553601853385601,0.599314206554965,-1.05111259629885,-3.03447328675256,-3.44477947901325,-3.71817750110139,-1.36051907994297,-1.64360523059818,-0.683469130911618,-0.0402073707881812,-4.01404371584698,2.72938127974618,1.15285151889066,-1.24559077354721,-0.163050837977437,0.236724743725233,0.0100740347660684,0.0749513030428766,0.00786253379941416,-0.045374778170055,-0.0439571347589534,-0.187782418862268,-0.278449006322395,-3.49986106227777
2019-01-01,1.40754979952172,1.51687436746212,0.109748839941261,-1.7625900887179,-2.15365550024839,-2.41462191385671,0.159346741298663,0.0735882334994642,0.936573898898786,0.724191722687408,-2.69950819672133,3.82780539397146,1.67439332510725,-0.545979493507247,0.537196182321168,0.724734301481845,0.0260513084284048,0.0192595841399949,0.0548728540355813,0.061892271642195,0.03817691401676,-0.125183828799319,-0.104136991612659,-2.17965198259557
2019-04-01,1.97908287074054,2.16875134458445,1.05106810314592,-0.695736725570271,-1.06536574645082,-1.31252148807923,0.57353674859911,1.23341609143915,1.75494482392227,1.94974456893289,-1.56333333333333,4.68679005817029,1.84297667313004,-0.119031854104236,0.737234267583318,0.853755178036209,-0.120628571385527,0.0807531631887003,-0.114935753429339,0.149425611263073,0.267097762495359,-0.0507950686437906,0.18799581665211,-1.35817451430481
2019-07-01,-0.0067039435915035,0.192921457357045,-0.791829538033198,-2.46126077603807,-2.81708186564177,-3.05527337231894,-1.5458810573993,0.0725515084544384,-0.555644877781134,-0.165348115752352,-3.26377049180329,2.7702591221576,-0.415448616252434,-1.87598107262471,-0.903388062889007,-0.543468377537039,-0.0777167198285252,-0.160397202158914,0.173903555489541,-0.2567661937623,0.186748245926616,0.274597707369431,0.0651501479268861,-3.55635783772468
2019-10-01,-0.0756917866434321,0.123695686192434,-0.723711861566869,-2.27269723376426,-2.60487545929223,-2.82745078182171,-1.78985639773762,0.0407129367314667,0.0895742985772188,-0.675044506300026,-3.00032786885245,2.64693548387098,-0.637076208942943,-1.80783903284561,-0.523038329333332,-0.258960019796547,0.301862121496558,-0.198493720104441,-0.0292111634819801,-0.0503067213471272,-0.467793758069565,0.178483084851475,0.818898926737497,-3.59844019336654
2020-01-01,1.94882046517776,2.20775769093234,1.6772696149807,0.366961333095531,0.0816298720529005,-0.109988736009484,0.53822218157373,1.3463436044141,0.840577606976012,1.75366924438092,-0.276939890710395,4.69510312004232,1.2230142781597,-0.0801345187731215,1.36870062644914,0.934982025180261,-0.0415826368685513,0.394225731349011,-0.126706204590562,0.100986716012838,0.420861533757941,-0.710044876356168,0.111388575794142,-0.535049547161691
2020-04-01,5.44311561785929,5.87823726448485,5.94051507922654,4.95465127746391,4.72959508788151,4.57743996802995,5.16617172049902,5.27411525827645,4.32795387211701,6.22652413436791,4.4512568306011,8.55225277630885,4.28298959985898,2.67207110435399,3.53480469226699,2.27531357204899,-0.405541118440492,-0.589415093877363,-0.208955795343437,1.61321947158144,2.47461990025849,-1.13792349367703,-0.791228560843733,4.13265487911161
2020-07-01,5.79688156003112,6.41884342219743,7.11515844892369,6.46803423621805,6.30544099244659,6.19412615836089,7.18762288187941,7.72950187772361,8.96917670607706,7.83313177181086,6.135956284153,9.29712321523004,4.15228274281685,2.35855918385337,2.61206601106451,0.9126662225936,0.232540523546557,-0.693198453778147,-1.74422509320214,1.07917704341341,4.62445901935665,1.07953385560055,-0.574122281328959,5.37607857399536
2020-10-01,5.47001718022238,6.2604147716647,7.59520365092732,7.33214869535399,7.24220552419422,7.17860373682348,8.22676740293491,8.18103502718711,6.89221609392627,8.16823750838753,7.17415300546446,9.25117133791645,3.42376990422466,1.4349921411364,1.40453204450222,-0.573588658828555,0.224536880628604,0.497392256395702,-1.24540502712921,0.493983532108208,3.30920660027225,1.59252097727051,1.73561546679692,6.28077984338714
2021-01-01,7.0050463764976,8.00708811028909,10.1234132686642,10.3261214349284,10.3242367404477,10.3184643409341,11.7952701093627,11.7234775115072,11.0179701406503,12.750166876283,10.3628961748634,11.1576255949233,4.47498442916739,2.18976199394797,1.72473121669447,-0.512624349143408,0.813487789705033,1.77315674283645,1.03412386207391,10.5078765371638,15.5121202918976,-0.254803398640598,5.33085723072128,9.54596401252439
2021-04-01,1.36074512285145,2.38129512630937,4.80604480532907,5.26533204691756,5.31383387130018,5.34135034634249,6.94052149805322,6.21551094834908,6.93611208799291,7.75730379537066,5.41967213114754,5.48301163405608,-1.49164933309831,-3.0288231168106,-3.24233672659963,-4.44561067777212,-0.437538465775483,0.572264322812779,0.360877198794717,-1.53488841863786,0.993165341919668,1.4851348728299,0.236797258578646,4.57139049786741
2021-07-01,0.0961279428593116,1.08391889213894,3.68026631091911,4.32550764486967,4.41118402114847,4.46332465588401,6.04689953694859,5.43746430756266,4.03410289529589,6.94272159182538,4.60371584699453,4.06113696456904,-3.04850226217758,-3.57643424261119,-3.62320821299269,-3.56038530183477,-0.48828274055,-0.376485632829704,0.687841623361421,0.370283497660301,-1.68014389043745,-0.568525324356692,-0.50472573923336,3.19464210296815
