"date","c.hp","c.hp3k","c.hp25k","c.hp125k","c.hp221k","c.hp400k","c.hamilton13","c.hamilton20","c.hamilton24","c.hamilton28","c.linear","c.quad","c.poly3","c.poly4","c.poly5","c.poly6","c.bn2","c.bn3","c.bn4","c.bn5","c.bn6","c.bn7","c.bn8","c.stm","c.ma"
1985-10-01,-0.875365318947729,-1.15134834756455,-2.64806981524565,-3.57160255809389,-3.7466842113454,-3.86199275981116,-0.798073511370092,-1.33301281082778,-2.23465091890408,-2.07986233970136,-4.01766261237439,-1.69971544408349,0.826435842713614,-0.37431609242158,-1.26432171961656,-0.0718461019356056,-0.64471860397893,0.567119344961798,0.287310938668235,-0.705792649784602,0.363657654723279,-0.737866942352278,-0.341838351457045,-3.29729586589974,1.27500000000002
1986-01-01,-0.173162975866973,-0.429563629009849,-1.9353579283628,-2.92850087939568,-3.12248077225637,-3.25129608867546,-0.487719160793077,-0.179181911795169,-0.822084316786004,-1.61545706412399,-3.42519201228879,-0.948305491551466,1.52451553822522,0.206841176296805,-0.6374214535264,0.554159304920489,-0.284297493219557,-0.397187037379115,0.5128389650139,0.127493240021566,-0.273907434929654,0.483645750372149,-1.07698634340304,-2.66685907582996,1.85625000000001
1986-04-01,0.551967556587343,0.338899010237228,-1.10829745465422,-2.14265310258152,-2.35116355788392,-2.49084716980678,-1.41957645522646,0.707240112092293,-0.451958781234978,-0.566282432406354,-2.68015873015872,-0.111423992673991,2.22334679209679,0.705347813463476,-0.178521436494378,0.925808791014902,0.336192599325496,-0.368255148561544,-0.26822154052826,0.448964031203329,-0.224982201962363,-0.300035769049297,0.957419626029845,-1.89475731112779,2.58750000000002
1986-07-01,0.79955294767494,0.637603265137471,-0.720093336295918,-1.78090215362322,-2.00185441806298,-2.15123680914523,0.303901302955268,0.847210959683224,-0.287654938367922,-0.153294912410416,-2.35490384615385,0.275472027972015,2.44207285252061,0.712475921247318,-0.208118250942078,0.824429486134022,0.404174432437085,0.108238972812065,-0.210127277559164,-0.408514621931973,0.125088640854485,-0.188059824409609,-0.209252468792988,-1.5467997567487,2.89375000000001
1986-10-01,0.260111931179608,0.130391217676973,-1.17308525051376,-2.2741967064844,-2.5108989517032,-2.67241141547653,0.109180286482669,1.02980777440841,-0.0737260694322686,-0.50362951843428,-2.89398601398601,-0.165419058553383,1.89076309116695,0.0398779980946244,-0.808074644750675,0.270629940525694,0.140464018552558,0.256759963167169,0.230652374507038,-0.175344548724598,-0.08074226587098,0.111737692916631,0.15473320718195,-2.05070311581999,2.34375000000001
1987-01-01,0.462599859512608,0.370052636611902,-0.856009447846802,-1.98497678003494,-2.23569901994036,-2.4084291131945,1.63482111185462,0.919614729789743,0.492811360661108,-0.228396326574483,-2.6472184531886,0.155618964003509,2.07681471739188,0.0911166673028987,-0.699294672489671,0.400797393973406,-0.21098180648849,0.0901387407135151,0.498849574284883,0.259482500585265,-0.264777116693482,-0.138632216903365,0.645958217009936,-1.77223930639133,2.64375000000001
1987-04-01,0.134470928172661,0.066295002460862,-1.10368509180525,-2.2675874514976,-2.53438558187592,-2.71998100158707,-1.20564958010065,0.322421549506188,0.171210659926658,-0.206823747880776,-2.97866549604917,-0.0818452494560375,1.73775241439859,-0.328386219903692,-1.0027598311171,0.170417623555252,0.0987469774686523,-0.116670244402545,0.0686898061049793,0.544304736639711,0.0514461039766736,-0.378001042045542,-0.391364618280753,-2.06322041925721,2.38125000000001
1987-07-01,-0.290744172205038,-0.350878121262809,-1.49708589343152,-2.7085496681911,-2.99470918477473,-3.19570430036448,-0.203194368015929,0.323028133790515,-0.390760340495746,-0.524623768453054,-3.47826086956522,-0.457142857142856,1.30501268480447,-0.780770685494034,-1.28206595139632,0.00536305983658281,-0.176609700636486,0.151510180421264,-0.340978363305107,0.20417949598964,0.572022747060678,0.0131643204100348,-0.480894859473591,-2.50935299527418,1.95625
1987-10-01,-0.224458882605219,-0.276646236163003,-1.39287401815774,-2.64712050697524,-2.95245601399256,-3.16905541328086,0.963013460799914,0.19972728317066,0.2077501825421,-0.431801255771092,-3.47643892339545,-0.338154142244775,1.35897996675705,-0.751487004217083,-1.10042918036535,0.257580847748613,-0.23291864455907,-0.0914163221080938,0.110544376568485,-0.306600507252135,0.323568096305445,0.584943441461994,0.364164745052574,-2.45254583061521,1.97499999999999
1988-01-01,-1.28567128957771,-1.36705999956386,-2.54234862129535,-3.87974804186507,-4.21360140072559,-4.45264731243792,-0.339362471120523,-2.36863260332298,-1.16834506877747,-1.4852393565226,-4.79501006036217,-1.45450033534541,0.289112758744253,-1.71391745511944,-1.78356969709158,-0.245555249696082,-0.183949465618389,-0.0988385266005687,-0.506016773581388,0.23712012319231,0.538882198392234,0.0846863691371805,0.578855907301377,-3.682090592123,0.768750000000011
1988-04-01,-1.86547922442671,-1.99721082867451,-3.28615003226511,-4.73354885679831,-5.10287806907338,-5.36972040459467,-1.90718539697131,-1.6367668568975,-2.0606232877778,-2.04895516274559,-5.75551643192489,-2.15807447424271,-0.304568556594418,-2.13751519607584,-1.89229137740779,-0.17461866021263,-1.0591714269806,-0.0267844696033667,-0.717055362948635,-0.532825377524916,1.10933609450302,0.0956393941479844,-0.435452928077972,-4.52721827672693,-0.137500000000003
1988-07-01,-1.967526672262,-2.15416258060232,-3.57366909586841,-5.1417788815634,-5.55037860684725,-5.84827876043052,-3.11577957219011,-1.72167782209696,-2.03707268752383,-2.22337903320434,-6.28333333333333,-2.40718406762927,-0.427861285943465,-2.08955154686055,-1.56492871386153,0.259415339997659,-0.879806743217455,-0.932650237154108,-0.551520979836373,-0.766247075230401,0.529793149110398,0.942442859606302,-0.71691238598347,-4.92390342332767,-0.631250000000009
1988-10-01,-2.00512794275858,-2.24805205837247,-3.8091792656966,-5.50674697101036,-5.95814106200706,-6.29026182005722,-2.34322098311898,-1.12362079043592,-2.52316467583474,-2.26821985886447,-6.78048870788597,-2.60735283228433,-0.492054015082132,-1.98832950404685,-1.22365683070811,0.640397734824717,-0.633735678217401,-0.872976877587789,-1.99352890508601,-0.776147860123418,0.396924058538346,0.158722640665175,0.237044040057873,-5.27481104025703,-1.13124999999999
1989-01-01,-0.631313330909236,-0.884201081987641,-2.47782157133484,-4.25560153942679,-4.74037172793521,-5.10068706507201,-0.862832138543979,-2.71391178854094,-1.90996298631738,-0.941767762527334,-5.63891891891892,-1.2595305832148,0.860385361437991,-0.639250266092333,0.156355532398067,1.8318975494319,-0.269465489539024,-0.498368055553039,-0.547575173470798,-1.20635015543655,0.287252590848879,0.7506978051505,-0.197794130933943,-4.01763052740625,0.03125
1989-04-01,-0.718079767592116,-0.981980719984975,-2.61367730867181,-4.47515547261335,-4.99532038109638,-5.38591699237787,-2.07433195042792,-1.43259062547635,-1.14624699030695,-1.20371088172696,-5.97663157894738,-1.37977580314423,0.755252536936752,-0.735510871540143,0.101557236900092,1.61600001691025,0.606139524782211,-0.173582110727736,-0.58547450904621,-0.949762446557336,-0.456270718496226,-0.138954329241155,-0.328701834491484,-4.22947838501932,-0.212500000000006
1989-07-01,0.0280502447898527,-0.220507770429663,-1.82590023204605,-3.74020152150752,-4.28985434947768,-4.70710529945846,-1.91404000395363,0.360844381910283,-0.625700551517895,-0.498818364993269,-5.34647983595353,-0.583703138966285,1.49494303165189,-0.0708287548560378,0.713853028309998,1.98584228602591,-0.152870263595203,0.446454185324249,-0.0784425375699253,-0.698325335922518,-0.485854498427372,-0.50759721178666,-0.803160921189436,-3.49171897829569,0.462499999999991
1989-10-01,-4.41258339439948,-4.79133663184633,-6.74030469015662,-8.88840641928793,-9.5109475512609,-9.98732162856417,-7.39562173497698,-5.44876685538748,-4.74130000301054,-5.86006955018692,-10.7256743256743,-5.4649224193528,-3.01202784557215,-4.14647729204694,-2.86297649042328,-1.24984543064121,-2.73084459225672,2.25618433154323,-2.63290216392572,-1.46780229091511,0.00958207148723999,-9.6232239561273,-23.3795407335994,-8.60124191836861,-4.84375
1990-01-01,-4.74615556283267,-5.26589992364822,-7.60638201742333,-10.0220443064142,-10.7281725281028,-11.272828086897,-7.88175262856237,-7.36032217285481,-6.07758611218752,-6.95942487606607,-12.1269717624148,-6.3055623174294,-3.42887320134155,-4.11780915946941,-2.38135780429836,-0.534110863119047,-7.09605941471958,0.74262438270077,0.0510976324075353,-6.52640333777663,-1.29267792321561,-11.4835263858178,-266.248332487518,-9.68946415516621,-6.09374999999999
1990-04-01,-4.10729365889402,-4.74454614560145,-7.44121753665392,-10.119464264661,-10.9110404420459,-11.5268057831364,-9.04543924216539,-7.63843935688823,-5.67190074341168,-7.72638719788085,-12.5044936708861,-6.12680965775903,-2.86742650337895,-3.20393452992788,-1.1719525593025,0.702407966379297,-1.40017030588641,-1.08965421201031,-0.680817181890721,-3.74374092591532,-4.57014638139086,-7.26001993245646,-8.53345140984136,-9.74245749319773,-6.23749999999999
1990-07-01,-2.78525017666389,-3.49186976793339,-6.44494702790806,-9.34857737629371,-10.2196224954923,-10.9035209811303,-8.24958110069735,-6.52869917921415,-5.27084195426233,-7.20148270417558,-12.0037962962963,-5.12750338753387,-1.59275889465722,-1.73858394281735,0.374957222481711,2.04007393918599,-0.45306003265403,-0.740135833174123,-5.82442952870708,-6.47839022485091,-3.92154238738549,-14.0778652908818,-18.5354524530555,-8.93455292874655,-5.45625
1990-10-01,-1.42625919404068,-2.15151400371665,-5.24813362958371,-8.33084078722827,-9.27272225726688,-10.019690546501,-6.88558333822425,-5.65492942266826,-5.33178468925745,-5.94785940819777,-11.2383017163505,-3.93354338764271,-0.239324778789957,-0.35123161224525,1.65977816634341,2.94290714535337,0.173193782675425,-0.393080386827077,-0.913521745859324,-9.22185000123097,-3.64168729848283,-10.0719286241625,-19.1412948596625,-7.88891075752143,-4.425
1991-01-01,-2.46643947659238,-3.23879869214723,-6.55991516921826,-9.86843299245997,-10.8950275447308,-11.7170346949478,-9.20141619550927,-7.88461914877534,-7.5001285640536,-7.17494191104019,-13.0768439612107,-5.25458628940849,-1.30148262655049,-1.27068157853797,0.762298759733106,1.83074834408863,-0.245420897880458,0.480993010130952,-1.05286535180658,-5.41803467959936,-7.9181391044105,-16.7928305383268,-21.2341027943785,-9.38843395269507,-5.925
1991-04-01,-3.32281742955522,-4.16568401906158,-7.78218700093083,-11.3605075602435,-12.4855267125571,-13.3947328353031,-8.40420566021069,-9.68720729093533,-9.18217747619849,-9.25814439504893,-14.9198795180723,-6.49606155715298,-2.19807398442705,-1.94165614768145,0.195418913258663,1.15128880140252,-2.03699566051336,0.64004663625813,-0.604976463486782,-7.29853729569338,-8.18713035191869,-126.14448763919,434.998021927339,-10.8330893563267,-7.3875
1991-07-01,-2.73400317048132,-3.62320661347254,-7.48749582653372,-11.3227005013402,-12.545986361504,-13.5441300888858,-7.78222378938383,-11.0745809212452,-9.14156345084017,-9.25971045215616,-15.2426890756303,-6.22652237639242,-1.62515886867978,-1.21710079745247,0.926329975918243,1.674051209574,-1.77904883083828,-0.92984609470916,-0.416746144938688,-4.59217082215662,-7.37501365702274,-8.86317923033659,-56.5136087126416,-10.7506184356524,-7.31875
1991-10-01,-1.08294506830519,-1.95871950629691,-5.92843413672164,-9.95895499393147,-11.2678210233374,-12.3468996611771,-6.71158887995445,-9.57819639103938,-7.7131955423807,-7.49017881880558,-14.2111354309166,-4.68913911033538,0.076071212621521,0.453512078570981,2.39861821300296,2.74616268396982,-0.435389469040405,-0.995331874550938,-1.82501487319439,-3.32153376381635,-4.88155199514583,-7.98844491437198,-8.95128009736802,-9.35511551343174,-5.875
1992-01-01,-2.53686320468679,-3.44224199418289,-7.62733700865198,-11.9132109173362,-13.3254324851569,-14.5011535305675,-8.77410954943141,-12.1565802382457,-10.515433332056,-11.0666222413355,-16.5629510825982,-6.42449150688926,-1.36815085520879,-0.874863840735642,1.04774630953683,1.22079607049641,-0.221851906651583,-0.178463701598467,-4.69184148273572,-15.3247242779128,-8.41616945615289,-14.8711282976219,-25.4669330157358,-11.2644603627178,-7.82500000000001
1992-04-01,-1.32409578845034,-2.215201613803,-6.50848908712079,-11.0040068489947,-12.5106500933385,-13.7779698093767,-11.3251123514409,-10.886371628246,-10.1749548429656,-10.5488102943621,-16.0352142110763,-5.33764573280266,-0.0908811086455472,0.384290465228098,2.13556522398788,1.99706986410354,-1.76999321620038,-0.154738936044362,-1.03587597411946,-8.82277662265463,-13.4864690512904,-11.0632882812213,-13.8042945844924,-10.3200960002378,-6.93125000000001
1992-07-01,-1.28429156971566,-2.15611203695532,-6.54210018773549,-11.2439575919863,-12.8465797643201,-14.208657462736,-10.9665897485513,-11.641770046131,-11.8752468237989,-10.1989739949974,-16.6733401430031,-5.4060606060606,0.0259278175008291,0.47273843238672,2.05511242438519,1.64271287303401,-0.333082478071545,-1.49736058709461,-1.37149203807396,-3.80145135527946,-10.4856969438035,-18.2311923631553,-14.3694804031488,-10.5253055568372,-7.19375000000001
1992-10-01,-3.14242776580961,-4.05378716005639,-8.67759549043623,-13.6618736065268,-15.382677745605,-16.8592962177625,-16.3896819263658,-14.4822204971725,-13.9965029011279,-12.7171693104052,-19.5730337078652,-7.6017615343458,-1.82755162115202,-1.22790324803027,0.397158954354978,-0.0392013290720286,-1.92245797586311,-0.811622320612139,-5.83592082641726,-10.1679067447355,-16.7385683020431,-63.8371235004212,-63.565816357448,-12.8918986871161,-9.6625
1993-01-01,-1.83955194410964,-2.74569489779484,-7.4958029972688,-12.7140361252327,-14.5431701699494,-16.128675108364,-2.59599910161357,-11.5124324696409,-13.6479848199726,-13.74876792071,-19.0898168498169,-6.47142220098742,-0.458469107641612,0.153179053811684,1.65786922665758,1.02882375612098,-2.45310807654334,-2.2625750574482,-1.8320576826683,-13.752184498106,-18.7670944537552,-27.4313693036834,-30.6234862017157,-11.9035403008317,-8.64375
1993-04-01,-1.39641166477132,-2.28048328616619,-7.10984029434426,-12.5424344438099,-14.47714461183,-16.1714697586469,-1.76357068946682,-11.1442008133059,-13.4232883875981,-13.7933174648375,-19.3883420926899,-6.13460844905445,0.0793068439721694,0.651249716972686,1.98727439061251,1.13728821096033,-0.3907592748878,-3.12158396125205,-3.7060779289815,-7.08497735113783,-24.063873287944,-31.0852219589427,-23.672190153793,-11.695633560707,-8.38124999999999
1993-07-01,-0.85104330943151,-1.69321962973886,-6.54374179336201,-12.1637312431352,-14.1990361326718,-16.0002394662605,-2.58305699573053,-10.178448994093,-13.4543729163373,-13.605274036556,-19.4781206171108,-5.61130822714929,0.754433343960912,1.22585939966295,2.34022838837376,1.24051704758499,-0.907490111612628,-0.634288961598506,-4.52577549237672,-10.9641361825791,-15.0219197844794,-41.4890679224239,-28.8730267575375,-11.2863337195103,-7.82499999999999
1993-10-01,0.0836375917203398,-0.684516723071837,-5.46262770433063,-11.2229604553126,-13.3481749335001,-15.249510206005,-9.36970047495374,-10.0257727405613,-13.0841671464033,-12.7536374541784,-18.9850377487989,-4.55691218437309,1.87586500138474,2.14894141491181,2.95387602100725,1.54403933792027,-0.581728633663623,-1.13336579699105,-0.937688609558989,-9.68289412237871,-17.4835902365828,-20.0857299900831,-28.8483390345304,-10.3248909065295,-7.00624999999999
1994-01-01,0.589159749105157,-0.0878130463012994,-4.73198778022878,-10.598139569697,-12.8053934251788,-14.8022224038885,-12.9130677117672,-13.3095822621919,-10.5171900871543,-12.8903603851558,-18.7957894736842,-3.83959546472563,2.60499676752752,2.62490631395884,3.08940074742679,1.37663053499082,-0.239548928377703,-0.760063156837197,-1.52128221450884,-2.61924692478331,-13.8181926662685,-20.4607452123136,-15.7463868000155,-9.68632208632028,-6.5625
1994-04-01,2.4990700504909,1.97577042743174,-2.3530058199285,-8.22758993623725,-10.491687735317,-12.5647443247611,-7.0113052570405,-10.9701223896339,-8.11992837264455,-10.6065806888152,-16.7890131578947,-1.42996880086815,4.85371947911015,4.43137626751979,4.3805496455525,2.22265315682784,0.0932022259202263,-0.115161518205821,-0.642799975224588,-1.83698199927465,-2.83705555458362,-12.0388219401116,-13.2837275877156,-7.32249381951869,-4.35
1994-07-01,3.57035259974761,3.23441284262909,-0.65990920190783,-6.47029281847831,-8.77172235673881,-10.9059825448565,-1.27500386061381,-13.2761781997068,-6.37032558345499,-8.97992685466097,-15.3404424398625,0.331102724594992,6.33749330566341,5.3658928571429,4.73368146590055,2.12056356898487,1.27650655261812,0.310481565489992,0.161408174710109,0.136802939559994,-1.72653077704693,-2.81959264856488,-10.5269305311937,-5.58636872372318,-2.68125000000001
1994-10-01,3.70741999440244,3.55955657833628,0.142095589059274,-5.56479143721788,-7.89226020617726,-10.0792111097147,0.576140411298141,-0.707519093811975,-6.24327867215091,-8.78768560986211,-14.7149800126236,1.22485065253844,6.90524606468642,5.36642569201162,4.19267102366478,1.22797159248334,0.681236132436525,1.55033361443569,0.593089249039881,1.44665247771434,0.617891025262327,-1.71274357725702,-3.07123933781871,-4.70885660113531,-1.78750000000001
1995-01-01,2.6149047675089,2.61272805476039,-0.393115995048532,-6.00826324965377,-8.36379803132611,-10.6059522093183,-5.03207328207187,-0.250083071887389,-10.306796940831,-7.83767366814414,-15.4553494124923,0.779053803339536,6.18048923259672,4.17176394590242,2.62085514750836,-0.471904100012381,-0.213683037863232,0.636410185019292,1.56633196364661,0.985855115431314,1.87793975252784,0.975859570309615,-1.4606619405582,-5.17592892929726,-2.35000000000001
1995-04-01,2.32260456992142,2.44810470567703,-0.154153659663258,-5.66120943665673,-8.03911028324102,-10.3323744642739,-1.63161695507026,1.62604789037285,-9.40785349090841,-8.05828639924627,-15.3949696969697,1.11935073507349,6.23214697940382,3.7763760967759,1.91551841113031,-1.20821630888613,-0.950623262047587,-0.325137516920377,0.571544379794492,2.33098419478483,1.2223334206327,2.09173503529926,0.968567436356212,-4.85460767286416,-2.22500000000001
1995-07-01,2.27684316967865,2.51929730922992,0.328380289626715,-5.04564010503688,-7.43757341193723,-9.77543436605936,-4.31726400549464,-6.92659063808209,-12.0396995737039,-8.51496660513039,-15.0457425742574,1.72039895165988,6.51771968493251,3.61598127585022,1.48264122905703,-1.61664248093702,-0.339438806370157,-1.07608932536204,-0.526455306201665,0.408576034447991,2.73568933214354,1.34900986580065,2.03047530139363,-4.2688820592432,-1.8375
1995-10-01,0.51053349898725,0.801823328106721,-1.11893930878205,-6.40866439320845,-8.82603847254144,-11.218758615857,-2.12606902056567,-12.447418431131,-1.43425652385231,-10.2925852702537,-16.7252766453116,0.364437294671788,4.9527162587541,1.76463733268722,-0.43107035918873,-3.27522415666586,-0.682023845286404,-0.709048720846247,-1.7693489876548,-2.92701205195325,-0.0307028364474359,2.80512266396367,2.02437775929364,-5.64973786922585,-3.36875
1996-01-01,-0.11349991005585,0.195928846485728,-1.51197277143415,-6.72788249605663,-9.17188764030556,-11.6210368422269,0.044244696513914,-10.3298210224636,-1.61930292623008,-14.1572721933109,-17.3753664572625,0.0567291218204886,4.46643456486404,1.04951114395342,-1.13096642112103,-3.65464206992235,-1.94358656106264,-1.13824212049008,-1.32788999942327,-5.2917947013594,-4.09966483378667,-0.577297673554169,3.5370665061492,-5.98378058611297,-4.00000000000001
1996-04-01,0.349490053130367,0.683373161580391,-0.781833218088494,-5.89261748696678,-8.3529897157861,-10.8501556801613,-0.57415127828633,-5.67973373578381,-1.07494725575772,-11.1889409750241,-16.8432598954444,0.892835804971718,5.07717641398717,1.39287009007347,-0.80833623055986,-3.0735338927655,-0.850694653021285,-2.26558911904444,-1.55495278309155,-3.45287409688086,-6.11941469934063,-5.12540093436905,-0.684674930599703,-5.16971992960585,-3.425
1996-07-01,1.35136740951521,1.73538549726937,0.590166632853084,-4.35985892610955,-6.8193545973866,-9.34980643175897,0.890286537924212,-2.512168186676,-8.56692023945217,-11.6355726312561,-15.5585714285714,2.40945417789758,6.27974299549859,2.24269449251153,-0.0636714748541962,-2.17719538425593,0.137980929539999,-0.848125939926368,-2.38555370285274,-2.69506569536485,-3.77783140618424,-6.75206878513969,-4.85230624162614,-3.66972537841141,-2.16875
1996-10-01,4.28060326106825,4.80552658766231,4.22536265135239,-0.422146896480506,-2.83942575330553,-5.3669985217654,-0.095535227740001,-3.87108528383279,-8.57285216924477,0.465201769181704,-11.7207367475292,6.29121041892335,9.6103915679793,4.96501020630529,2.28794499834721,0.0397488582008876,1.21617276038342,0.228688480920906,-0.734256115521424,-1.38509643227364,-1.8258283955654,-2.77117948063688,-5.25711466351515,0.205118763709315,1.35000000000001
1997-01-01,3.00912608771316,3.62740743422052,3.51667666341947,-0.849760125612825,-3.22711093276462,-5.75320716799126,-1.01954873434211,-2.14781092538286,-5.99627728767965,-6.40933682337286,-12.2599188855581,5.819285252454,8.64294602202922,3.50156822953805,0.622206992055929,-1.55769734376654,1.758537579272,1.21354385092201,0.497098036349715,0.332310116563456,-1.1006634497426,-2.05059239829758,-3.27233398960926,-0.278645938488708,0.518750000000011
1997-04-01,3.52427642274906,4.24604338332881,4.64956809102263,0.610922479324827,-1.71009223994297,-4.2196010551562,-0.407280074010828,-3.83563280821542,-0.880079662024649,-7.02506787087257,-10.8508307372793,7.22852515552506,9.48951029630959,3.81030634431992,0.710970085742865,-1.41568894710435,-0.321577211478832,1.94728349190489,1.64482461592579,2.5442407214471,0.322953164428603,-1.35812041323792,-2.38323489719066,1.11717553193577,1.5625
1997-07-01,3.13783293435003,3.94320092056211,4.82988314533505,1.12928048292492,-1.12856128137096,-3.61450483999069,-4.9806130763495,0.657189416483838,0.913531129397732,-8.3020321230643,-10.3584947332654,7.69862848670186,9.39263759172018,3.21220400968103,-0.0352581476129288,-2.02731218792688,0.650100995965362,-0.30062599816705,2.16564487071884,4.10557717564127,2.90789124298534,0.57372037740611,-1.3946341673817,1.57012363430058,1.65
1997-10-01,3.55819719161125,4.45358312498951,5.85573581902749,2.53445437544632,0.355325627396532,-2.09218322083613,-5.72359240945289,3.35562064707118,-2.74807333293414,-7.38452784250493,-8.91844870725605,9.05237607916509,10.1201113540563,3.40712171647463,0.00182126148362016,-1.86918319723872,0.3675773937753,0.717336578335117,-0.150697186781398,5.37747034752543,4.81769867469924,3.37057954404321,0.762106166192047,2.9023668703321,2.65624999999999
1998-01-01,2.53560868652607,3.47972826704927,5.3076711872259,2.34684322853919,0.245820266712094,-2.16244201906657,-7.14676557328553,2.47940239145021,-0.825074184429816,-3.11540930487591,-9.07120393120393,8.82322393822392,9.30659187977773,2.15330067438816,-1.28029982137093,-2.89491696208628,0.558401169989997,0.382453194808788,0.88906208960205,0.208121037631214,4.92574069183634,4.6956578158514,3.38841217011863,2.64761934259723,2.06249999999999
1998-04-01,2.94053849632643,3.9391487219626,6.21594760679586,3.65041350030198,1.6416060560557,-0.713421143514097,-0.620576995253501,3.70471713270838,-2.44401611133423,-2.04373828314093,-7.67395431145431,10.0849557522124,9.93211174611966,2.31253749996383,-1.16275531928718,-2.55157639901382,0.0211138883686702,0.57917587984333,0.663063595995752,2.22910474238343,0.517321056236489,5.75937603605926,5.8083001328613,3.87766102722961,3.0875
1998-07-01,2.63891688930843,3.67508396750913,6.36490145883199,4.2002620234954,2.29003705885601,-0.00442637993593564,2.01880812069039,-0.763576102535247,1.69507879508114,-4.58228155267398,-7.00006321112515,10.5985274303014,9.80587198083708,1.75392724677822,-1.70804457075523,-2.8263035574485,0.797729612728777,0.044882382815363,0.888903293865312,1.74482165609789,2.78389089416289,0.710502865573878,6.32716619379467,4.35410936930943,3.44374999999999
1998-10-01,0.580023588679822,1.57893622883981,4.4940368518247,2.65831417404824,0.831808334277994,-1.41363092576824,0.982455707495028,-2.44717394516699,1.56773491846211,-8.85269252790328,-8.47177456916629,9.03606042809988,7.72545841657652,-0.576652147216571,-3.80883579081282,-4.4452235322338,-0.17185708925835,0.722661232566202,-0.0320072882814885,1.00168670482722,1.74622180629552,2.85334854733266,0.796350373688147,2.75575705001569,1.71875
1999-01-01,1.23947589839317,2.21667104666776,5.38680337906295,3.91064374780019,2.18074823978564,-0.00244497582036018,5.07412028731413,-1.93527763267748,1.76212133876098,-1.17500690444137,-7.09165522501907,10.2690657302927,8.38888207718005,-0.201274129627016,-3.25188535904281,-3.49886290165089,-0.668157214206521,-0.207553513893191,0.776533802859268,0.30681790553217,1.13864373949676,2.11476164822715,2.61606217666235,3.94537072353949,2.74375
1999-04-01,1.89885381737644,2.87180915367268,6.33109313723078,5.2470026040654,3.62730439195036,1.52041336824617,7.43988839033148,-4.85457793085148,2.82898911444759,-5.60096214888086,-5.56472263868066,11.588660285242,9.08474877294076,0.16844165922241,-2.74507949415133,-2.68284318368318,0.858399700498427,-0.616627993947568,0.00572253647588312,1.91178232791133,0.496825647350353,1.77696907582554,1.69460042134996,5.21247834722729,3.85625
1999-07-01,1.82393384814199,2.78710526043851,6.5115393860699,5.82291619544221,4.31920314325131,2.29585686557829,7.75857075786043,-5.90550122038719,-1.06506512488594,-2.60317990941704,-4.76511936339522,12.1540724422665,9.01938058503539,-0.20186727615561,-2.95256473566192,-2.57928180724002,0.820738404542847,1.05754960150913,-0.489771802035911,0.738738072512213,2.36240573059881,0.891778049831895,1.44393417576824,5.71917279337553,4.21875000000001
1999-10-01,1.88315808101402,2.83608765713931,6.81257601374292,6.52669803623895,5.14583209932715,3.21434986542841,3.58839278165335,-6.11668635679604,-0.416260166802523,2.11797080861972,-3.79856584093873,12.8536953242836,9.07369430171026,-0.441413141376891,-3.01703085242275,-2.34611848837028,0.506852894714505,1.02542058630012,1.44179730812507,0.240191591729089,1.08164037776749,3.03355827219109,0.599478546401132,6.35283038859334,4.58750000000001
2000-01-01,2.04829922867395,2.99467411180751,7.21957221894563,7.34716117057842,6.09697168358071,4.26666042258294,-4.19929035065132,0.0525818766102191,-0.0610042144692784,-3.5433362748941,-2.67051702036746,13.6767091582396,9.23045226775402,-0.575626758893407,-2.97412576575958,-2.02928397907386,0.669802180367382,0.709873725671829,1.4459375934646,3.54332659377209,0.667414607914841,1.76591769747751,2.51094044141616,7.10146969910501,5.0125
2000-04-01,3.25375615100159,4.23228306921012,8.79113932504296,9.38660596604896,8.28695548315834,6.57812513139556,0.99912435841351,4.71919193620607,-1.74526187352448,0.347471044103457,-0.226008403361341,15.725253837072,10.5225071982458,0.345109719151381,-1.96794745601675,-0.871350273960388,1.18168204328259,1.10010207035218,1.42793905566837,4.61087426903892,4.73600014604172,1.57443157206179,1.1783213560989,9.05780219268345,6.68125
2000-07-01,3.50516526463234,4.52349720837424,9.4280520991751,10.510607615865,9.57200904926812,7.99675194483947,0.54735847588023,6.95018019699812,-1.65027290475251,1.44042307588947,1.36439393939393,16.8674942419726,10.8740039190935,0.317743150673607,-1.91224867734591,-0.679278062502995,1.92904214068872,1.71227286920952,1.96493345657741,4.64581463024429,5.67040141355244,6.77469940004819,0.789945039675298,10.0955007421446,7.49374999999999
2000-10-01,3.62780209121794,4.68896607972065,9.9408299596247,11.5244772892731,10.7561135535047,9.32545566992665,7.53983210291909,10.2383080246633,-0.620019686641925,1.87893596080236,2.9026825633383,17.9096632421411,11.0984819402018,0.165380902824204,-1.97285885347274,-0.605901067045231,1.52595202789946,2.63801145522025,2.80540035362732,5.88756016613349,5.84646609413547,8.14695228439636,6.11343415733059,11.0210497987676,8.41875
2001-01-01,3.40491828912299,4.50004951964253,10.0715354845331,12.1551913695878,11.5621661102779,10.283550232432,4.8943714627462,12.0486964912034,5.41748070706826,3.69112977891866,4.10047980807676,18.5790464459378,10.9453963446879,-0.335665501541463,-2.34381266685596,-0.813566910395785,1.49530345667194,2.09514993063956,3.85815101668009,7.26944744403475,7.2325373848778,8.24282454152126,7.23648835179202,11.5647220351409,8.9
2001-04-01,0.912182810580802,1.95671759298581,7.62604230161472,10.1100609479729,9.6703881542191,8.52672582365638,6.13618686354368,10.3771473512035,5.94901190964578,-1.05210521641813,2.54921321793863,16.5783257277734,8.26599562898853,-3.15670914188444,-4.79944471694432,-2.868570580445,0.427865056614975,1.41067160326324,1.94396564199288,5.21001915927856,6.17557263332319,6.86485239908804,5.50517425760767,9.45532626451239,6.7375
2001-07-01,1.1374335863344,2.13624295704926,7.8972359083506,10.7826621740605,10.5012743481635,9.4997153580281,5.00589302927897,6.92519784824304,7.63868038260028,1.53328962183781,3.75781935483872,17.3037855606759,8.29950917425644,-3.26055543031928,-4.54885284116299,-2.26706356635854,-0.590650648263761,0.498660665042031,1.73724822282049,4.26437663927581,6.41172497187799,8.43352024605809,6.495371566778,10.0633820085191,7.3
2001-10-01,0.412695812077949,1.34054075010824,7.10940051939212,10.3568750241341,10.2275159754874,9.36507912013762,6.27645396261607,-0.442880787579142,9.27968802971093,3.40436712892807,3.86251428571429,16.9364295463067,7.28732580614924,-4.33309235836795,-5.19528361223411,-2.51985951273272,0.839161468331172,-0.581359699073442,0.646749263897092,3.27136225710784,4.66583277498251,7.50184620031437,7.05541349947225,9.581664149781,6.81875
2002-01-01,-1.77480381304175,-0.990783436573913,4.57568877319828,8.07873129290848,8.0763642534777,7.33290911694044,7.27482797915927,0.467586834332856,8.04474815570641,4.02017720492888,2.02618422697162,14.7145317772778,4.56616208766049,-6.9234358304442,-7.16478020142365,-3.9256123600874,-0.326030550807392,0.745222363589149,-0.678351368117617,0.515938482783567,2.95851426719101,4.41164558908637,5.39438994603722,7.27062615489076,4.41875
2002-04-01,-0.525972769938917,0.156099762834948,5.59052649389667,9.37550875965221,9.51068230939368,8.89818555323072,8.17259589650118,0.650294831308969,9.34320817206672,4.30374996299482,3.83159448818898,16.0763527742172,5.37459084874565,-6.0457194972077,-5.77228371140612,-2.13939020571831,-0.519747489750172,-0.269237183795289,0.687255943070817,-0.369897746015872,0.465956102671363,3.29971361441919,4.38549962219242,8.52753264068279,5.66875
2002-07-01,-1.03478872503318,-0.468519325683552,4.76612252495575,8.79047792054953,9.0548241666197,8.56810822210723,6.47325407097256,6.15547519527849,4.81331403535444,3.74619452070971,3.73946220930232,15.5578236806798,4.35149902190388,-6.93291692607493,-6.09841744499516,-2.06366444494063,0.996436062804061,-0.48453032260967,-0.255485112675491,1.4670487880302,-0.340592187774199,0.671129080795789,2.99073582907529,7.91118831639536,5.04375
2002-10-01,-2.29781610471738,-1.88517659795246,3.01798194053995,7.20365129474057,7.5786242276515,7.20312962593869,1.62344491650139,1.63587248220414,-2.91844729958827,5.69818458343034,2.58342277877163,14.0325308279507,2.42164240280696,-8.60241792024994,-7.09911545233235,-2.58995334205554,-0.257385560883299,1.11067298605866,-0.484999593569269,-0.467656835943076,1.45246038210497,-0.342415402940149,0.797104562710698,6.30916804158184,3.27499999999999
2003-01-01,-1.17761878970103,-0.876527057750721,3.76115932022716,8.1237628383605,8.61578678740847,8.35948117516286,3.06473535283078,5.76070774792353,0.781205373104747,5.03044992017691,3.9831591309454,15.0211829391982,2.96890559019127,-7.84321330522711,-5.76764764064249,-0.939255496863794,-0.229367353593783,-0.136533470544027,1.03017036352791,-0.199758782606566,-0.399061823963541,1.42519614821637,-0.357610286742221,7.20912825702074,4.08125
2003-04-01,1.98268178419065,2.28373127255911,6.90485283300854,11.5520940769378,12.1927095156015,12.0864460413334,7.23859715580712,7.96974539198994,3.85506105679244,7.23728590540419,8.05565579458708,18.5418574193986,5.88074505143825,-4.92297466609742,-2.54079630048733,2.28198713453121,1.39061438938349,0.797376652234588,0.246650614345989,3.05786997588549,0.131458322039891,0.647061740843711,-0.0499497898418837,10.5924796050341,7.49999999999999
2003-07-01,0.547571195453287,0.808916765562756,5.29413732206955,10.1556368741194,10.9281157572433,10.959014133626,2.33539706803792,8.70551192185528,8.72840781874193,5.48556272191772,7.25202779676464,17.2328656614399,4.05334136638139,-6.62141859902013,-3.8119224640987,1.12532117373242,1.5925191198478,2.44415065452348,1.27351516651327,1.13621902143249,3.78833218455288,1.17408668824934,-0.182399932095209,9.16643601368413,6.09374999999999
2003-10-01,3.70503757990626,4.03746091915099,8.64858685190683,13.8413339938132,14.7796800661388,14.9808893964169,5.15680608697241,15.2761266915257,10.218852415597,6.09614542193228,11.7108966445966,21.0362011995162,7.16156432198433,-3.59407359283944,-0.620245336818655,4.12636868888109,1.15639514276965,5.01602546021478,3.87096388094072,3.16750254939162,3.37315535165363,4.79751874929401,-0.884392626396023,12.7962239200447,9.83749999999999
2004-01-01,2.06927280379716,2.42475958445266,7.03705776822498,12.4918469181576,13.5796830960117,13.9387114739578,2.95266525824438,14.4084464486965,12.3867531887086,13.5961622751704,11.0873963515755,19.7993707930933,5.31818611963799,-5.39459299448025,-2.1222211887967,2.58412553172161,2.27522117400203,2.21854304558362,3.94073865890678,5.4857695422645,5.98836334805976,3.15964300838825,2.62351038349453,11.4065308199869,8.56249999999999
2004-04-01,3.27353667066762,3.69553943759334,8.41444200297424,14.1742153819302,15.4253292530937,15.9569867015728,6.78999057846241,16.08006855319,13.3816922559891,13.1272204091366,13.5871895424837,21.612507991031,6.45478116363788,-4.29058165481241,-0.821337225065662,3.72708720383909,0.932455364806853,4.34585440199866,3.11195180276077,7.83170465755136,12.2630903045077,5.96322087595064,1.55061639560295,13.0391453993709,10.45625
2004-07-01,2.00460666313863,2.45377143637563,7.18224687306262,13.1917396571089,14.5931848301393,15.2880067284026,12.6676427703402,12.8567445073435,14.9727096377566,14.9734252369208,13.3913482181194,20.7570094461142,4.99015917402174,-5.6922366335281,-1.92654442796393,2.5740356809479,1.67742601769248,1.570058547538,4.66845621094973,4.37668208295948,10.4793936100705,10.6574864624567,3.89315846266201,12.019375126934,9.7375
2004-10-01,2.30441410637505,2.79152903143957,7.55733690875503,13.8213346354857,15.3761425321034,16.2390661209831,13.7219581755243,14.8513287313905,18.2545339368288,15.1903412583522,14.8506505871152,21.5231446451852,5.13061857717896,-5.50045516056133,-1.46778511321735,2.94592188876678,0.86398170040549,2.74236123820531,2.23401931932268,6.92311150464251,8.1282064662937,10.7728557221245,9.03135370299239,12.6104731651551,10.7
2005-01-01,3.21208235831904,3.76752342518401,8.65157376055838,15.2024308897645,16.9210891625341,17.9638211914431,18.7152152379968,17.8143340975216,20.6882393296113,20.8433997740259,17.1407569596497,23.0580991107735,5.98588091862969,-4.65024605558222,-0.429067712241874,3.80881936783511,2.37404447055679,2.19435956923118,4.04904807855072,4.56861731646091,13.4659822169343,10.709474030219,11.6148958383224,13.9459136026903,12.46875
2005-04-01,4.50546775431708,5.17187465797699,10.2925376604117,17.1840514437753,19.0830187810983,20.3227463665601,22.9675282344753,17.0881272173056,23.0787310283229,21.513670530401,20.1411305241521,25.2183472917715,7.38387868924859,-3.34507537120238,0.955747132021003,4.90335888605081,3.86686271136977,5.05881493968484,3.95464555901645,8.63637906505663,12.0165500880268,18.9540370087559,12.3103600975913,15.8703294113505,14.71875
2005-07-01,4.23958070064528,5.00705988828268,10.3569676488675,17.5839696290668,19.6638246252548,21.1033752478371,22.4564499274167,17.3262031733487,21.8375116544285,25.0565413624238,21.5970516717325,25.8065437304679,7.20768399715364,-3.59921718602041,0.796684310491486,4.48408936373677,3.91805344006629,6.57608147238529,7.3683228083975,7.44323677679284,18.0103274849076,14.0607949222062,19.2891170294884,16.2149249259132,15.41875
2005-10-01,3.85230762529733,4.70525891696427,10.2632618887051,17.8142651005882,20.0737578374611,21.7142636420433,24.9146063049257,17.2806228795482,24.0086384642484,30.0993512457603,22.9127559684347,26.2327916913772,6.87536179899088,-3.98563421366633,0.529901305936718,3.9948536221075,2.73077290879326,6.31663929547046,8.90360945777572,11.8344741855805,15.6038599955007,19.8609249345279,13.1463912393222,16.3930771119233,15.90625
2006-01-01,1.9376511178412,2.8086319786852,8.42032789632734,16.2170529863375,18.6365007332841,20.46226947652,24.1509876559277,18.8214564952541,24.4151895425041,25.3535938076969,22.3424899044617,24.8175773170491,4.79605555121576,-5.98863580320598,-1.20927864606782,2.19801121189776,1.53012169191362,3.59299650318291,6.81889545909635,10.7383432469672,17.6548638078585,14.3482073969052,16.3824473222072,14.7614561240573,14.375
2006-04-01,5.32023020088594,6.31635581959823,12.2634564960526,20.4421074069038,23.0599564008343,25.1079829204423,29.6093135797214,31.0665351364531,26.0999882807026,31.2567336985085,27.8142191142191,29.2789868177799,8.40221285563746,-2.53007345748246,2.24357197728713,5.29503992444471,3.89589219479631,4.56642258401143,8.49159560374711,18.5379945842172,39.420149049088,32.3208676986818,30.6792698734872,18.9219777428705,18.76875
2006-07-01,2.54921607158677,3.57492396602524,9.63723997048763,18.0908498300682,20.8797627534867,23.1274667085668,16.6238398520115,30.2619071593494,23.839916683927,32.3857799026896,26.6170498084291,27.1401767438199,5.53908889488721,-5.36069990801928,-0.383525437145096,2.55877954369761,4.71917730193056,6.08268899223666,6.80696357374618,11.7670708970055,26.191889296538,27.5965667596022,28.02815209656,16.530768123173,16.4875
2006-10-01,-0.122758224067368,0.838379862820062,6.78603800685798,15.3969522793221,18.3259095250491,20.747097406586,16.638821989585,32.6716233485135,21.0806403466421,31.0722173794955,24.9637033538026,24.6270486730356,2.44498116656564,-8.23672633757946,-2.85461224745109,0.197055808563832,-0.813437663782814,5.25393678344126,6.2159600340264,8.00568752770247,12.8714286343498,15.9010665211843,19.4102857692281,13.8228572527916,13.69375
2007-01-01,-2.01627432600306,-1.18796928446986,4.46571483603627,13.1346045578056,16.1767180577211,18.748642084373,4.67994170492031,31.7055607387774,22.3872879930628,30.0389935901757,23.6447302208555,22.5160911680481,-0.12828753406248,-10.446240869359,-4.5170011830574,-1.21954800212397,-1.01655511508767,-1.32026697538313,6.06456126292909,6.85339604060757,9.02165655247703,10.3379851986098,14.6374421830536,11.5674440906389,11.33125
2007-04-01,0.352365746215924,1.12261026357487,6.65485322792539,15.4525868450142,18.6267568422175,21.368009287294,16.4365041338349,33.465610949027,33.5161304534919,30.042673782647,27.0298216583931,25.0168658865687,1.80888354180786,-8.27522996037472,-1.98117388297899,1.33375046274001,1.17974782164666,-0.4335453268099,-0.137883180801581,8.60160485459777,11.0826030878216,10.0786235292606,17.0910503678258,13.8751798562287,13.775
2007-07-01,1.75841765881674,2.51681867716164,8.03511916429711,17.0039866173857,20.3215745221746,23.2439754419666,11.8553464723272,37.7220294410967,36.5150158013525,35.8887723614674,29.7379466715037,26.7739851260657,2.93960565214317,-6.98684918792344,-0.437296348418158,2.76386424476503,4.03567919120064,2.30213628505232,2.33879093066217,2.79769035221074,16.0509685701021,10.4135750020498,16.4838836061648,15.4062829970248,15.35625
2007-10-01,5.00166959136679,5.85662708219928,11.6332026096593,20.9009907527379,24.3969241519877,27.5337446478036,24.8147948317964,41.8564170541328,46.1574249590842,41.6232493682523,34.999677852349,30.9356732299213,6.30384510656611,-3.66903020251195,2.88741883953058,5.70184027744654,6.74845059731472,7.60520683519259,8.0779515834978,6.49634760604207,14.4429739517114,21.2020999189706,24.3869648363445,19.254623628874,19.54375
2008-01-01,4.12500145112493,5.04898431214482,11.0257799188862,20.5630268794411,24.2299257185933,27.5762277467895,20.998712387742,43.9265983171859,47.842886581298,44.3038738966697,36.0302869757174,30.8612861624259,5.46147313290376,-4.50678452455584,2.11570281114973,4.62752754002562,6.71256079964329,7.91868174583198,14.6296345899456,15.3707393935269,21.8749610067417,12.2520204880784,37.7420950461187,18.8753886096412,19.38125
2008-04-01,-2.58393520602709,-1.81380851749479,3.80443432525537,13.3297945509302,17.0910614603948,20.5789137576914,11.3669352794128,24.1552904165119,40.1921341631247,49.5050479359063,29.824817009411,23.782501930713,-2.03859851047744,-11.566929233217,-4.3835361439783,-1.62073563949916,-0.278880071409579,3.62098319529156,3.85865038862325,9.05769710738653,17.5845073423553,20.1800775630096,14.3548849473785,11.6633869625103,12.33125
2008-07-01,0.664454030601362,1.3855885938396,6.89021189544061,16.5090369882987,20.3920607765191,24.047307256191,5.30989393469865,29.2870072762477,45.7247970031628,43.4561451793554,34.1996646026832,27.164678239717,0.783136857150723,-8.4849796226444,-0.981622091917998,1.7395422332167,-0.828820548474798,-0.506882069409561,5.38291875024549,13.3367845805464,33.8089618875001,28.636897594822,21.2237922090131,14.8388460978514,15.65625
2008-10-01,4.60556056542603,5.4092042424883,11.1255850123249,20.989741426409,25.0351796320333,28.8958671001668,9.31628311546483,20.5728935810036,50.6911836971938,54.4967693692933,40.1143366437484,31.9215004476864,4.78403382407181,-4.46316368768296,3.06598280114596,5.41666959992286,2.71362394494157,0.085814481925597,5.56356891774372,21.2726072172995,57.141079506213,51.3872901369039,28.7677527956159,19.2816776193064,20.35625
2009-01-01,16.0474657509393,17.3150810496166,24.2265872794211,34.8277087238023,39.1702176232897,43.3600491215433,24.9918276443487,47.7382961497891,67.8084022698247,77.7522665223748,56.1034185169669,46.2699503722084,17.7608927542562,7.79463165244118,14.5004081594479,15.5700942478221,22.4518443158232,1.70914275915247,13.8983557240806,201.501538056734,-287.010056622362,-153.839367651972,1565.27414274476,32.9743115497194,34.63125
2009-04-01,3.25093609277425,4.56094529358464,11.6616120307311,22.5245903615342,27.0372569804129,31.4435166436413,22.0831641149764,28.0187986765953,40.1004049922915,54.3486476330782,45.3692803970223,34.2788313761439,4.97283964957658,-4.96149850467324,1.83391440551642,2.70901235792665,1.20273926064754,0.825807594043602,6.20732416660677,53.1789758038658,97.8375900441742,115.445827177018,25.5963085440078,20.6352864247391,22.71875
2009-07-01,-0.576343211474239,0.64123246396457,7.60199320674538,18.564694990294,23.2033853822375,27.7874621142724,4.44227979762086,37.0061183632373,40.5180465975736,59.7446621407278,42.7983341499265,30.5640856120418,0.649762864228876,-9.01067638381339,-1.85287240057524,-0.866900031247255,-1.0627382907686,0.543852937092845,6.06849751422874,30.6176541862036,86.5873906460033,116.105541908362,54.3725079243147,16.6754227803119,19.11875
2009-10-01,0.693841516735773,1.85322057427342,8.75430733116904,19.8498790119624,24.6228294576865,29.3932348084706,10.1599086039577,33.1105594388888,25.9726139516992,66.8218799340115,45.5525437394179,32.1166601506939,1.54509158998344,-7.90170559637946,-0.47246989918537,0.508841746853648,-0.109476923637656,-0.0925261612848503,11.5100177159087,56.135066592055,113.506805110533,201.724110480295,114.971938355572,17.9522170633897,20.7875
2010-01-01,-2.22350111045851,-1.22360419291415,5.35303940091173,16.4429376966324,21.3114332665683,26.2340590626356,13.6648446142686,26.8511242074457,39.5206716141295,55.4643217800922,43.4569381418677,28.9149480534989,-2.15425008566889,-11.1897988973231,-3.27889219591206,-2.0795536167963,0.140585897016096,-0.0959235571339339,-3.18695207230299,9.28384608084952,27.871040527376,55.0275274952902,38.3513931502102,14.566707787042,17.6125
2010-04-01,1.4098331682203,2.36738018475907,8.89429949465514,20.1018600633507,25.0979252038426,30.202480428307,36.0479091228656,16.5767578996536,31.9537315516995,44.6640588867916,48.6257232704402,32.8445863119653,1.12331834793886,-7.697090102201,0.440661421866963,1.55440019166204,0.0556723837848566,-0.0788363301439558,1.23274931795878,-2.77005794257933,13.0272478282937,39.4877508599591,28.4684113131593,18.2181773555834,21.81875
2010-07-01,-7.22902467676879,-6.5994948222022,-0.862237840107909,10.0843573017975,15.1031190459517,20.2952545248003,12.2255716897893,5.89556243939376,38.4862335722968,60.311339079382,39.6193633540373,22.9076498159651,-9.01894622693034,-17.0754976143077,-8.09529781985837,-6.39455483157191,-0.238085786011863,0.407940707546885,-0.588998931659737,2.62117729106681,-2.36142314620428,11.1397843070739,21.2565653319693,8.27612742602948,12.0875
2010-10-01,-8.85727596042099,-8.61007600811467,-3.85648203634921,6.70152014945178,11.7042745124348,16.9487258611915,-4.35376808408969,6.38022388068552,27.4570673279259,27.4185736408623,37.0741200828157,19.5327411471983,-12.4488719923972,-19.5822560775414,-9.62902243919905,-7.25000345814857,-0.133309997526744,0.154217911184728,-0.555501069890011,-1.24841018616373,2.43157451074248,-2.762167884477,9.05135213168716,4.99327114627604,8.78750000000001
2011-01-01,-14.0381487731493,-14.340123384337,-11.0664360014167,-1.18488357634278,3.71812198872395,8.93830166635566,-28.6605883660992,11.4756698946461,16.2743468960734,47.4685657926757,29.6131030826327,11.4897645213671,-20.2039813399932,-26.027107880043,-14.7171150509793,-11.2983974818621,-0.744069305431431,0.89764468833505,-1.64569168333025,-9.73911401405511,-1.77707360493933,1.40495137137807,3.84358420881724,-2.73395352093671,0.756250000000009
2011-04-01,-12.3500098238124,-13.1358737514767,-11.2772485546217,-2.09658269809212,2.69291627080077,7.87489149891033,-24.1243530264313,-6.9365990245603,0.594639218155294,27.4634574699945,29.0635118958552,10.3889760994654,-20.9791543959359,-25.497322718838,-12.9217906461267,-8.65069286744782,-0.614510694031906,0.156055683056896,-2.38867473027807,-12.5296732351321,-10.2503147172267,-3.56048364702402,6.34316372273393,-3.48714815875313,-0.137499999999989
2011-07-01,-7.28677077001907,-8.37173814701413,-7.55573132860738,1.0519052409151,5.75533750679456,10.9222836264349,2.04147370350917,1.09205607915668,3.72581555611632,45.6011890331308,32.7211308203991,13.3985104052574,-17.7799018317918,-21.2111061183806,-7.70143809971643,-3.01727555135889,0.199457896916026,-0.103302848080366,0.0811411197631441,-12.0802196418655,-11.9572425900544,-13.769009344375,-0.141802585873779,-0.213766994859341,3.20000000000002
2011-10-01,-5.79422415307438,-7.10613591763835,-7.22325089299365,0.815752980360699,5.4272324599078,10.5721755923831,1.56004172076727,10.9637290151593,7.12924328359729,34.26568192729,32.9701715954728,13.0075332358284,-17.9705164042125,-20.3431960217429,-5.99401536703691,-1.04591678398306,0.281263021265388,-0.328550770165754,-0.34489790074694,-1.72127777936889,-10.2412206920837,-12.4123591275549,-8.47749659904109,-0.329646473764384,3.45000000000002
2012-01-01,-10.3873832930461,-12.0548689721983,-13.4955958775333,-6.2692902846493,-1.82396170793805,3.22984542683865,-14.1658640636391,27.8964774066456,14.395280876978,19.6455060553759,25.9875982973811,5.60799519721316,-24.8691299920604,-25.8554239153779,-10.3465088797303,-4.81778282368126,-0.0916373146664845,0.250651079349135,-0.757562253339243,-6.06529580255647,-2.84517482442437,-16.9357201948009,-8.26736790353585,-7.24379992821346,-3.18749999999999
2012-04-01,-9.9898374607983,-11.9776922997746,-14.7305971186898,-8.37167771679611,-4.11659322074681,0.82164592309644,-47.4251373583101,6.19107267304683,-8.55882408907867,10.1646806983219,23.8549828913601,3.13137916896551,-26.7575763345766,-26.3067377629949,-9.65642374374866,-3.62577614852935,-0.218785932703279,0.687440368754001,-0.130450574300142,-2.50226273700951,-7.14605949269418,-4.13868277031069,-8.36817687358114,-9.16801118798044,-5.27499999999999
2012-07-01,-12.1668288916049,-14.5234030539703,-18.7843619719618,-13.4525478102999,-9.44122911826173,-4.67004390963824,-27.9259603486225,-17.6124420640531,-4.17299781688547,12.5463784593151,18.451246830093,-2.44932996867387,-31.5388636488541,-29.4508414727271,-11.5053981350736,-4.85776408819166,-0.359214339375714,0.962139065023968,-1.03892812596656,-5.27810489320572,-3.93333535084823,-10.3544013934531,-1.40023919250786,-14.0401230014637,-10.13125
2012-10-01,-8.99847324295274,-11.5945761741629,-17.1116229030091,-12.7488831540237,-8.97645202534892,-4.37142249045587,-20.6658791605112,-38.8839275493104,4.81337983632285,11.9948510663439,18.8369300382875,-2.24775740255615,-30.5693118005351,-26.951326067621,-7.92087165687619,-0.950735363071914,-0.290220985018693,0.344518457927515,-0.698237880087752,-10.8165888216416,-7.7565932868981,-5.51901533057009,-6.1035909435436,-13.1457988652763,-8.81249999999997
2013-01-01,-5.14518770155193,-7.82684285427285,-14.2635216181472,-10.7629261748629,-7.21096607877378,-2.75901152293304,-7.37960677165213,-29.5370894271807,31.3983563964633,24.6227866255434,20.5796697626419,-0.735507715938269,-28.3724680584058,-23.3909059814628,-3.54263877453614,3.41194837160995,0.11513448245028,0.0018019779618082,0.0375228765238524,-7.62789373026906,-13.529369922231,-9.83493416444552,-3.36878718648786,-10.9968497699587,-5.14999999999999
2013-04-01,-6.98618847284283,-9.78847480078559,-17.2628594239695,-14.7350482161532,-11.444262920669,-7.18591007430655,-16.5377871936884,-1.87908394699686,4.42333058110135,-18.7756042353195,16.1266829865361,-5.28495624058129,-32.0739709792906,-25.5852207398963,-4.81452270969061,2.2186332794109,-0.038717916290561,0.217802124522552,-0.83332609444253,-6.05490307871929,-12.4198867857258,-17.6036851433078,-6.15920663940007,-14.7842869967831,-8.13749999999999
2013-07-01,-7.50235970356366,-10.4203088102568,-18.9462579871258,-17.4516671967398,-14.449806618212,-10.4142870125946,-31.6738800291312,-2.30592197438261,-16.8144594301208,16.2625504881614,12.7522180400592,-8.6566980406154,-34.4871245208153,-26.4191676365894,-4.71069188987869,2.3899186084618,-0.280390858003202,0.488733880690721,-0.375163296270275,-8.55433439289654,-9.83504179978299,-16.7559112308301,-11.3927944858461,-17.3061557309122,-10.03125
2013-10-01,-8.46680945591253,-11.5126115399699,-21.141508387953,-20.7586817294091,-18.0789565621523,-14.3008082833552,-12.881738782578,-19.9005636366462,-44.090827649274,14.6706046652729,8.5748853896751,-12.7120174264643,-37.449797157198,-27.7055216854375,-5.01665333165057,2.17061761262843,-0.399692779973209,0.74445082716152,-0.63347943995547,-6.64786431072106,-13.2311838744332,-13.3175933288372,-9.80855643202434,-20.4044498306736,-12.3375
2014-01-01,-6.57029929853245,-9.66335109740987,-20.2066276623015,-20.8941489962523,-18.5374720793121,-15.0223218546973,-11.1360601786889,-62.1198153523339,-33.5995258663371,11.894742062753,7.52154351395731,-13.6161945812808,-37.2564348713822,-25.9021226778035,-2.38202449534077,4.69777657021427,-0.360449055153661,0.394971199895062,-0.943402772240993,-9.30265617475579,-10.5588387395593,-17.4289503662146,-7.79550748710029,-20.3438683552417,-11.55625
2014-04-01,-4.74739201011131,-7.81044595819802,-19.0716912387566,-20.7773766274439,-18.7415003536467,-15.4922169833982,7.34873755873312,-34.3376446993263,0.472638575850439,-16.4222837919075,6.68705194805194,-14.2813191723531,-36.8286931963485,-23.9398185569639,0.259265264565542,7.04664060692491,-0.103402987492806,0.183896181238155,-0.79820231577463,-12.5255405895955,-14.6322871811447,-14.1278770614633,-10.9651079918355,-20.0452794632523,-10.1375
2014-07-01,-4.06335026958398,-7.05899645505069,-18.9264495671466,-21.6327602199983,-19.924594638611,-16.9524220235478,-3.08350448859174,-21.3466530011362,-3.52262154472558,-15.8978687225954,4.79572419106317,-15.9539587697581,-37.3735830312715,-22.9740535358617,1.81906390978554,8.21545321794936,-0.139708068312592,0.203237573934039,-0.937059873502372,-10.2124637668918,-18.8267697815156,-18.9224891478581,-8.50159074517638,-20.7246574771177,-10.2125
2014-10-01,-3.02594777812654,-5.90824789113091,-18.2367079353545,-21.9034641976406,-20.5235325788803,-17.8340461087931,-13.8151644006157,0.315561655402419,-17.5983641845377,-30.4776730109465,3.43526947248145,-17.0626106865519,-37.3426973266657,-21.4841256850522,3.79012735324008,9.67260201250248,-0.216508564414731,0.199830057835754,-0.449334186597579,-8.21438731703749,-14.6133304481434,-22.9593868501608,-12.2984786704026,-20.8297591228305,-9.8125
2015-01-01,-5.48662797208682,-8.32871243397429,-21.2644416861642,-25.9905484823058,-24.9771586583754,-22.6102858943066,-27.9581705160441,-17.4579755951011,-66.9417703038905,-15.6505632351661,-2.00149394262758,-22.1021457117151,-41.0792745256275,-23.6249852327905,2.2406848510274,7.74106045768821,-0.44007625829463,0.511163147509051,-1.24114281344115,-9.52402471493799,-14.3547143677424,-21.7704986271254,-15.9737099584701,-24.7304950526364,-13.69375
2015-04-01,-2.93422057346267,-5.6470074340361,-18.928094300191,-24.6092160494292,-23.9454447617577,-21.8913658806462,-13.9984206709625,-32.5409081988407,-30.8536115434099,18.5036872153616,-1.93953445065176,-21.6534479459243,-39.3806720846876,-20.4665215771079,5.77924479391145,10.6653889866959,-0.556804132550784,0.171124294407171,-0.687731573039295,-9.81642547929435,-14.0849520990421,-18.7004082568132,-13.3234050291151,-23.1875432265302,-12.06875
2015-07-01,-4.42562301717834,-7.05511095298834,-20.7483686323328,-27.4348639996743,-27.1454081392675,-25.431974659145,-9.77840160014044,-10.0156682686689,-21.4106300501084,-31.5466858529258,-6.27965009208103,-25.496091109627,-41.8605746236776,-21.4128674906889,5.25488236233788,9.58986268383271,-0.336304975343494,0.198680834920067,-1.77372939923416,-13.296398952628,-16.9365577623826,-21.0639808565585,-12.0729633496152,-25.8411619407364,-14.3875
2015-10-01,-3.12065854814009,-5.62323821691608,-19.5701199345816,-27.1984124903714,-27.2768590326236,-25.9039259415095,0.387708126297284,-7.53450335678968,1.45827806638451,-38.0885551128671,-7.59001274968126,-26.2840527464565,-41.2928498296299,-19.3889420869018,7.56521563622219,11.2119998854072,-0.687640512313336,0.13968817329413,-1.78812027462579,-15.5755728196636,-21.3941057666368,-24.3092472943948,-13.0173774344284,-25.4477328855246,-13.55
2016-01-01,-2.00765703166142,-4.3472938705783,-18.4002353645804,-26.9050053975955,-27.343853040869,-26.3102504308074,-10.11247431298,14.8418011250112,-13.1133097605097,-52.0045871015286,-8.87135651234011,-27.0195329082892,-40.6814547552965,-17.3979042486762,9.714820321488,12.5540505604425,-0.3058302066706,-0.119530849334582,-0.995867705477992,-14.5369590930206,-23.0035332286761,-28.5409413087996,-15.1968955816524,-25.0121546330345,-13.01875
2016-04-01,0.366000888518712,-1.73461685622219,-15.6363406440029,-24.8899998201524,-25.6639934059039,-24.9523701851674,-15.3461613723216,2.04194322542891,-29.760155718928,-2.53139361392437,-8.36341767640769,-25.9912610044114,-38.3812123437902,-13.8729925400521,13.1861499584081,15.0132396622736,-0.152424064642089,-0.103714809552424,-1.24683818502864,-7.21946909810818,-18.8191777662607,-26.7191211910493,-18.2030185294233,-22.8829372652012,-10.80625
2016-07-01,-2.06157065651571,-4.00799556085168,-17.8984784829225,-27.9619111820612,-29.0963693133407,-28.735047759995,-17.5444368510106,-14.9269783468697,-5.25924663736238,-17.4596749079115,-13.1495005875441,-30.1395426632804,-41.1362501309989,-15.3105561136421,11.7806565555015,12.7343875059521,-0.385885986627825,0.30511516599656,-1.57115962483129,-13.0710486370781,-13.8406846189168,-28.779605976995,-20.5838553565776,-25.8260933341628,-13.9875
2016-10-01,-0.118865383656541,-1.85465603960601,-15.5236384752597,-26.2828734189075,-27.7552082739458,-27.7292068167099,-10.1222109413709,-28.9374372284036,-3.28763647400272,-26.6051094010506,-13.1351176983435,-29.5013858985776,-39.1656650090572,-12.1581587430513,14.7814353479803,14.6941465278727,-0.714101117780903,-0.0103644593353257,-0.784406034695376,-8.90038435476584,-18.9924775632068,-17.9117066700555,-18.6572810467055,-24.0429825930376,-12.3
2017-01-01,-0.0820679321184485,-1.6146393951399,-15.0065117755421,-26.4162290153446,-28.2216144358103,-28.5318421281743,-0.887254066806008,-15.1398149469476,18.6099682638082,-17.8182134339778,-14.9797538956932,-30.6864605316763,-39.0096690592795,-10.8650602132554,15.8540003584025,14.6964460022607,-0.223252333071567,-0.18490181152663,-1.27402737692785,-7.93305165966537,-14.0112070279403,-24.2781165600438,-12.2100883399613,-24.0809936210731,-12.2375
2017-04-01,0.348905910112521,-0.976639331241017,-14.0078898073957,-26.00419358618,-28.132039444803,-28.7740741906577,-5.90620889516302,-4.35215084403795,2.16340423320962,-32.3937751101918,-16.2950051200364,-31.3213141607384,-38.3153540923648,-9.10207957827173,17.3034836596948,15.0223935155564,-0.464641972964419,0.0505337942138449,-1.99403872460662,-9.82960835467917,-13.5279402127382,-18.9950672712066,-17.492507123498,-23.586288550769,-11.825
2017-07-01,0.925479343372785,-0.185702977324013,-12.7636942688209,-25.2729170941103,-27.7091475777994,-28.6752429231427,-9.3987780800565,7.10680236304135,-12.1526890526652,-4.79627894425005,-17.2879094900371,-31.6220160329903,-37.3106618705987,-7.10921243845925,18.8806407341974,15.416660391425,-0.364709329184444,-0.120882076415752,-0.87245068790158,-11.8290277205959,-15.7794149047922,-18.3355960347433,-13.106340566606,-22.7868934622435,-11.21875
2017-10-01,0.566286455002256,-0.355295634021672,-12.4691719658284,-25.4533242447587,-28.1927632541925,-29.4830517296082,-12.9045767480635,-7.41790444591032,-27.7081095768774,-15.9086878836263,-19.2380061264272,-32.8433569088515,-37.2160752375412,-6.06158212676334,19.4681591095971,14.8306495051541,-0.431164655697908,-0.027036888107561,-1.54550991264573,-7.89253540521611,-18.3734166509168,-20.7661903368593,-12.4999685954567,-22.9055611878947,-11.7125
2018-01-01,0.985973191006622,0.253871984687095,-11.3271992275484,-24.7165385425378,-27.7446293770679,-29.3505898294564,-12.5252847715454,-16.0457305183311,-12.2993501410267,-4.36255867990343,-20.265108845412,-33.130138812345,-36.2106196021685,-4.17920323950631,20.800757423603,14.9492310881658,-0.509005143069136,-0.107491866011763,-1.27571413583857,-10.0538863126282,-13.0619677711767,-24.1322375593976,-14.638816355981,-22.1204387108138,-11.26875
2018-04-01,4.33733615454803,3.89136576063557,-6.84333505787427,-20.4411667357609,-23.7076421085858,-25.5880969223981,0.934995411107309,-13.1032759876163,1.2071021587484,-13.8236861266755,-17.5487238219895,-29.7591490790223,-31.7023310713589,0.970951434016328,25.1317272514493,17.829684317423,0.0413632412354428,-0.403748886130077,-0.431382231630494,-4.45873842430426,-13.0200310479024,-14.7278003578771,-17.0461559717923,-17.8378488896789,-7.21249999999999
2018-07-01,3.32211335318462,3.11441997228488,-6.81684028220072,-20.5938356417405,-24.0926053003828,-26.245940585593,-3.90690246197964,-5.85431561907846,11.4921759595634,-24.2370819254649,-19.2945218048359,-30.818844562924,-31.6158489146974,1.67567965040027,25.0070284066195,16.3212629031543,0.179324394510997,0.101091270859801,-1.04486462282162,-3.97572314411809,-7.16419650288718,-15.6829748956109,-11.6421898238889,-17.9862917347008,-7.63124999999999
2018-10-01,2.75601842489685,2.75140930183521,-6.39496953594634,-20.3083282947487,-24.0289148270828,-26.4493436635837,2.47632189329951,5.82408606545171,-3.61796965294994,-19.2389477831513,-20.6116126275306,-31.4301352245319,-31.0883693519237,2.77847739257318,25.2484557252794,15.2188230564728,-0.467836459900469,0.261589393987927,-0.413216706820337,-5.54349088410337,-6.82174586357268,-9.28394853493485,-12.1919600807791,-17.702824379203,-7.61874999999999
2019-01-01,3.04129611883708,3.23187108061538,-5.08615378668125,-19.0606502936436,-22.9829236188294,-25.6556625242276,-2.65148187852486,0.0592380588963124,-11.7990342210077,-3.58037287485134,-20.9211260904044,-31.0403568596352,-29.6025735528797,4.75462131410846,26.2842945993204,14.8972199249688,-0.309136066442198,-0.195955920132785,0.0081793269227713,-2.60705976869112,-7.92425048955334,-8.3902806929733,-6.90680280608593,-16.4707513652567,-6.89999999999999
2019-04-01,4.3205990910304,4.73139391034636,-2.63514988120554,-16.5529053533105,-20.6440766010538,-23.5425247223438,1.21816157665921,-3.03353960248775,-9.67525280830445,-10.3003336378006,-19.8517425431711,-29.3130220178661,-26.8679658782922,7.8411170217099,28.2936386721712,15.4731919579287,-0.0146922209369207,-0.211420370089364,-0.841683814021815,-0.455895085282346,-3.50123288615299,-9.06946846822993,-6.71961969274886,-14.0014354359426,-4.81875000000001
2019-07-01,3.96764190454023,4.56989987661693,-1.85893886256945,-15.6658464098098,-19.909383728923,-23.0212665175985,-6.46542106347361,-6.77843675278773,-1.95180139427829,-2.60615621505625,-20.3705842743189,-29.1741023359044,-25.7519683481243,9.24822605504362,28.584102847255,14.3683580636339,0.0441212609750421,0.0229406619917676,-0.667761518371454,-4.46106275310642,-1.37178667785252,-4.41015219306526,-7.11552819416046,-13.1611138614314,-4.55625000000001
2019-10-01,4.15639480154739,4.93884692275302,-0.528683918394037,-14.1511139867616,-18.5242997629918,-21.8314160606893,2.35904227328234,-5.26562033847038,10.4106692556692,-13.3014413995769,-20.1920319950777,-28.3554962166624,-24.0093625410548,11.1952263439715,29.3471291236239,13.7422096349787,-0.132586721553915,0.0515795409278947,-0.100543279882227,-2.47731509589234,-6.3939385695121,-1.93145297857984,-3.380298691845,-11.7058531113926,-3.66875
2020-01-01,7.492104144883,8.54797914583956,4.32694857445748,-8.90468570087626,-13.3474559954628,-16.7973133451035,4.56036723654321,9.99579209474915,8.29036401695092,-12.3016150222957,-15.9982386680879,-23.6392949596467,-18.5563924779938,16.6035656539481,33.3192583898992,16.1265157510084,0.360971437957581,-0.319287020357122,0.924183464556469,3.68790689510333,-1.45455172082303,-6.19067830484498,-3.31976481608509,-6.5607921387182,0.987499999999997
2020-04-01,7.35318146477644,8.66147079555952,5.69119137981335,-7.07504199392487,-11.5616527182889,-15.1322306388446,10.0945705564499,7.57340293529749,4.847663087597,1.5295226811036,-15.1214723618091,-22.2723270081752,-16.5182627486479,18.5080233344181,33.7340963983374,14.989187638924,0.667636598277005,0.0713437369776447,0.419781151387227,6.21226175770091,6.54246333547359,-0.311887541305003,-7.14751692598231,-4.84423982515473,2.33124999999998
2020-07-01,8.75658756961785,10.3459652011731,8.75281061175484,-3.4108737081437,-7.89743108981776,-11.5497997280969,9.47507863685499,17.5403024033587,4.77421900400557,3.63777269795183,-12.2030447761194,-18.9456430471405,-12.6516613280473,22.0742988802002,35.6702562072142,15.3112747809171,0.397921694292548,0.240731452065928,1.5828060138049,7.28019016978185,10.629544191517,9.2654489628584,-3.41505879145141,-1.31874982044286,5.29374999999999
2020-10-01,7.68418722671841,9.5007407358077,9.20234334883074,-2.32177153253771,-6.79046923376471,-10.5088135746143,12.0260271786921,11.8392767388219,6.17578669755345,6.92938269213791,-11.7922811684154,-18.1447848549284,-11.3515993755013,23.0257490929325,34.9961773714793,13.1278363517309,0.477887203332589,0.158899526469623,1.85136169579002,10.4090010349233,12.2195153653554,14.1596421515133,4.6774532595469,-0.371417388632736,5.73124999999999
2021-01-01,10.2525965567742,12.3617229438933,13.5702246699604,2.86866029236617,-1.52360220934492,-5.25470534467586,18.6416057414746,19.4319622294822,21.5180104276907,6.44936156694685,-6.97746671218846,-13.065534885856,-5.95875915138853,27.8445217928719,37.9883205574434,14.4816632871686,0.598456923277159,0.0345042576885291,2.1508296921887,15.8649209128334,18.7443416962967,17.6175520099064,7.14027661154486,4.64156209593146,10.24375
2021-04-01,6.40066924967932,8.6554375742454,11.0476741968409,1.08964804544941,-3.23783716951769,-6.9915709416137,16.8987819038756,8.81817774683122,15.088323395575,4.02893043587829,-9.21761808171544,-14.9917726215802,-7.51356336568945,25.7998898760103,34.2866618077761,9.43464567335423,0.504241239264672,0.40101656257661,1.11439895939082,9.2981411323878,21.0204307848387,22.3647944153737,10.9018115040186,2.70794164032058,7.70625
2021-07-01,6.53586024811472,8.91960013367047,12.4805919059566,3.33223909563337,-0.902380001448805,-4.65239485637908,11.7613528396146,18.8842949111832,23.8147653565429,8.45570223389389,-7.29547584887614,-12.8084661029934,-5.04162677126988,27.6891696181844,34.4749774476024,8.31719658041726,-0.164066395332856,0.233186884651871,1.45764037025045,8.37881620559304,14.446740165661,26.33560442624,15.3608997080157,4.78532874705999,9.175
