"date","c.hp_r20","c.hp3k_r20","c.hp25k_r20","c.hp125k_r20","c.hp221k_r20","c.hp400k_r20","c.hamilton13_r20","c.hamilton20_r20","c.hamilton24_r20","c.hamilton28_r20","c.linear_r20","c.quad_r20","c.poly3_r20","c.poly4_r20","c.poly5_r20","c.poly6_r20","c.bn2_r20","c.bn3_r20","c.bn4_r20","c.bn5_r20","c.bn6_r20","c.bn7_r20","c.bn8_r20","c.stm_r20"
1995-10-01,-3.64401507204204,-2.94348053334407,2.6127571912234,7.03875440739127,7.92499685430391,8.51432228716457,17.9846953278673,12.489860020476,10.2814471079767,10.5799603768436,9.18085668958224,-3.82397824280427,-6.97972255798141,-5.84550146442666,0.47059655046143,3.18476095451209,-1.2035451472978,-0.187439670865885,0.983588126392632,1.88229274431261,1.21884700026317,1.0181846334159,0.448459583964473,7.71583854291193
1996-01-01,-6.16104190769934,-5.76865296116904,-0.873059306098021,3.51674651970415,4.42708179651839,5.03795994034462,14.3087895203778,10.0083954983321,6.09803343089585,6.08873200602876,5.7410138248848,-7.10273617511521,-9.29937079049981,-6.98297952047952,-0.0860428990845961,2.36517160584497,-2.71862554310751,-1.05773089423909,-1.24153936024776,1.97646647463064,2.12653747440676,1.98249346392781,0.601952791524881,4.1820526285352
1996-04-01,-7.55587910480107,-7.51079549670586,-3.44632668967371,0.809008677989262,1.72608934475168,2.34759328916585,11.8300345943711,7.83564264128967,4.4740134527305,4.23935297765453,3.07440476190477,-9.41304945054945,-10.478200965701,-6.92715518312529,0.48179742776982,2.59356456899618,-4.05629431810593,-2.60871993434364,-2.87118079958025,0.579559001608174,2.6221382991688,3.40725924417188,1.52500228822861,1.46906531696187
1996-07-01,-8.34218768814132,-8.65989346410981,-5.54627300936733,-1.51052117855127,-0.602849395843016,0.0189120908538598,9.12713894308618,7.22093912846228,4.40440399224024,2.68648855821493,0.75692307692308,-11.2202622377622,-11.0495564137355,-6.29717564864897,1.47141778064841,3.09874490563194,-3.51306477443445,-3.96855259222733,-5.02788535650401,-0.571693502421526,1.3035026557368,4.21512044220395,2.88442243657813,-0.848897469289206
1996-10-01,-8.62443571435318,-9.30010669321955,-7.21074272317532,-3.46639329442706,-2.58292848526466,-1.97060783526805,6.6101693467355,6.15159328395428,1.83617720922305,2.75901661563946,-1.23356643356643,-12.5824026719549,-11.1264910331109,-5.26720424668285,2.66321327029585,3.64246909403077,-3.28557255611743,-3.48140018910099,-6.91116196513668,-2.26318372304144,0.213916570216425,3.56702706568079,3.48306081312387,-2.79658804113787
1997-01-01,-7.69796324216414,-8.68344985283023,-7.58261860069037,-4.15696042129449,-3.30478826828197,-2.70663462361245,5.40408261723514,5.64683273211601,2.1925948224208,0.594399625378834,-1.97666214382632,-12.6794716258281,-10.0216374532823,-3.29237490760573,4.47795273446867,4.55348388717194,-2.25404560814248,-3.12511971599687,-5.22087354202355,-3.67582368265818,-1.34211991542219,2.53484116499372,2.57037519474118,-3.47705071902548
1997-04-01,-7.42478353725599,-8.69080276428302,-8.58433459663713,-5.52565679952993,-4.71669111358834,-4.14085049485946,3.8226443364555,4.51123480774145,1.32278856854091,0.177372058412352,-3.428797190518,-13.4178035652937,-9.57006527464976,-2.10158759174122,5.34228862889904,4.45921060016892,-1.59596733069926,-2.21279944789468,-4.87176902731003,-3.01505949070853,-3.4196315692006,1.10916011386646,0.901262877418671,-4.83020680582155
1997-07-01,-7.99975842001634,-9.54380221395307,-10.5002270856825,-7.88894826209959,-7.14258108883232,-6.60254837500759,1.20430924595715,4.3357231399672,0.27830039282145,-2.19164131662598,-5.92685421994884,-15.0644135915236,-9.94822541386428,-1.75486383775802,5.34161847728583,3.60368242147927,-3.29799417182801,-1.62534628570352,-4.44538659462593,-2.73283208373708,-3.32217148225182,-0.4608923700533,-1.73548226384377,-7.16705281492842
1997-10-01,-7.40121251328352,-9.18143998536678,-11.1663785204884,-9.03852474491062,-8.36619813254012,-7.870342872428,0.282786241977782,3.0499005515554,0.292886179994767,-2.30903213098116,-7.24314699792961,-15.4845315370484,-9.14713546982374,-0.387234012239681,6.19141965745791,3.54251155957034,-3.88389168580009,-3.37450320583533,-3.53661443511043,-2.25874447094575,-2.6671055988731,-0.16183933106113,-3.45866896597898,-8.28518790172062
1998-01-01,-5.87788219629245,-7.8212745189339,-10.7118665350557,-9.0616365475533,-8.4666800010099,-8.01797792517401,0.0816089408416687,3.29828439517933,1.05992902513898,-2.50065198162257,-7.44442655935614,-14.8254460093897,-7.41368641070164,1.65599437672554,7.46547657759465,3.78355744255373,-1.85177827608376,-3.78085280233261,-5.09261416123835,-1.82309519099423,-1.99059115548877,0.0407822302284279,-1.91621395793046,-8.27801128705921
1998-04-01,-4.20890027374011,-6.23770971896933,-9.88420394709384,-8.68962991862559,-8.17210299797544,-7.77135709402513,-0.123793509598137,3.85658624688356,2.08481867288089,-1.39367912570659,-7.2537558685446,-13.8346131584025,-5.51480959060552,3.61200296186595,8.4400519287118,3.66790888291685,-0.41690358425215,-1.82091725411107,-5.09493736957581,-3.32262192543296,-1.50843463455433,-0.00240460891678849,-1.03085823945425,-7.8792528527606
1998-07-01,-2.94045086285593,-4.99146937646587,-9.26419460704427,-8.50812861475088,-8.06912921665855,-7.7179391713577,0.229604859756783,4.11483430263117,4.10798349748,-0.783081620778447,-7.25981735159817,-13.0833549302727,-3.9861610925994,5.01224865817523,8.74805049461875,2.94616828075203,-0.129846379928692,-0.402104407054261,-2.43670236339756,-3.6237447029614,-3.25263594528161,-0.191289368249841,-1.07921033840996,-7.67348498522431
1998-10-01,-3.2996680355334,-5.36601983725717,-10.2630805456819,-9.98560995949107,-9.63897938627138,-9.34809553290123,-0.463063670154618,2.13464952043439,2.84811173133856,-0.273437682784021,-8.96623472787856,-13.9590818215476,-4.05498275492511,4.83307369767352,7.59991884574404,1.06150790406268,-1.51320047282357,-0.0654400914878851,-1.19544837100315,-1.29679572352537,-4.01310882395152,-1.3458796312023,-2.14938864563758,-9.11884175750792
1999-01-01,-2.71364110870417,-4.76040017237919,-10.2006500367058,-10.4022187870547,-10.1535984486297,-9.92821308569368,-0.278983953387218,1.71037877222015,2.79500396594636,-0.563549165586483,-9.632,-13.7940768136558,-3.15046941678525,5.53135552925019,7.31787179491369,0.162417643955045,-2.7509131620632,-1.48242073087004,-0.990762260844825,-0.297144738856966,-1.39749534276381,-1.68463311999046,-3.1927118336078,-9.5023532437194
1999-04-01,-2.02459908624446,-4.0160197071464,-9.90510863868478,-10.5759392684352,-10.4288521294995,-10.2728055601868,0.543628208991045,1.38356165479514,2.86400684297357,-0.0673268358765391,-10.0700350877193,-13.4160546821599,-2.11426839826845,6.25893997630164,7.05086327529916,-0.617838326548853,-1.54390514237196,-2.71760305898055,-2.66707798667341,-0.171486615166874,-0.266800648667899,0.126913277109445,-3.35939417302672,-9.64368110026354
1999-07-01,-2.62765871255959,-4.57347941068821,-10.922048463518,-12.0994883150411,-12.0684403952305,-11.9937142373804,-0.996695503013509,-0.243930139291543,1.59617267799003,-1.21400968951062,-11.9046138072454,-14.3588240706662,-2.3569792632418,5.75806375503238,5.70936679354411,-2.20983306566012,-2.37589697001197,-1.6049571878213,-4.89897604097762,-1.13645742107914,0.00582530036824448,1.47630629803092,-1.59744757800746,-11.1264388932847
1999-10-01,-1.93181393450041,-3.80170627912809,-10.514421034496,-12.1823042723593,-12.2698838641521,-12.2800718677098,-2.05460976814679,-0.444932757753893,1.30767801069019,-0.838593447600662,-12.3130869130869,-13.8947900201065,-1.277243326294,6.4787870357491,5.56454768859837,-2.55832350720044,-3.05291350294194,-2.44332428822025,-3.15260519372277,-3.00747587458511,-1.01897401994934,1.53182280152394,0.322061366794291,-11.1702529680719
2000-01-01,-1.17245478317119,-2.93600039909827,-9.90858283663457,-12.0416343442684,-12.248214260606,-12.3454047089008,-3.13756499193055,-0.287862785645231,1.49378332350426,-0.841377013910883,-12.5070756247971,-13.2477726387536,-0.108445430175369,7.18655879846966,5.38597353926742,-2.89353524748216,-1.36276924960068,-3.08707303650634,-3.83744942553025,-1.80292499758813,-3.1060064379543,0.554638230380736,0.226604107493087,-10.9939960204579
2000-04-01,0.260261680898914,-1.34632454431114,-8.41444010343303,-10.9524046780686,-11.2697563520765,-11.449712903433,-3.85003577354223,0.0384505096399046,2.40561036848266,0.529989712420829,-11.7371518987342,-11.725900140647,1.77347575269004,8.4367172955828,5.65993705190218,-2.80336726622943,-0.464098581745612,-1.36366364892559,-4.11164776289178,-2.66247536552648,-1.7287166210059,-1.30849379203041,-0.478157709930885,-9.87939755403639
2000-07-01,0.440487805113481,-1.00213689689535,-8.10128546438083,-11.0260732757199,-11.4555487194267,-11.7211422498063,-5.03242273369865,-0.386646941610046,2.04959905738427,0.501575496519081,-12.1425,-11.3912635501355,2.4182489851003,8.42577090203633,4.75460479411635,-3.73854524607055,-0.192656169794902,-0.447395835422851,-2.01471074938576,-2.90108340800772,-2.79494703429711,-0.569381649226527,-3.02608794181557,-9.92923278836147
2000-10-01,0.814574091570716,-0.453467053468916,-7.49807781245111,-10.8313502717362,-11.4016462307262,-11.7800783311342,-4.63177208565483,-0.114371543864682,1.88275044444941,0.490217176364428,-12.3826851851852,-10.5075045167118,3.61458484343881,8.48394308943089,3.84436429761737,-4.82624365717129,-1.26764093311531,-0.158135452787728,-0.86581484829599,-1.4324291758871,-3.26660768659059,-1.57558942143272,-2.16809815311035,-9.70933489114521
2001-01-01,1.25537724115524,0.172511129065121,-6.73591633857707,-10.4280887885055,-11.1275601008281,-11.6101771438482,-4.8485433062662,-0.328028312701303,2.13510895585371,0.269582941885613,-12.3943518518519,-9.44496160794941,4.87507558690046,8.46950893002904,3.01274095745297,-5.73768509663628,-0.763347975310832,-1.15201763872757,-0.646764419133688,-0.649026493294625,-1.53388745468043,-1.71079519433711,-2.89608050830674,-9.1924390035109
2001-04-01,1.02004241462922,0.108393669704071,-6.63720948115904,-10.6819454281647,-11.5137602635703,-12.1039139182076,-7.42932198844292,-1.18472067003833,0.975515619888252,-0.535445039924525,-13.0728703703704,-8.98736901535682,5.37303430524267,7.76914664076356,1.59384768309623,-6.90775556941594,-0.932800497159839,-0.86333332635133,-2.6327982707368,-0.284037953745847,-0.839675923782836,-0.320399076883802,-3.3626743200385,-9.35603048720883
2001-07-01,1.76843268702576,1.04473226244229,-5.43573206705938,-9.77441856102783,-10.7261837146224,-11.4149758493593,-8.86507977632391,-1.11734506529029,0.874162483314155,-0.613479841859039,-12.5711111111111,-7.3774401535682,6.78806532362513,7.95631013212741,1.04590176743922,-7.02436179789882,-1.09864002799834,-1.33193250744032,-2.03984760757091,-2.20660058828281,-0.238276217793419,-0.0365022515719487,-0.813334261407864,-8.25755061658989
2001-10-01,2.32709141199108,1.80052236341245,-4.32563013861275,-8.91630161679494,-9.98268671079967,-10.7671459137986,-9.28026427183967,-2.364184888128,0.503283910654584,-0.487954344978668,-12.1216666666667,-5.76395438121047,7.86193309824665,7.97319685245049,0.13901906686139,-7.03388009066981,0.268466439824188,-1.20236731207358,-1.96623616133704,-1.63369219999699,-1.96683602410696,0.122708395855387,-0.379409451493075,-7.11335492168284
2002-01-01,2.16163947998561,1.81585497089485,-3.92082182052608,-8.79035216455482,-9.99295253248748,-10.8923916209706,-8.00331341174597,-3.51303830833919,-1.77819264573443,-0.909283913089588,-12.4189814814815,-4.72342479674797,7.96159907924381,7.4612798756,-1.64450245266171,-7.02711485383698,-0.299169261945435,0.0928900233430743,-2.03839112295598,-1.24310724154465,-1.64841507361356,-1.04999896278841,-0.331351612044624,-7.12177897928325
2002-04-01,3.18023770336727,3.03720161678865,-2.19563522365825,-7.24124455634086,-8.55016112893588,-9.54122782501656,-5.90124391942343,-3.9825299336712,-2.69730680606221,-0.505266511128532,-11.2096296296296,-2.40363934056007,9.24459186338851,7.96935363404845,-2.36338794041229,-5.78377650881598,-0.00245723433980586,-0.322912748253128,0.229335975493922,-1.93443606653562,-1.30661365118801,-1.44296935713428,-1.54699769656831,-5.67282274312664
2002-07-01,3.36374611583086,3.4170999982403,-1.26354978779998,-6.43299310335786,-7.83514152721347,-8.90803589285983,-5.89381925015602,-5.40581510654237,-3.87938544640779,-1.2458544420288,-10.6760185185185,-0.902763098464312,9.64146210859699,7.58444815848764,-3.86823559341865,-4.98027347004599,1.05370238443844,0.0101105883491698,-0.0514845245937071,0.0682517361612505,-1.96059846132959,-1.20963419440903,-1.8716328556868,-5.16261714704345
2002-10-01,3.51534641555782,3.75691509201439,-0.337569864555935,-5.54307602772021,-7.00732428960483,-8.13681635341165,-4.42159016918999,-5.56273495237361,-5.30708189137616,-2.19219001497781,-9.9687037037037,0.485479900632345,10.0634306875197,6.97400081355232,-5.17032872123031,-4.01590015240416,0.347858300336946,1.15859882621038,0.334555799446124,-0.160503656473145,0.223786471263117,-1.73575266146314,-1.35805879583483,-4.54145196926561
2003-01-01,3.15844652515029,3.56258177044834,0.0397721783956975,-5.13378099440369,-6.63285763148946,-7.7964349256927,-4.47612360659613,-6.43036016843872,-5.77851719120087,-4.63192310594604,-9.67925925925926,1.23287940379404,10.008084805346,5.7078711866436,-6.60804253839919,-3.28134741881959,0.148807094435228,0.38848044415673,1.96252659818515,0.330279631964825,0.0723110385465574,-0.034135961202797,-2.21443084449437,-4.23582072668819
2003-04-01,2.80249734977106,3.34289090001299,0.377705575973035,-4.73989692583932,-6.26703872441344,-7.45955611544539,-5.52409281951583,-8.19845726625399,-7.17644265300262,-5.79706525315513,-9.3625,1.91377032520326,9.89323864563947,4.39869865641425,-7.76770275266593,-2.24467344777312,-0.357946604607841,0.166160310864638,0.565690343992012,1.84447961642187,0.493115418318975,-0.0307211911567342,0.252353633722036,-4.10795042338262
2003-07-01,2.9352277698231,3.60201213471952,1.20674810147814,-3.77113730309535,-5.29432735907267,-6.48952574613975,-7.27990709675365,-8.79045337362403,-8.70163507693088,-6.04510109221951,-8.40231481481481,2.99269421860886,10.3131534811332,3.37525440515447,-8.10817854072164,-0.828359171300022,0.0578313599816361,-0.32864701074532,0.53091844585907,0.441616101921935,1.92299456293263,0.00336484291975905,0.448765271358806,-3.18169769086508
2003-10-01,2.8957507612486,3.6736428031772,1.85246150975901,-2.96219201157812,-4.47659149035027,-5.6711341866906,-6.74395963981784,-9.22353423090325,-9.21330583005527,-6.76487653082468,-7.56601851851852,3.88559620596206,10.4771345000599,2.14206364754404,-8.38903189515621,0.458561829613341,0.607196749006695,0.215071058319065,0.0306803865345678,0.190230688905052,0.619609983264935,1.04952182839749,0.31285186807591,-2.57962974903857
2004-01-01,2.47994577293358,3.3419764080604,2.05479441540021,-2.54731592414923,-4.03087986719434,-5.20632221083813,-6.56676073486387,-9.52272254882032,-9.28264876541742,-6.21740807684246,-7.08657407407407,4.26702800361337,10.2661249877559,0.420336631077085,-8.59034677047113,1.30820117899863,0.278671618056279,0.750503301048557,0.497855431822896,-0.0393473949447627,0.445850629860051,0.161919393632379,1.77684400792368,-2.13502646146199
2004-04-01,1.9321790669585,2.84740471938175,2.0464953869394,-2.35247375878058,-3.80940612885732,-4.96941196855332,-6.89595398397576,-10.0856086235399,-9.86204469193251,-7.88739990145437,-6.82787037037037,4.46472222222222,9.78997235554685,-1.3698045569814,-8.60890382668879,2.09078847753995,-0.234810002542849,0.259768983146753,1.14426077174827,0.444936520430543,-0.13229427735065,0.292292303803842,0.332259949074997,-2.00244412529302
2004-07-01,1.45123210712176,2.39199312316399,2.02399408846849,-2.15404061164443,-3.57474642497132,-4.71117378538225,-7.1198288811254,-11.7837438491788,-10.7177605986956,-10.2433692864702,-6.56157407407407,4.63738708220416,9.30203540449059,-3.08257964105752,-8.20293089943053,2.8221341852777,-0.471711091326249,-0.212652832941398,0.302596199018571,1.04617493451983,0.422620935208999,0.0864130738331822,0.389526893542374,-1.67266530407723
2004-10-01,1.1140978626939,2.05853446358124,2.08639605099865,-1.89685913692146,-3.29367337698862,-4.41709588355974,-8.33365326057377,-12.4433898033887,-12.1133962875545,-10.9800264480736,-6.25064814814814,4.96003387533876,8.77282697184402,-4.50074593768035,-7.49751819809089,3.63474266739276,-0.316372044804085,-0.417515894961538,-0.761506422096398,0.479627498188036,1.05210149844634,0.411623527957159,-0.197133264335828,-1.46850926457025
2005-01-01,1.05953360736407,1.99680474594046,2.39819467781815,-1.37572166503522,-2.74312999812194,-3.8491185509403,-9.55989428203168,-12.8063797954435,-12.2549805273419,-10.7371465172936,-5.65240740740741,5.51913166214996,8.45182556785408,-5.60906396589078,-6.30501154626412,4.39367633828422,-0.0202396586556867,-0.439229499202198,-0.48226232934744,-0.405309252242768,0.432765436710753,0.838157072313506,0.463558253917694,-1.04497908407209
2005-04-01,0.752621593019573,1.66532622039769,2.38965480619834,-1.14429981474624,-2.4656226298996,-3.53990316767279,-9.87536228860615,-14.5973887583199,-12.4746430957708,-10.5757864900808,-5.33972222222222,5.72966011743451,7.82858599710495,-6.93996426083747,-5.07652227113397,4.55425081756935,0.0376850575300687,0.0167198429874051,-0.553543187814785,-0.508939565469999,-0.62400191960872,0.412008137114653,0.929793009560038,-0.553149268359345
2005-07-01,0.33025335092346,1.19820554016928,2.19822779713356,-1.15302435113718,-2.4525955285842,-3.51562189958407,-11.3489737676233,-15.4732345972347,-14.4164398792583,-10.9071252015487,-5.31018518518518,5.87245370370371,6.83374816338525,-8.07580953896897,-3.97009116971554,4.58074132428495,-0.348988727967763,0.175302156009857,-0.397326284141394,-0.476869291184591,-0.811252977578142,-0.210900567220403,0.324163988164691,-0.547816574418441
2005-10-01,0.704604835091036,1.53562026737488,2.82189018528923,-0.334187122974082,-1.60968757548165,-2.65994415843895,-11.385424853676,-15.0229495800239,-14.1463853661834,-11.9904197929842,-4.42953703703704,6.84043247515809,6.53449445478391,-8.30118448046941,-2.12659742588937,4.96329974942128,0.0762453391779367,-0.445752101015405,0.29481203365739,-0.646505978729693,-0.684259010994802,-0.521740249584223,-1.26359178129084,0.159054833420154
2006-01-01,0.748473302353062,1.54130150042596,3.09017267010453,0.17292836392896,-1.05739276962942,-2.07700271953057,-11.5871473505544,-14.0934841401231,-13.8820656845897,-11.9984866336495,-3.84574074074074,7.41555668473352,5.87006513860319,-8.78155528618545,-0.53258957078021,4.60885976682385,0.909047749240724,-0.0398522407591269,-0.421241547373699,0.0207816756365899,-0.608543338214981,-0.658189870406898,-1.61683724681822,0.932787963475452
2006-04-01,1.00626746285112,1.76745520601766,3.59007518777639,0.878957141655366,-0.324324667264765,-1.32901841129221,-9.5033213130502,-13.5643421984009,-13.9306346586962,-11.5350148381407,-3.08759259259259,8.33717028003613,5.17310091313765,-8.70420571173587,0.96256895268073,4.37122026764675,0.741877461531721,0.774668151529655,0.472456781946069,-0.58611934619142,0.0152131090148478,-0.801549907326813,-1.07402696247985,1.65358564367178
2006-07-01,0.789981264851132,1.51152154958222,3.57272486805555,1.06018345085953,-0.117049681489895,-1.10746720918417,-8.56803596317084,-13.5243585014335,-13.9999793834532,-12.8767422392297,-2.85111111111111,8.75253613369467,3.8798012102611,-8.8412600265561,1.86690946153578,3.65213802134884,0.691052911547287,0.640499952176341,2.12782680278287,-0.416401995564245,-0.867116959449494,0.0723124795766315,-0.690538491132008,1.81242173748669
2006-10-01,1.3186995801831,2.01785666025339,4.34505358641312,2.05018129886324,0.903939727552476,-0.0684798131280857,-7.79957735607699,-12.6265311581188,-12.8186094431041,-11.5938770898118,-1.76842592592592,9.94952235772358,3.25010110904321,-8.0424895380982,3.2067579788315,3.4722721140271,0.753507373874816,0.780893429580184,1.37018550259133,0.396108637284727,-0.382573597929901,-1.49147135353324,1.06092328921377,2.61526460172501
2007-01-01,1.15228285446564,1.82422382217878,4.38276300871117,2.33148762567889,1.23155751954618,0.290400604155174,-8.31152001940599,-12.7194023007753,-11.8618340980235,-11.1170970600486,-1.35685185185185,10.3377901987353,1.92491532525767,-7.78695602191967,3.77304165170244,2.58186280262214,1.52826327839449,0.293657661161016,0.91120197037806,0.952712693931361,0.950473309202508,-0.126221799427484,-0.85604210524373,2.80471621419492
2007-04-01,0.993314337495477,1.6335487063803,4.39318626602171,2.5846313344983,1.5337698772512,0.626507907316274,-7.21250364195303,-12.5996484867047,-10.4395773576527,-9.99307916817642,-0.946944444444444,10.6611912827462,0.562397176783008,-7.30881649905854,4.15785187778115,1.8045558473687,0.317743380596893,0.951964937940194,1.16611514958045,0.939984282873489,1.60293351357374,1.4996974772468,2.23836375625121,2.85243642925329
2007-07-01,1.48369488854891,2.10973960902669,5.08601384248725,3.58815025733824,2.61669852152146,1.76886716047849,-3.58338088886504,-10.969133430842,-8.81568393752166,-8.93831296471701,0.255277777777778,11.5850090334237,-0.106292595857703,-6.10222053525743,4.92147912709348,1.53075484402902,0.827869065273931,-0.0725911164544132,3.4893072940881,0.778287080123137,1.95017405181642,2.30234467119671,8.3098712178207,4.04319519973143
2007-10-01,2.0017135443577,2.63173160003096,5.87040301145984,4.62667552162112,3.70339602917939,2.88802382041009,-1.68034052784393,-8.52260498937207,-8.04159539691362,-6.93916002505954,1.52018518518518,12.6706199186992,-0.925025250051714,-4.5074767226085,5.08009523507725,1.61394559752577,2.90247837696657,2.17112618732222,2.1295353023458,3.1639085223089,2.19384113082426,5.93687441369875,1.41755557835126,4.34424333097877
2008-01-01,1.41217633128671,2.0285954319603,5.44952845842402,4.54308230655097,3.71632104585001,2.9753386604316,-1.37540599622456,-7.04040697956601,-6.89376561635935,-6.05486473425554,1.785,12.2444173441734,-2.51906117695716,-4.20321380372433,4.42506375574055,0.596623396145048,3.18726490349027,4.7739525255797,5.01825794302266,3.34114665752401,7.41381208623047,0.607087803728948,3.59482356970588,3.79936216688139
2008-04-01,0.749653945692263,1.331910495261,4.8527208728718,4.31293116634784,3.60691538547823,2.96194972402491,-2.09830120562646,-5.7593044462469,-6.58217974883654,-4.59752037903237,1.96712962962963,11.4480634598013,-3.97556404479708,-4.03988168119628,3.88713144143632,-0.403363045028435,-0.530852677814013,3.20519261410806,7.98010825751101,5.2509095149716,3.68197241557446,4.54943040610009,1.6790547153173,3.24630606462063
2008-07-01,0.922982112036102,1.47812332708152,5.08533035583342,4.95974737389662,4.40018722278554,3.87341279739464,-1.4491295360311,-4.42131664159515,-5.34999775458251,-4.58583901233559,3.07611111111111,11.3432802619693,-4.41723990814205,-3.14311058597528,4.15399032124045,-0.751795582395065,0.65017678018611,-0.439697839633233,5.83245532302555,8.63450993680566,4.82830167218604,2.05753384603196,6.85701221345852,3.81779800940831
2008-10-01,1.52049722421586,2.069779991025,5.79820749162143,6.0961254843681,5.68564847332174,5.27915603351135,0.676536223572818,-3.39102617403192,-3.78120942078174,-2.34854629430272,4.70518518518519,11.6806594399277,-4.37244533690317,-1.82100992044053,4.56992423704079,-0.795973631234872,4.31808753960042,1.07778126718853,1.91724687978317,6.51507096399096,8.81769377725991,2.15284561898343,5.28311948029925,4.71829315876921
2009-01-01,1.4847029036647,2.02888775424343,5.85658051305154,6.60212927732598,6.35661510301271,6.08437892379318,0.455865056494996,-2.70653775482232,-1.55165194134588,-0.390188274622126,5.73157407407408,11.2627337398374,-4.81424043055691,-1.20341562727873,4.35651205971675,-1.48140930165782,4.23701439496548,6.20454837994963,3.12060082884215,1.09510769770857,6.98135741723247,4.85513119561708,4.86860282750159,5.17173909870341
2009-04-01,0.543500862437206,1.05294929176182,4.88821759501397,6.03184915778519,5.94063189107791,5.79496337718358,-0.850636280138673,-0.526731891596679,-0.319638472786025,-1.75067578700675,5.65324074074075,9.79279584462511,-6.12856591678367,-1.3854955050554,3.31198183295911,-2.65019911457432,1.71087417758452,6.12147693586768,7.67080757698727,2.44264011569313,1.33229649991637,4.10574933030806,5.3125393181942,4.54752055420752
2009-07-01,0.258668408417556,0.725192658259203,4.52466159899839,6.05253919091882,6.11667185254016,6.09930376659053,-1.37169192003712,1.04163832087113,0.160971883388591,-0.295952292538562,6.14407407407408,8.90086607949412,-6.72592053852266,-0.884250484322017,2.85732736461519,-2.99662981736518,-1.32783692331676,1.90436915570664,9.2988249763242,6.20896198367745,2.83858201278045,0.432106852362114,5.26644964562731,4.71731253514078
2009-10-01,-0.374902381970358,0.0288999258902081,3.7326150290227,5.54753243406004,5.73100934278807,5.81248330323144,-0.557916038052539,0.998107225356215,0.0338437515695951,-0.0928726491875977,6.07018518518519,7.6311382113821,-7.72967844276836,-0.541042353696575,1.88795955702274,-3.20200014159962,0.207815960500629,-1.13918764109342,2.83272992883271,7.76886224782249,6.41622871354229,1.96258230352418,0.844833015666078,3.84547036737307
2010-01-01,-0.792677798530679,-0.463312728938938,3.07813076850611,5.20764484384281,5.53391364206716,5.73525951049658,-1.90667633192933,0.749796375452121,0.0874805047873934,0.570595536627263,6.18564814814815,6.33953816621499,-8.26311152468955,-0.185758004919347,1.33290168965327,-3.23428916257098,-1.40680074883815,0.311650058230988,-1.98072412011123,2.66814241745272,6.08229731390406,5.37399654208753,1.68329568039632,3.53908805545039
2010-04-01,-0.789237962439017,-0.531802235910821,2.83152517103232,5.2352009336435,5.69056883618781,6.00080859653511,-0.670080266570324,1.36936875675787,1.1639100952919,0.982463020394444,6.64842592592592,5.45801264679313,-8.31929103949674,0.580671330307734,1.06191243052845,-2.7713569284237,-0.488666391010244,-1.38643928730109,0.629454149455257,-1.13893646061732,2.95560874133294,5.38783714477262,4.89667582523881,3.44679858869494
2010-07-01,-1.24831915651005,-1.07465182367615,2.05049868154563,4.70731483512035,5.29217612794906,5.71278674920982,-0.776152879268253,1.5374423020142,1.38657214305365,0.135735649192505,6.5362962962963,3.98339995483288,-8.69621608384758,0.790319203643904,0.434428461494246,-2.67888921418806,0.291542341271761,-0.437589085117618,-1.02786138299355,0.68624292354619,-1.30379532677359,2.64037277581915,5.01388710424509,2.97955619019478
2010-10-01,-1.2676953233427,-1.17475190438567,1.69686693070845,4.56054233678529,5.25867090537357,5.77655631250123,-1.49915871076912,1.1289538875268,1.4776543058222,0.512587647689237,6.77675925925926,2.94882904245708,-8.57217199420991,1.40348065704557,0.156856587836746,-2.09808426278273,-1.37861071673012,0.414031469410762,-0.622873058428216,-1.02351300562166,0.654843108496439,-1.05310756837864,2.74758250894283,2.74205291274499
2011-01-01,-0.934874112097145,-0.907063975433665,1.72095472737887,4.79644505846963,5.6127740962397,6.23247408211163,-2.23466595954083,1.28102647758097,1.6098877318473,1.42651372358369,7.39824074074074,2.24363369467027,-7.93273010742155,2.1786234368368,0.22177626014949,-1.37797788963336,0.55316394605718,-1.20336527325244,0.786780367409372,-0.588486632372207,-0.830685465150509,0.263152494553762,-0.82638245131273,3.0207316971092
2011-04-01,-1.04756948063764,-1.08361427731916,1.28234648292382,4.53138732010427,5.4536537092613,6.16545104627474,-1.17103168317809,0.424037943783137,1.56395756860306,1.55604841969851,7.48555555555556,1.08346093044263,-7.65542446207594,2.42420841904203,-0.125872378402757,-1.08430491783493,1.48812503364832,0.548470208038849,-0.875466247083471,0.755903406504023,-0.509698991676753,-0.865171092672586,0.37394777565762,2.77144888097991
2011-07-01,0.245012372886297,0.193190378569344,2.39519580597151,5.85812806470667,6.89777058327139,7.71067401206375,2.10837939485284,2.67072410791186,3.0497012450689,2.99703122208275,9.16611111111111,1.47290876242095,-5.83753458277554,3.83134149062376,0.732592394125792,0.11062653436543,0.850515140820048,2.69360414971746,0.58177664702014,-0.119879622380966,-0.35395762493271,-0.905391030744868,-0.766840335189155,4.34105682950385
2011-10-01,0.153515357248565,0.0881615571106629,2.12739016459998,5.7387815769735,6.86788719457376,7.75860359926476,2.63767747245385,2.21930375130253,2.84815986838572,3.01274200391979,9.34148148148148,0.575864950316163,-5.438865869984,3.88822403434878,0.151703997561736,0.132431902341839,5.0435537050132,1.59900478946806,2.79827097174873,1.1014061370934,-0.240492261557331,-0.580187150593144,-0.57931062139807,4.25282496896471
2012-01-01,-0.802321216544886,-0.90818579484392,0.88843527864433,4.59299046934506,5.79715905238217,6.75474499832436,0.49700455705738,1.83653944594637,2.14411334210254,1.87693617171676,8.43472222222222,-1.28340672990064,-5.84454076468475,3.04403202239854,-1.00744450942652,-0.401856902825461,0.269425691634842,5.0058696025971,1.2769164692567,2.6350587000037,0.772532288847904,0.0202188399773792,-0.535572262285596,3.24016204894238
2012-04-01,-0.509219700797559,-0.642096495390007,0.936727377233115,4.70977608380868,5.9773576533185,6.99200225787921,0.252952179593649,1.8415449741915,1.81583962202609,2.37248032809935,8.75527777777778,-1.80751580849143,-4.96672130255438,3.35533407342105,-0.953631716408431,0.202107409318526,-1.95764147101742,0.483361796196872,4.20482445866786,1.74837196590896,1.99320597221925,0.444104507467298,0.0683328709407036,3.47249096914567
2012-07-01,-0.423345207438402,-0.576580156136572,0.79402318590628,4.61030361415554,5.93074171328976,6.99369529542072,1.56480111478716,2.24385871693548,2.47526471712498,2.52586030647101,8.82148148148148,-2.4801388888889,-4.26142303631871,3.37090632176401,-1.06670716342204,0.54234838056254,1.14921295485373,-1.86243843134191,0.471495209611685,4.49572427538596,1.015869576418,1.68556546433292,0.344604072884844,3.52043036669803
2012-10-01,-0.185336979563132,-0.347545211477005,0.840776342805583,4.67432972103839,6.03462708072631,7.13484673920647,2.5880911388083,2.14462906356754,2.23015989434122,2.26195317635731,9.01722222222222,-2.90764227642278,-3.38901426845593,3.45738972148755,-1.02751100048229,0.940274425028424,0.757013353844074,1.77047471692207,-1.70284217775871,0.949675193413862,3.48801466152768,0.73923504011727,1.13935466745173,3.67182128335055
2013-01-01,-0.470480174384047,-0.647832852347182,0.339313590226311,4.16058758961215,5.55073582002084,6.68018679601947,4.13039519333885,1.83876964877212,2.59807222971162,2.25451645296146,8.59314814814815,-3.85003161698284,-3.00881531546238,2.94381373733413,-1.33914031384602,0.828139226316068,0.920702851938462,0.924625896386395,1.53688592021622,-1.72803160678999,0.84343900491862,2.55354255881332,0.589492296514208,3.32613053993613
2013-04-01,0.271430851296159,0.106205079024463,0.962069132351729,4.76997717350885,6.18321440002588,7.3355655057908,4.54928679568659,3.32412886993382,2.99577523884011,2.99608592161199,9.26935185185185,-3.6026388888889,-1.59681092935427,3.34323955714453,-0.71302706281859,1.43929733055195,0.126438202764736,1.73367033924156,0.802506136969314,2.24388651401013,-2.05160717560967,0.711827100328723,3.09059313390726,4.0897436639994
2013-07-01,1.018400734,0.892612512698115,1.69197224424796,5.49440000311967,6.92707276199722,8.09850198414688,5.84200183355275,5.34020733183269,4.09535579328011,4.45636894494945,10.0428703703704,-3.18550587172539,-0.179491897127804,3.63553944776391,-0.148434386357877,1.77186735851246,2.40480937934727,1.27084747421833,1.54428911225713,1.43215630060833,0.84469567358869,-2.38519495166318,0.709989416947698,4.98580424710491
2013-10-01,1.51284757801246,1.44484336844302,2.24641617335419,6.04170622396348,7.48689961455373,8.67093404120573,7.09271289481677,5.39328736496834,4.64623225129642,4.67309334793968,10.6159259259259,-2.87152326106595,0.955326726962056,3.61079514535101,0.142771606111971,1.69861577907379,2.95443729002543,4.26559693887243,0.74099257665571,2.76092029183857,0.232870334589539,1.8310705589361,-3.06181360495092,5.69131617767924
2014-01-01,0.994932918794284,0.968559170896462,1.74708148323212,5.49918127615692,6.94274122156347,8.12767988773033,6.3679994081569,4.28806817721279,4.68556117697659,5.23213576044987,10.0496296296296,-3.54166440831075,1.01744794897748,2.6030763977318,-0.38493557523573,0.799154314178558,2.11894021869669,3.39176309629877,3.70577724474168,1.8873602715066,2.3401473796629,1.88759760434675,3.82824956186271,5.34192351703757
2014-04-01,0.798419948036063,0.806854991830228,1.56211087899418,5.2389401843674,6.66561774379921,7.83852120277931,6.48934182998956,4.94589686412197,5.06007781248116,5.3937305339504,9.72314814814814,-3.81496160794942,1.31856276052721,1.95344848227593,-0.514851137372602,0.296389007216476,0.229077689404775,2.98032601955395,3.99306041696606,6.63308302819308,3.04224171838961,5.44767535869872,4.21996450706576,5.22510998286719
2014-07-01,0.543527835166088,0.577369261968357,1.30012628295711,4.88035599179621,6.28074020313332,7.43369256668428,6.27924792384971,5.42842532721108,5.06964604055674,4.38253422350274,9.26037037037037,-4.10264905149052,1.49548192771085,1.26944648512745,-0.59897136129392,-0.216674616826019,0.742281126684899,0.520474368206157,3.46261869756311,6.99775345695279,7.12694684580552,5.07605686568593,6.93172142292986,5.06438572855233
2014-10-01,0.887153858784743,0.956324610512489,1.68750164826559,5.167287684095,6.53441643057349,7.66097855491492,3.20306690262764,7.69276152951686,3.48991093139202,4.34996233712864,9.41407407407407,-3.6562285456188,2.17843651026872,1.21044135893162,-0.171114565067121,-0.232181883771865,0.820421812128801,1.8361372272924,1.05515864003083,5.71884322285344,5.60222810626431,7.66026884714699,6.74471738366867,5.57762708441012
2015-01-01,0.662212591118283,0.757610813206853,1.49354740667539,4.83899348662862,6.1564727751104,7.24268531750106,4.16051246858165,6.7788882933365,1.78101314026762,6.84881462335511,8.90851851851852,-3.69364950316171,2.15602981029811,0.70856270610895,-0.339308322081507,-0.637122670016822,1.99836827151971,1.64107567217664,2.33623000652095,1.96783959262802,3.92855740099072,6.02261680497405,8.17846209325797,5.4095903564286
2015-04-01,0.787227949176497,0.911014629802416,1.67408122486727,4.87545596444927,6.13516399696074,7.17375701846609,4.86201133219728,7.35555786248037,3.46424794517274,7.78614832939953,8.74814814814815,-3.2873532068654,2.38083548285282,0.634311092608904,-0.255221811844869,-0.636892224100258,0.873248891784705,2.96326905129154,2.19155726229418,3.25166688651877,2.20483762942778,5.02636975615118,4.61996567768463,5.54677888967977
2015-07-01,1.6689088496125,1.84827681878345,2.72347735870675,5.81242527660706,7.01842738294243,8.01170849828647,7.68023785610537,9.16003172886472,5.89852695946396,6.92667699540787,9.50425925925926,-1.96797425474255,3.30059234226881,1.31166468040183,0.344057386888451,-0.0622354887649621,1.97573450454845,2.77096702118975,4.10527283271441,5.66935565110865,4.10643679765216,2.37786626762354,4.72002224070583,6.52912022539942
2015-10-01,1.37699373935281,1.60027870158098,2.57756725356346,5.54193155016011,6.68799157644858,7.63058713956215,9.34016359222929,8.5531228917302,9.42631212010432,5.08809016283719,9.05277777777778,-1.82079945799458,2.97735805008653,0.897635664609652,-0.204384981341015,-0.412200320305054,2.67817544323938,3.07008935711757,4.92850473181525,7.5032844969603,3.28714341065965,3.17471328041117,4.40237558934362,6.16057126476183
2016-01-01,1.43266357210609,1.69924689375165,2.78934907782048,5.65866089796462,6.75577721018745,7.65667955521582,6.83545569525772,9.2226132649693,9.00295478309552,7.46651289754473,9.01805555555556,-1.35252371273713,3.02047898912724,0.78807894178339,-0.353262696889949,-0.414291644406092,0.961004300853312,5.70495462876353,5.66691429747138,5.04333722222193,4.3495584679093,5.61740017577013,8.71667322274693,6.21299004576
2016-04-01,1.60504495445479,1.9179183154126,3.14154494396727,5.94361745339751,7.00087275841786,7.86733598966244,8.8930752123208,9.32385355297017,9.88052296750423,12.2899500793207,9.1787037037037,-0.766525519421862,3.18332805476649,0.761020980942732,-0.372489098751146,-0.328869079560675,1.82522140042277,2.92100850719108,5.19611123354836,5.95456306472772,5.39836942141791,10.7689532097355,18.7021996489859,6.43673705330361
2016-07-01,1.46715645266021,1.81886907676389,3.17026647645179,5.9195522196589,6.94268816388289,7.77943581071758,6.1205195514633,4.32333491454264,10.8874635306309,10.5065530137046,9.0475,-0.52478432700994,3.02920805171907,0.418276561530654,-0.620074845852379,-0.485758459695013,1.7437172724725,2.67029881298073,2.91178840149983,8.66118459685557,9.30543021802343,15.4676176281489,13.2104662319989,6.35812356309214
2016-10-01,0.924452713347158,1.29392692008864,2.73014633934524,5.42694964268514,6.41932102175193,7.22949352278422,4.43596995504464,5.46607968983207,9.57851666656574,12.0921861310577,8.44657407407407,-0.769098915989169,2.45145590492049,-0.29691122212428,-1.11020011658306,-0.869110901768266,0.887910572260937,2.14259514294855,3.60634551819967,6.33677095492597,11.8102755040478,8.30811969898064,8.79900286081936,5.90642203274513
2017-01-01,-1.1290467172961,-0.813212095178152,0.53695439954403,3.0940690058785,4.03259379160933,4.79843916900215,-0.552707945860043,4.39448839211494,7.52278383080611,9.48032905065869,5.94601851851852,-2.74542231255646,0.257345588315317,-2.29282305373254,-2.72641885731996,-2.04717843766857,-0.0857501245269936,0.351405163277885,2.39404406548848,4.19359941238498,3.1838385882079,3.85859764399853,4.11146098178716,3.56371246274458
2017-04-01,-1.86614101234845,-1.63174275087518,-0.440382595157551,1.94016205812625,2.81516379182846,3.52925087103279,0.774365580382344,5.7876499314099,6.17097485883629,6.90662382065142,4.61083333333333,-3.51303748870822,-0.654866240027864,-2.89650213319403,-2.91314642757218,-1.77719086370715,-1.94059292146077,-1.16980380831754,-0.0916414974484573,2.04855803227918,2.86474332472063,2.26575162003621,2.19465933496269,2.29936094531485
2017-07-01,-1.45426423133107,-1.28949783798642,-0.240395314862539,1.99433216569649,2.81833115591333,3.49106501268889,1.2378016101031,5.69696423364648,0.198875256161429,9.58586663398814,4.51287037037037,-3.15390921409214,-0.357421175215769,-2.45071287861475,-1.99303404435518,-0.736878811424774,-0.501987662140192,-2.76636618172853,-1.28519765587399,-0.33972535736289,1.53649439512871,1.47438967315107,1.66193225251969,2.31704475173265
2017-10-01,-0.452873002901001,-0.324626827234418,0.654080706907678,2.79036624758868,3.57762077137631,4.22025687079886,2.43790352115017,2.99120373297479,1.54133974721987,8.33899343036681,5.18833333333333,-2.11906842818428,0.568094655042934,-1.51975768929378,-0.674595781499811,0.391470314822577,0.603105917740052,-0.169589611673014,-2.15875479747858,-0.765695754145811,-0.720883627419558,0.366872103891769,1.09769145781785,3.15333910444845
2018-01-01,-1.56088318594734,-1.50465887045565,-0.693399586600457,1.2946094039081,2.03256531835709,2.63557321393725,-1.13836044302724,2.5642099154669,1.62563410254365,3.98064115893324,3.53018518518518,-3.30898599819332,-0.671816316757543,-2.55755243195004,-1.26840425947361,-0.270362654076003,0.812843402372186,0.584649656441633,0.00510091297333639,-1.28004804265071,-0.282976552169447,-1.11156759497038,0.202709972538183,1.74112439491016
2018-04-01,-0.812975763623754,-0.802645011566462,-0.10315892947569,1.7520307125596,2.44209547263917,3.00606420158462,-0.445618408753298,0.521621256617792,3.32413316738952,5.5668624501985,3.82972222222222,-2.53047990063234,-0.0885649916740121,-1.72818979168706,-0.257159601261677,0.633669683516651,-0.541709438908811,1.11254381335447,0.706055158518476,-0.0789400797926508,-1.00839401282717,-0.659057595899533,-0.534797235762589,2.262931458802
2018-07-01,-1.79592035715319,-1.86170562009626,-1.35776232864577,0.305436885923129,0.929489343119805,1.44005303607243,-2.99038103488385,-2.79371415195892,2.21703601169555,-3.7143826268434,2.19101851851852,-3.57242999096658,-1.30299724643833,-2.46276583297961,-0.871805892468231,0.160634455378897,0.286139868966764,-0.466499148496609,0.167234503429944,0.549370379491105,-0.0260093456958871,-1.09269691129536,-0.896777757592035,0.739398714726399
2018-10-01,-1.50225311986038,-1.6317966096896,-1.30996370131211,0.182238980536155,0.749270098893824,1.21396483590947,-4.38135671389708,-4.78032420918328,-0.373365398229559,0.233811673407786,1.89453703703703,-3.34851851851852,-1.19015928211491,-1.96568577834372,-0.280338831813729,0.740871712765959,-0.440006882867186,0.119513867105063,-0.560006579772951,0.232121048356726,0.42552002450194,-0.109432286990954,-1.17913922666415,0.609128838674835
2019-01-01,-1.39380657069317,-1.58011310208932,-1.4371652159539,-0.114215803973394,0.396980371892326,0.816857198180713,-4.12766912339887,-3.53388465201846,0.284945769449905,2.92337221492517,1.42722222222222,-3.30648938572719,-1.25194251259782,-1.63843429272644,0.0514307573030948,1.0524979486533,0.0415763138880883,-0.327770437563292,0.111697929156949,-0.708388155608993,0.126759206903018,0.326933327328607,-0.224874949006705,0.31678731494528
2019-04-01,-1.19609283436419,-1.4288304814778,-1.45021914916045,-0.300248916388874,0.15251840618199,0.525301064746202,-4.72019349061555,-2.97613105247567,-1.44205865608616,-0.401289755801947,1.08018518518519,-3.15382565492322,-1.21631713847259,-1.2060228719757,0.368082753459319,1.37558641306568,-0.0141932692836884,0.0480090081305961,-0.507382456344101,0.0493535333996111,-0.56379879195153,0.0425162864954305,0.215901465426935,0.0033381852803771
2019-07-01,-1.17107193668365,-1.44522371082478,-1.63455139634802,-0.637797348053745,-0.233007917417829,0.10167047951532,-5.45555313777509,-2.91480392724301,-2.78494247036373,-0.698813730208549,0.601666666666667,-3.22849367660343,-1.2709390407157,-1.01161964932903,0.555760436933561,1.40208278969082,-0.00357289240078722,-0.0234109428765491,0.0118642935131719,-0.535128614542897,0.0236965233530466,-0.228351163139662,-0.0590456536396976,-0.359913918456023
2019-10-01,-1.92432015688092,-2.26073661192302,-2.68301551011749,-1.87082255560047,-1.52053648046509,-1.22863374583965,-6.36841730907371,-4.70594595805956,-4.66631543858755,-2.37411322493329,-0.792129629629628,-4.18079832881662,-2.09145601375693,-1.53727151152034,0.109998826807427,0.84182425889486,-0.10848445909079,-0.0256163466700913,-0.221070364548076,-0.192056119658288,-0.247654230323536,0.085050816843654,-0.458367957545644,-1.60108011483474
2020-01-01,1.67366267989659,1.39813223591975,1.04195335234537,1.81962209389835,2.15339354335694,2.43139147826902,-2.34622694920382,-0.944988350558113,-0.976800068222111,2.02152680024053,2.83851851851851,-0.370204381210485,1.54786930921518,1.96959837996975,3.24993440684469,3.37236191848834,0.167822806303706,0.0427651776051672,0.334441114468729,0.193858222202014,-0.77216866932442,0.666343930381899,-0.505667053634338,2.13106205527474
2020-04-01,2.1941584612937,2.00151762666227,1.77567178774173,2.53863793075124,2.85784657993047,3.12283409198469,-0.188124583273492,-0.28506320197166,-0.571795511993066,1.4209884220523,3.51546296296296,0.469454607046075,2.09701031769354,2.40732952133739,3.18473992094636,2.85577085335015,0.213418008672667,-0.236102978462251,0.399579138987195,0.838340893089064,-0.523685606815334,-0.439663411663571,0.347582354291213,2.78766862114466
2020-07-01,1.12224538229562,0.979978996551459,0.811918869316379,1.53579677892684,1.8365674355035,2.08603327919011,-1.24939037007303,-1.83910433755689,-1.68531938647676,-0.772354729289546,2.45796296296296,-0.408223803071358,1.05463752027078,1.33054623643627,1.80068931232661,1.2397900355253,0.0162219675909522,-0.35637540914352,-0.0896415568949397,0.598834062231435,0.326834926558319,-0.370566107424582,-0.50196291763179,1.74810892813417
2020-10-01,-0.799037451226326,-0.953739906020239,-1.21576311811364,-0.59916513184951,-0.332149501954831,-0.109468609090449,-2.92827810578332,-3.66150542345732,-3.34787959190901,-3.73713016021648,0.222685185185185,-2.36107158988257,-0.866775938442117,-0.441695984479914,-0.0181025376814432,-0.526192016424275,0.34153891846561,0.284704131604398,-0.91047326317817,-0.521973871100855,0.522060695382515,0.606324529150722,-0.340722775044744,-0.396460989247821
2021-01-01,-0.878158166644042,-1.04842767441458,-1.41105337574545,-0.908511675600074,-0.677431411364893,-0.483273097350249,-2.54928380294684,-3.63348956957104,-3.45671904056795,-3.89148406092131,-0.184814814814821,-2.48841124661246,-0.938254481339996,-0.377101291344239,-0.00265080407713469,-0.459964746842005,0.195023883739218,0.842973753662835,0.140064015485777,-0.738710981547287,-0.619820346286856,0.378338233629124,0.502827667422255,-0.777084758377512
2021-04-01,-2.92029836917553,-3.17394371072731,-3.81313346254429,-3.49757337495819,-3.31657356181623,-3.16084514477464,-3.41924650630453,-7.42257151435347,-5.75278795121522,-5.89087338190046,-2.92398148148148,-4.85249887082204,-2.97099917284314,-2.15864304099868,-1.49639007648639,-1.79397719180384,0.0814815089134749,0.592568101167144,0.0183143872006972,0.93857539391335,-0.314650405101616,-1.0151082838238,-0.201171713230621,-3.32828375324089
2021-07-01,-2.8087696517865,-3.14237135288544,-4.05975856184522,-3.94161784182455,-3.81427256459013,-3.69984328784398,-4.80865217622596,-7.29194776557704,-5.77214586195849,-5.91817453861083,-3.52916666666667,-5.05276648599819,-2.84489791142892,-1.80257438969971,-0.921776807532993,-1.16292814613703,-0.213052478782545,0.450334977848439,-0.0898420393241916,1.08502250442579,1.46946014789086,-0.678239939279565,-0.685892030366956,-3.73413558389671
